종목명,현재가,등락률,당일_게시글수,시장구분,어제_종가,latest_posts,code
CS,1872,+30.00%,25,KOSDAQ,,"[{'title': '내일 종가도 상한가 2430원', 'likes': '21', 'link': '/item/board_read.naver?code=065770&nid=416861874&page=1', 'body': ''}, {'title': '요즘 상풀리는게 유행인데 CS는 철통이네...[1]', 'likes': '11', 'link': '/item/board_read.naver?code=065770&nid=416853140&page=1', 'body': ''}, {'title': '역시가 역시네![3]', 'likes': '11', 'link': '/item/board_read.naver?code=065770&nid=416843173&page=1', 'body': ''}, {'title': '종가 상한가가 확실하다', 'likes': '11', 'link': '/item/board_read.naver?code=065770&nid=416817640&page=1', 'body': ''}, {'title': '시총 363억. 이제 투자주의', 'likes': '9', 'link': '/item/board_read.naver?code=065770&nid=416888772&page=1', 'body': ''}]",065770
다날,7800,+30.00%,299,KOSDAQ,,"[{'title': '3상은치겠죠?[5]', 'likes': '24', 'link': '/item/board_read.naver?code=064260&nid=416818833&page=13', 'body': ''}, {'title': '내일 절대로 물량 털리지 마라!', 'likes': '23', 'link': '/item/board_read.naver?code=064260&nid=416883427&page=2', 'body': ''}, {'title': '화요일 상. 수요일 상 부탁드립니다[3]', 'likes': '15', 'link': '/item/board_read.naver?code=064260&nid=416871952&page=3', 'body': ''}, {'title': '■9천~일만원 뚫는다..', 'likes': '15', 'link': '/item/board_read.naver?code=064260&nid=416842765&page=7', 'body': ''}, {'title': '카페 주주로서 한마디만 하겠소', 'likes': '14', 'link': '/item/board_read.naver?code=064260&nid=416880786&page=2', 'body': ''}]",064260
제이케이시냅스,663,+30.00%,21,KOSDAQ,,"[{'title': '상폐시즌에 이런종목[2]', 'likes': '12', 'link': '/item/board_read.naver?code=060230&nid=416827077&page=1', 'body': ''}, {'title': '아 결국 올라오네[1]', 'likes': '8', 'link': '/item/board_read.naver?code=060230&nid=416833122&page=1', 'body': ''}, {'title': '거즌 6백만주 출현인데 낼 잡아먹고 올릴려나 ...', 'likes': '4', 'link': '/item/board_read.naver?code=060230&nid=416872360&page=1', 'body': ''}, {'title': '1000각', 'likes': '4', 'link': '/item/board_read.naver?code=060230&nid=416828356&page=1', 'body': ''}, {'title': '단타로 130만원꿀꺽', 'likes': '4', 'link': '/item/board_read.naver?code=060230&nid=416815603&page=1', 'body': ''}]",060230
풍산홀딩스,47250,+29.99%,275,KOSPI,,"[{'title': '한에 공시 냈으니깐 보고와[1]', 'likes': '30', 'link': '/item/board_read.naver?code=005810&nid=416830042&page=11', 'body': ''}, {'title': '아침에 5백만주도 상 풀렸는데[2]', 'likes': '17', 'link': '/item/board_read.naver?code=005810&nid=416862122&page=3', 'body': ''}, {'title': '한화에어로스페이스  공시 해석', 'likes': '16', 'link': '/item/board_read.naver?code=005810&nid=416853419&page=5', 'body': ''}, {'title': '전문가들이  상한가 3방 이상나온다보  썰까네...', 'likes': '15', 'link': '/item/board_read.naver?code=005810&nid=416857090&page=4', 'body': ''}, {'title': '지금 매매창구를 잘 봐봐[2]', 'likes': '14', 'link': '/item/board_read.naver?code=005810&nid=416859365&page=4', 'body': ''}]",005810
이노인스트루먼트,1574,+29.98%,73,KOSDAQ,,"[{'title': '내일도 상한가 2045원', 'likes': '32', 'link': '/item/board_read.naver?code=215790&nid=416875759&page=1', 'body': ''}, {'title': '부럽습돠', 'likes': '15', 'link': '/item/board_read.naver?code=215790&nid=416850951&page=2', 'body': ''}, {'title': '아직도 시총 634억. 이노인스트루먼트 분석', 'likes': '13', 'link': '/item/board_read.naver?code=215790&nid=416888667&page=1', 'body': ''}, {'title': '광통대장', 'likes': '13', 'link': '/item/board_read.naver?code=215790&nid=416848574&page=2', 'body': ''}, {'title': '두말하면 잔소리다', 'likes': '13', 'link': '/item/board_read.naver?code=215790&nid=416814938&page=3', 'body': ''}]",215790
한패스,19170,+29.97%,225,KOSDAQ,,"[{'title': '하도 씨게 물려서 상한가 감흥도 없네 ㅋㅋ[6]', 'likes': '14', 'link': '/item/board_read.naver?code=408470&nid=416866986&page=1', 'body': ''}, {'title': '저는 오늘 한패스땜에 주식 접습니다[4]', 'likes': '13', 'link': '/item/board_read.naver?code=408470&nid=416864508&page=2', 'body': ''}, {'title': '평단 47,000원입니다 ㅎㅎㅎㅎㅎㅎ[3]', 'likes': '11', 'link': '/item/board_read.naver?code=408470&nid=416817816&page=11', 'body': ''}, {'title': '보원케미칼도 문닫음 이종목도 상장한지 이틀됨', 'likes': '10', 'link': '/item/board_read.naver?code=408470&nid=416854459&page=6', 'body': ''}, {'title': '신규 상장주 손대다간 패가 망신(Feat. 에...[2]', 'likes': '9', 'link': '/item/board_read.naver?code=408470&nid=416869795&page=1', 'body': ''}]",408470
광전자,5790,+29.97%,232,KOSPI,,"[{'title': '내일도 상한가 7520원[1]', 'likes': '37', 'link': '/item/board_read.naver?code=017900&nid=416862093&page=3', 'body': ''}, {'title': '(내일 상한가) 젠슨황 1픽 주식[2]', 'likes': '24', 'link': '/item/board_read.naver?code=017900&nid=416881482&page=2', 'body': ''}, {'title': '빅테크 기업들  테이터 센터  전력비용 과다로...[3]', 'likes': '22', 'link': '/item/board_read.naver?code=017900&nid=416881969&page=1', 'body': ''}, {'title': '光전자가[6]', 'likes': '20', 'link': '/item/board_read.naver?code=017900&nid=416863730&page=3', 'body': ''}, {'title': '실리콘포토닉스, 광섬유, 마이크로 TAS', 'likes': '19', 'link': '/item/board_read.naver?code=017900&nid=416873693&page=2', 'body': ''}]",017900
진영,2220,+29.90%,100,KOSDAQ,,"[{'title': 'cb발행뉴스뜨고 상한가 갔다.[1]', 'likes': '9', 'link': '/item/board_read.naver?code=285800&nid=416879674&page=1', 'body': ''}, {'title': '지금 사면 대박이지', 'likes': '9', 'link': '/item/board_read.naver?code=285800&nid=416874458&page=2', 'body': ''}, {'title': '13:24', 'likes': '6', 'link': '/item/board_read.naver?code=285800&nid=416883876&page=1', 'body': ''}, {'title': '시간외하한가[3]', 'likes': '6', 'link': '/item/board_read.naver?code=285800&nid=416877645&page=1', 'body': ''}, {'title': '망했네', 'likes': '6', 'link': '/item/board_read.naver?code=285800&nid=416870687&page=2', 'body': ''}]",285800
모비릭스,3240,+29.86%,30,KOSDAQ,,"[{'title': '4년 연속 영업적자였어 상폐전에 물량 넘기기 ...', 'likes': '5', 'link': '/item/board_read.naver?code=348030&nid=416826242&page=2', 'body': ''}, {'title': '시외 한번 깨지거 보니까 오늘 올린 개미 내일...[1]', 'likes': '3', 'link': '/item/board_read.naver?code=348030&nid=416875396&page=1', 'body': ''}, {'title': '구조대 도착', 'likes': '3', 'link': '/item/board_read.naver?code=348030&nid=416845128&page=1', 'body': ''}, {'title': '뭐가 있나보네', 'likes': '3', 'link': '/item/board_read.naver?code=348030&nid=416831548&page=1', 'body': ''}, {'title': '낼 시초에 던져라[1]', 'likes': '2', 'link': '/item/board_read.naver?code=348030&nid=416878980&page=1', 'body': ''}]",348030
프로이천,2450,+29.84%,87,KOSDAQ,,"[{'title': '상풀리면 주포 매집이다 ㅋ[1]', 'likes': '10', 'link': '/item/board_read.naver?code=321260&nid=416855661&page=3', 'body': ''}, {'title': '애플을 애플이라고 말을 못해~ ㅋㅋ 공시...[1]', 'likes': '9', 'link': '/item/board_read.naver?code=321260&nid=416878762&page=1', 'body': ''}, {'title': '무려 애플인데[1]', 'likes': '9', 'link': '/item/board_read.naver?code=321260&nid=416857113&page=2', 'body': ''}, {'title': '추카드려요 들[1]', 'likes': '8', 'link': '/item/board_read.naver?code=321260&nid=416879589&page=1', 'body': ''}, {'title': '프로이천', 'likes': '8', 'link': '/item/board_read.naver?code=321260&nid=416857531&page=2', 'body': ''}]",321260
보원케미칼,11070,+22.05%,296,KOSDAQ,,"[{'title': '시외매동 알려줄께[1]', 'likes': '19', 'link': '/item/board_read.naver?code=0010F0&nid=416878111&page=6', 'body': ''}, {'title': 'ㅋㅋㅋ속보봣지? 내그럴줄알앗다. 10퍼 그냥먹...[1]', 'likes': '11', 'link': '/item/board_read.naver?code=0010F0&nid=416886823&page=3', 'body': ''}, {'title': '흥구석유,현대에너지솔루션, 흥아해운,태경 케미...', 'likes': '10', 'link': '/item/board_read.naver?code=0010F0&nid=416887336&page=2', 'body': ''}, {'title': '하따한 사람이 승자네', 'likes': '10', 'link': '/item/board_read.naver?code=0010F0&nid=416883039&page=4', 'body': ''}, {'title': '하한가에[3]', 'likes': '9', 'link': '/item/board_read.naver?code=0010F0&nid=416878245&page=6', 'body': ''}]",0010F0
씨엔플러스,404,+21.32%,25,KOSDAQ,,"[{'title': '하~~~[1]', 'likes': '8', 'link': '/item/board_read.naver?code=115530&nid=416870934&page=1', 'body': ''}, {'title': '오늘 깔끔하네', 'likes': '8', 'link': '/item/board_read.naver?code=115530&nid=416861052&page=1', 'body': ''}, {'title': '첫 상 가는 날.', 'likes': '8', 'link': '/item/board_read.naver?code=115530&nid=416855395&page=1', 'body': ''}, {'title': '■ 오늘은 5%~10% 정도 상승 마감 예상됨[2]', 'likes': '6', 'link': '/item/board_read.naver?code=115530&nid=416818077&page=1', 'body': ''}, {'title': '이제 조급한건', 'likes': '5', 'link': '/item/board_read.naver?code=115530&nid=416812087&page=1', 'body': ''}]",115530
남선알미늄,2130,+18.01%,298,KOSPI,,"[{'title': '시외 1970원에[2]', 'likes': '19', 'link': '/item/board_read.naver?code=008350&nid=416885553&page=2', 'body': ''}, {'title': '이란이  공식거부!', 'likes': '19', 'link': '/item/board_read.naver?code=008350&nid=416884409&page=2', 'body': ''}, {'title': '<속보> 이란이 중재안 거부함[1]', 'likes': '18', 'link': '/item/board_read.naver?code=008350&nid=416885946&page=2', 'body': ''}, {'title': '트럼프는 걍 명분쌓기야', 'likes': '17', 'link': '/item/board_read.naver?code=008350&nid=416885393&page=2', 'body': ''}, {'title': '시외 털린넘들은[1]', 'likes': '16', 'link': '/item/board_read.naver?code=008350&nid=416882277&page=3', 'body': ''}]",008350
디이엔티,5040,+17.62%,27,KOSDAQ,,"[{'title': '오랜만에 큰 거래량이 들어왔습니다[4]', 'likes': '8', 'link': '/item/board_read.naver?code=079810&nid=416848740&page=1', 'body': ''}, {'title': '얼척없네요[3]', 'likes': '7', 'link': '/item/board_read.naver?code=079810&nid=416857440&page=1', 'body': ''}, {'title': '지켜보자구[2]', 'likes': '6', 'link': '/item/board_read.naver?code=079810&nid=416843536&page=1', 'body': ''}, {'title': '상호가 얼마나 뭐 같았으면 ㅋ', 'likes': '5', 'link': '/item/board_read.naver?code=079810&nid=416860040&page=1', 'body': ''}, {'title': '아무런 이슈없이 급등하는게 좋은거 아...[1]', 'likes': '5', 'link': '/item/board_read.naver?code=079810&nid=416854314&page=1', 'body': ''}]",079810
기가레인,2390,+16.87%,291,KOSDAQ,,"[{'title': '시간외', 'likes': '15', 'link': '/item/board_read.naver?code=049080&nid=416879432&page=2', 'body': ''}, {'title': '기가레인  10년차트 분석,[1]', 'likes': '14', 'link': '/item/board_read.naver?code=049080&nid=416824419&page=12', 'body': ''}, {'title': '10년 20년 전세계 먹거리주입니다', 'likes': '12', 'link': '/item/board_read.naver?code=049080&nid=416862968&page=4', 'body': ''}, {'title': '오늘 못사면', 'likes': '12', 'link': '/item/board_read.naver?code=049080&nid=416811139&page=14', 'body': ''}, {'title': '그래야 이제 5배 상승 텐버거', 'likes': '11', 'link': '/item/board_read.naver?code=049080&nid=416884624&page=1', 'body': ''}]",049080
GS글로벌,3690,+16.40%,146,KOSPI,,"[{'title': 'GS글로벌직원인 지인왈!', 'likes': '14', 'link': '/item/board_read.naver?code=001250&nid=416850990&page=3', 'body': ''}, {'title': '물렸으면 냅둬 어차피 작전주 성향이라', 'likes': '11', 'link': '/item/board_read.naver?code=001250&nid=416847248&page=3', 'body': ''}, {'title': 'GS글로벌 주요사업 ㅡ 풍력,철강,석탄,...[2]', 'likes': '10', 'link': '/item/board_read.naver?code=001250&nid=416882019&page=1', 'body': ''}, {'title': '형님들 우리G글이도 휴전이 더 호재인거죠?', 'likes': '10', 'link': '/item/board_read.naver?code=001250&nid=416867892&page=2', 'body': ''}, {'title': '꺼억 잘묵고갑니다[2]', 'likes': '10', 'link': '/item/board_read.naver?code=001250&nid=416857315&page=2', 'body': ''}]",001250
미투온,3200,+14.70%,49,KOSDAQ,,"[{'title': '이번주에...[1]', 'likes': '15', 'link': '/item/board_read.naver?code=201490&nid=416862526&page=1', 'body': ''}, {'title': '어차피 난 6000원대라[1]', 'likes': '14', 'link': '/item/board_read.naver?code=201490&nid=416865424&page=1', 'body': ''}, {'title': '첫거래량터졌으니[2]', 'likes': '9', 'link': '/item/board_read.naver?code=201490&nid=416852865&page=1', 'body': ''}, {'title': '몇일만 기다려라!!', 'likes': '9', 'link': '/item/board_read.naver?code=201490&nid=416815584&page=3', 'body': ''}, {'title': ""'사냥개들2', 공개 이틀 만에 글로벌 2위…K..."", 'likes': '8', 'link': '/item/board_read.naver?code=201490&nid=416852453&page=1', 'body': ''}]",201490
한국첨단소재,4095,+14.55%,240,KOSDAQ,,"[{'title': ""한국첨단소재, 블록체인 양자보안 플랫폼 '퀀텀세...[2]"", 'likes': '18', 'link': '/item/board_read.naver?code=062970&nid=416886079&page=1', 'body': ''}, {'title': '오늘 나온 공시,  <분석 보고서> 내용...[1]', 'likes': '18', 'link': '/item/board_read.naver?code=062970&nid=416871422&page=2', 'body': ''}, {'title': '[AI 요약] 한국첨단소재의 매매거래 정지 및 ...[1]', 'likes': '14', 'link': '/item/board_read.naver?code=062970&nid=416885803&page=1', 'body': ''}, {'title': '오빠들~모래 상한가 찍어준데요[1]', 'likes': '14', 'link': '/item/board_read.naver?code=062970&nid=416885397&page=1', 'body': ''}, {'title': '광통신만으로도 이미 최소 만원은 가야하고', 'likes': '13', 'link': '/item/board_read.naver?code=062970&nid=416810050&page=10', 'body': ''}]",062970
알루코,2780,+13.93%,129,KOSPI,,"[{'title': '이란이 미국제안을 받지 않을거임[2]', 'likes': '8', 'link': '/item/board_read.naver?code=001780&nid=416879521&page=1', 'body': ''}, {'title': '알미늄주 중에 얘가 꼴등[1]', 'likes': '7', 'link': '/item/board_read.naver?code=001780&nid=416840155&page=3', 'body': ''}, {'title': '얜 진짜 웃기네', 'likes': '7', 'link': '/item/board_read.naver?code=001780&nid=416832208&page=4', 'body': ''}, {'title': '목표가[1]', 'likes': '6', 'link': '/item/board_read.naver?code=001780&nid=416878157&page=1', 'body': ''}, {'title': '속보] 중재안 받은 이란 ""美 종전 의지 부족...', 'likes': '6', 'link': '/item/board_read.naver?code=001780&nid=416871058&page=1', 'body': ''}]",001780
KBI메탈,2470,+13.56%,21,KOSDAQ,,"[{'title': 'KBI 메탈 기사 2000억 가자', 'likes': '6', 'link': '/item/board_read.naver?code=024840&nid=416890107&page=1', 'body': ''}, {'title': '마감시간오니', 'likes': '6', 'link': '/item/board_read.naver?code=024840&nid=416855908&page=1', 'body': ''}, {'title': '25년을 박스에 가뒀는데[2]', 'likes': '3', 'link': '/item/board_read.naver?code=024840&nid=416869755&page=1', 'body': ''}, {'title': '가는 김에 상 가즈아~~', 'likes': '3', 'link': '/item/board_read.naver?code=024840&nid=416852344&page=1', 'body': ''}, {'title': '전쟁 그 이 후~', 'likes': '3', 'link': '/item/board_read.naver?code=024840&nid=416811144&page=2', 'body': ''}]",024840
한주에이알티,770,+13.24%,3,KOSDAQ,,"[{'title': '10% 이상 상승했어요 🎉[1]', 'likes': '2', 'link': '/item/board_read.naver?code=058450&nid=416848531&page=1', 'body': ''}, {'title': '[AI 요약] 한주에이알티(주)가 투자주의 종...', 'likes': '0', 'link': '/item/board_read.naver?code=058450&nid=416885588&page=1', 'body': ''}, {'title': '5% 이상 상승했어요 🎉', 'likes': '0', 'link': '/item/board_read.naver?code=058450&nid=416840864&page=1', 'body': ''}]",058450
그린리소스,14900,+13.22%,95,KOSDAQ,,"[{'title': '빅뉴스[4]', 'likes': '7', 'link': '/item/board_read.naver?code=402490&nid=416825944&page=4', 'body': ''}, {'title': '그린리소스 좋은이유[1]', 'likes': '6', 'link': '/item/board_read.naver?code=402490&nid=416888285&page=1', 'body': ''}, {'title': '우리주인장!![3]', 'likes': '6', 'link': '/item/board_read.naver?code=402490&nid=416867779&page=1', 'body': ''}, {'title': '삼성전자 파운드리 부문 뉴스가 대폭발하면서[2]', 'likes': '5', 'link': '/item/board_read.naver?code=402490&nid=416859913&page=1', 'body': ''}, {'title': '10만원도 갈 수 있는 주식이다', 'likes': '5', 'link': '/item/board_read.naver?code=402490&nid=416850057&page=2', 'body': ''}]",402490
세림B&G,2280,+13.15%,114,KOSDAQ,,"[{'title': '내일 장시작 예상[1]', 'likes': '8', 'link': '/item/board_read.naver?code=340440&nid=416876557&page=1', 'body': ''}, {'title': '중재안 전달 속보로 시외 졸라 빼놓고[2]', 'likes': '8', 'link': '/item/board_read.naver?code=340440&nid=416872742&page=1', 'body': ''}, {'title': '상마감했던 진영(역시 나프타 테마주)은', 'likes': '7', 'link': '/item/board_read.naver?code=340440&nid=416875293&page=1', 'body': ''}, {'title': '신대양제지[1]', 'likes': '6', 'link': '/item/board_read.naver?code=340440&nid=416886407&page=1', 'body': ''}, {'title': '시간외가마지막 탈출기회', 'likes': '6', 'link': '/item/board_read.naver?code=340440&nid=416876813&page=1', 'body': ''}]",340440
풍산,109300,+12.91%,298,KOSPI,,"[{'title': '그냥 기다리기만 하면되는데 왜 안달일까?[2]', 'likes': '28', 'link': '/item/board_read.naver?code=103140&nid=416882658&page=3', 'body': ''}, {'title': '계속해서 괴롭힐 겁니다[3]', 'likes': '27', 'link': '/item/board_read.naver?code=103140&nid=416885721&page=3', 'body': ''}, {'title': '인수 관련된 주식은[2]', 'likes': '26', 'link': '/item/board_read.naver?code=103140&nid=416881944&page=3', 'body': ''}, {'title': '공매도 박살내는 방법[1]', 'likes': '25', 'link': '/item/board_read.naver?code=103140&nid=416889988&page=1', 'body': ''}, {'title': '한화에어로스페이스가 인수하는 건 99.99...[6]', 'likes': '22', 'link': '/item/board_read.naver?code=103140&nid=416889301&page=2', 'body': ''}]",103140
조일알미늄,1606,+12.78%,115,KOSPI,,"[{'title': '남선 발목잡지말고', 'likes': '10', 'link': '/item/board_read.naver?code=018470&nid=416833951&page=3', 'body': ''}, {'title': '여기서 멈추면안돼', 'likes': '8', 'link': '/item/board_read.naver?code=018470&nid=416834456&page=3', 'body': ''}, {'title': '내일 상한가 네', 'likes': '7', 'link': '/item/board_read.naver?code=018470&nid=416879113&page=1', 'body': ''}, {'title': '남선은 2천원대 놀고 있는데,,,[1]', 'likes': '7', 'link': '/item/board_read.naver?code=018470&nid=416855036&page=2', 'body': ''}, {'title': '익절 빠이~', 'likes': '7', 'link': '/item/board_read.naver?code=018470&nid=416835823&page=3', 'body': ''}]",018470
리튬포어스,663,+12.76%,12,KOSDAQ,,"[{'title': '상한가.[1]', 'likes': '3', 'link': '/item/board_read.naver?code=073570&nid=416832681&page=1', 'body': ''}, {'title': '일단 오늘 저점은 611부근???[2]', 'likes': '2', 'link': '/item/board_read.naver?code=073570&nid=416843649&page=1', 'body': ''}, {'title': '내일은 다시 4%대 하락???', 'likes': '2', 'link': '/item/board_read.naver?code=073570&nid=416837683&page=1', 'body': ''}, {'title': '항상 6시간은 하락', 'likes': '1', 'link': '/item/board_read.naver?code=073570&nid=416837502&page=1', 'body': ''}, {'title': '오늘 장', 'likes': '1', 'link': '/item/board_read.naver?code=073570&nid=416826279&page=1', 'body': ''}]",073570
삼성E&A,45650,+12.58%,298,KOSPI,,"[{'title': '■■■수고들 하셨습니다■■■[2]', 'likes': '28', 'link': '/item/board_read.naver?code=028050&nid=416885615&page=2', 'body': ''}, {'title': '■■■미국ㆍ이란ㅡ45일휴전후종전 수용...[2]', 'likes': '24', 'link': '/item/board_read.naver?code=028050&nid=416887237&page=1', 'body': ''}, {'title': '단기 저점', 'likes': '17', 'link': '/item/board_read.naver?code=028050&nid=416884620&page=2', 'body': ''}, {'title': '단타치다가 배아파하는 거지들이 많네요', 'likes': '15', 'link': '/item/board_read.naver?code=028050&nid=416883652&page=2', 'body': ''}, {'title': '자자 오늘 오신분들 들어보세요. 이 주식이 왜...', 'likes': '14', 'link': '/item/board_read.naver?code=028050&nid=416882650&page=3', 'body': ''}]",028050
롯데에너지머티리얼즈,45450,+12.36%,63,KOSPI,,"[{'title': '우리도', 'likes': '9', 'link': '/item/board_read.naver?code=020150&nid=416827122&page=2', 'body': ''}, {'title': '하 내 예측이 맞았는데..', 'likes': '9', 'link': '/item/board_read.naver?code=020150&nid=416820385&page=2', 'body': ''}, {'title': 'ㅎ.ㅎ[1]', 'likes': '8', 'link': '/item/board_read.naver?code=020150&nid=416871504&page=1', 'body': ''}, {'title': '내일도', 'likes': '8', 'link': '/item/board_read.naver?code=020150&nid=416865033&page=1', 'body': ''}, {'title': '느낌 오네... 상한가...[2]', 'likes': '8', 'link': '/item/board_read.naver?code=020150&nid=416818183&page=3', 'body': ''}]",020150
한솔아이원스,14270,+12.10%,13,KOSDAQ,,"[{'title': '한솔아이원스를 소재·부품 섹터 Top-pick', 'likes': '10', 'link': '/item/board_read.naver?code=114810&nid=416824583&page=1', 'body': ''}, {'title': '이왕시작한것[1]', 'likes': '7', 'link': '/item/board_read.naver?code=114810&nid=416833148&page=1', 'body': ''}, {'title': '이거 호잰가', 'likes': '6', 'link': '/item/board_read.naver?code=114810&nid=416888361&page=1', 'body': ''}, {'title': '반도체&디스플레이 수율잡는 정밀 기술력', 'likes': '6', 'link': '/item/board_read.naver?code=114810&nid=416848014&page=1', 'body': ''}, {'title': '느낌이 좋다.[2]', 'likes': '4', 'link': '/item/board_read.naver?code=114810&nid=416872119&page=1', 'body': ''}]",114810
이루온,3205,+11.67%,20,KOSDAQ,,"[{'title': '광통신 유일 우량주[2]', 'likes': '10', 'link': '/item/board_read.naver?code=065440&nid=416844238&page=1', 'body': ''}, {'title': '시총 850 억', 'likes': '6', 'link': '/item/board_read.naver?code=065440&nid=416839895&page=1', 'body': ''}, {'title': '광전자', 'likes': '5', 'link': '/item/board_read.naver?code=065440&nid=416819348&page=1', 'body': ''}, {'title': '상간다 풀매수', 'likes': '5', 'link': '/item/board_read.naver?code=065440&nid=416809424&page=1', 'body': ''}, {'title': '오늘 쉬고 내일 상 상[1]', 'likes': '4', 'link': '/item/board_read.naver?code=065440&nid=416880787&page=1', 'body': ''}]",065440
네패스아크,29100,+11.28%,13,KOSDAQ,,"[{'title': '파는거 아닙니다', 'likes': '7', 'link': '/item/board_read.naver?code=330860&nid=416862107&page=1', 'body': ''}, {'title': '49000원 올까요[2]', 'likes': '7', 'link': '/item/board_read.naver?code=330860&nid=416839356&page=1', 'body': ''}, {'title': '대차랑 공매도 죽어봐라', 'likes': '5', 'link': '/item/board_read.naver?code=330860&nid=416809108&page=1', 'body': ''}, {'title': '오늘', 'likes': '4', 'link': '/item/board_read.naver?code=330860&nid=416858440&page=1', 'body': ''}, {'title': '요며칠 계속 전강후약이네요.', 'likes': '4', 'link': '/item/board_read.naver?code=330860&nid=416822466&page=1', 'body': ''}]",330860
후성,9900,+10.99%,298,KOSPI,,"[{'title': '증권회사에 다니시는 지인이[2]', 'likes': '16', 'link': '/item/board_read.naver?code=093370&nid=416887479&page=1', 'body': ''}, {'title': 'Lipf6 시세도 많이 올랐음[1]', 'likes': '16', 'link': '/item/board_read.naver?code=093370&nid=416882979&page=1', 'body': ''}, {'title': '어차피 오른다 이건 중국이 핵심', 'likes': '14', 'link': '/item/board_read.naver?code=093370&nid=416882682&page=1', 'body': ''}, {'title': '추가매수 완료 대박 가봅시다 부족 사태~~', 'likes': '14', 'link': '/item/board_read.naver?code=093370&nid=416826585&page=11', 'body': ''}, {'title': '와 주차실력 지린다[4]', 'likes': '13', 'link': '/item/board_read.naver?code=093370&nid=416885341&page=1', 'body': ''}]",093370
아이티센엔텍,1208,+10.52%,11,KOSDAQ,,"[{'title': '거래정지 몇일까지인지 알수 잇을까요~~?[2]', 'likes': '4', 'link': '/item/board_read.naver?code=010280&nid=416832138&page=1', 'body': ''}, {'title': '씨티에스 가지고있었는데 애만오르길래 짜증나서...[1]', 'likes': '2', 'link': '/item/board_read.naver?code=010280&nid=416825877&page=1', 'body': ''}, {'title': '시간업따', 'likes': '2', 'link': '/item/board_read.naver?code=010280&nid=416819647&page=1', 'body': ''}, {'title': '제4인뱅 논의 재점화', 'likes': '1', 'link': '/item/board_read.naver?code=010280&nid=416859664&page=1', 'body': ''}, {'title': '퍼뜩[1]', 'likes': '1', 'link': '/item/board_read.naver?code=010280&nid=416849032&page=1', 'body': ''}]",010280
심텍,54500,+9.99%,46,KOSDAQ,,"[{'title': '상한번', 'likes': '11', 'link': '/item/board_read.naver?code=222800&nid=416809685&page=2', 'body': ''}, {'title': '헉헉', 'likes': '8', 'link': '/item/board_read.naver?code=222800&nid=416808889&page=2', 'body': ''}, {'title': '뭐냐 에프터에서 외국인[2]', 'likes': '7', 'link': '/item/board_read.naver?code=222800&nid=416885716&page=1', 'body': ''}, {'title': '심텍', 'likes': '7', 'link': '/item/board_read.naver?code=222800&nid=416814055&page=2', 'body': ''}, {'title': '많이들 팔아 재끼는구마잉', 'likes': '7', 'link': '/item/board_read.naver?code=222800&nid=416809718&page=2', 'body': ''}]",222800
더라미,1341,+9.92%,5,KOSDAQ,,"[{'title': '왜오르냐', 'likes': '3', 'link': '/item/board_read.naver?code=032860&nid=416832938&page=1', 'body': ''}, {'title': '박혜린  대표는 ???', 'likes': '1', 'link': '/item/board_read.naver?code=032860&nid=416891014&page=1', 'body': ''}, {'title': '15% 이상 상승했어요 🎉', 'likes': '0', 'link': '/item/board_read.naver?code=032860&nid=416849142&page=1', 'body': ''}, {'title': '10% 이상 상승했어요 🎉', 'likes': '0', 'link': '/item/board_read.naver?code=032860&nid=416831584&page=1', 'body': ''}, {'title': '5% 이상 상승했어요 🎉', 'likes': '0', 'link': '/item/board_read.naver?code=032860&nid=416814363&page=1', 'body': ''}]",032860
에쎈테크,579,+9.45%,5,KOSDAQ,,"[{'title': '왜이런걸까[1]', 'likes': '0', 'link': '/item/board_read.naver?code=043340&nid=416859171&page=1', 'body': ''}, {'title': '이게 매수라면', 'likes': '0', 'link': '/item/board_read.naver?code=043340&nid=416811009&page=1', 'body': ''}, {'title': '15% 이상 상승했어요 🎉', 'likes': '0', 'link': '/item/board_read.naver?code=043340&nid=416810203&page=1', 'body': ''}, {'title': '10% 이상 상승했어요 🎉', 'likes': '0', 'link': '/item/board_read.naver?code=043340&nid=416809734&page=1', 'body': ''}, {'title': '5% 이상 상승했어요 🎉', 'likes': '0', 'link': '/item/board_read.naver?code=043340&nid=416806664&page=1', 'body': ''}]",043340
남선알미우,15520,+9.30%,9,KOSPI,,"[{'title': '우선주 팔고 본주로 이동', 'likes': '2', 'link': '/item/board_read.naver?code=008355&nid=416820632&page=1', 'body': ''}, {'title': '15000원대 초반은 재매수 타이밍!![2]', 'likes': '1', 'link': '/item/board_read.naver?code=008355&nid=416854271&page=1', 'body': ''}, {'title': '중동 소재 미국 알미늄공장을 포격했다고 이란 ...', 'likes': '1', 'link': '/item/board_read.naver?code=008355&nid=416841569&page=1', 'body': ''}, {'title': '드디어 달린다[2]', 'likes': '1', 'link': '/item/board_read.naver?code=008355&nid=416832254&page=1', 'body': ''}, {'title': '나도 본주로 이동.', 'likes': '1', 'link': '/item/board_read.naver?code=008355&nid=416824348&page=1', 'body': ''}]",008355
퀄리타스반도체,15480,+9.17%,25,KOSDAQ,,"[{'title': '[주식의신] 내일이나 모레 매도쳐라~[3]', 'likes': '5', 'link': '/item/board_read.naver?code=432720&nid=416878466&page=1', 'body': ''}, {'title': '주식의신', 'likes': '5', 'link': '/item/board_read.naver?code=432720&nid=416811762&page=1', 'body': ''}, {'title': '생각해보면', 'likes': '5', 'link': '/item/board_read.naver?code=432720&nid=416808544&page=2', 'body': ''}, {'title': '퀄리타스 이거 좋은거냐', 'likes': '4', 'link': '/item/board_read.naver?code=432720&nid=416892090&page=1', 'body': ''}, {'title': '주식천재님 혹시 성함이[1]', 'likes': '4', 'link': '/item/board_read.naver?code=432720&nid=416837667&page=1', 'body': ''}]",432720
동국제약,29900,+9.12%,54,KOSDAQ,,"[{'title': '상도필요없구[1]', 'likes': '9', 'link': '/item/board_read.naver?code=086450&nid=416853748&page=1', 'body': ''}, {'title': '족 가 고   니 걱정이나  하셔[2]', 'likes': '7', 'link': '/item/board_read.naver?code=086450&nid=416879241&page=1', 'body': ''}, {'title': '얼마나 오를지 감도 안온다', 'likes': '7', 'link': '/item/board_read.naver?code=086450&nid=416861385&page=1', 'body': ''}, {'title': 'GLP-1', 'likes': '7', 'link': '/item/board_read.naver?code=086450&nid=416831125&page=2', 'body': ''}, {'title': '장이 안정되면', 'likes': '6', 'link': '/item/board_read.naver?code=086450&nid=416871100&page=1', 'body': ''}]",086450
뉴트리,4580,+9.05%,15,KOSDAQ,,"[{'title': '절제를겸한기세는백전백승 <--- 글삭튀 ㅋㅋㅋ...[2]', 'likes': '9', 'link': '/item/board_read.naver?code=270870&nid=416856194&page=1', 'body': ''}, {'title': '아직 160억 남았다[2]', 'likes': '7', 'link': '/item/board_read.naver?code=270870&nid=416851046&page=1', 'body': ''}, {'title': '아 주식 접을란자 진짜 오늘 다털리고 700손...', 'likes': '7', 'link': '/item/board_read.naver?code=270870&nid=416850630&page=1', 'body': ''}, {'title': '음~', 'likes': '7', 'link': '/item/board_read.naver?code=270870&nid=416833308&page=1', 'body': ''}, {'title': '상한가로 문닫아라', 'likes': '7', 'link': '/item/board_read.naver?code=270870&nid=416807635&page=1', 'body': ''}]",270870
앤디포스,3925,+9.03%,13,KOSDAQ,,"[{'title': '동무들앙[2]', 'likes': '10', 'link': '/item/board_read.naver?code=238090&nid=416863803&page=1', 'body': ''}, {'title': '천천히 쭉쭉', 'likes': '9', 'link': '/item/board_read.naver?code=238090&nid=416869182&page=1', 'body': ''}, {'title': '지금까지 떨어진건 주가가 정상적이었고??..[1]', 'likes': '9', 'link': '/item/board_read.naver?code=238090&nid=416852187&page=1', 'body': ''}, {'title': '지겹다...', 'likes': '6', 'link': '/item/board_read.naver?code=238090&nid=416862418&page=1', 'body': ''}, {'title': '목표치', 'likes': '4', 'link': '/item/board_read.naver?code=238090&nid=416830358&page=1', 'body': ''}]",238090
인스코비,479,+8.86%,80,KOSPI,,"[{'title': '감사보고서 전망[6]', 'likes': '22', 'link': '/item/board_read.naver?code=006490&nid=416844445&page=2', 'body': ''}, {'title': 'KS공시 뜸[1]', 'likes': '21', 'link': '/item/board_read.naver?code=006490&nid=416866706&page=2', 'body': ''}, {'title': ""인스코비 주주 가치 회복을 위한 '소액주주 연..."", 'likes': '18', 'link': '/item/board_read.naver?code=006490&nid=416854355&page=2', 'body': ''}, {'title': '선 납입 되었네요[2]', 'likes': '16', 'link': '/item/board_read.naver?code=006490&nid=416863179&page=2', 'body': ''}, {'title': '●내일부터 상30방●[7]', 'likes': '14', 'link': '/item/board_read.naver?code=006490&nid=416880273&page=1', 'body': ''}]",006490
페니트리움바이오,11280,+8.78%,280,KOSDAQ,,"[{'title': 'AACR전[1]', 'likes': '51', 'link': '/item/board_read.naver?code=187660&nid=416864358&page=3', 'body': ''}, {'title': '세력이오늘간좀봤네   내일부터올릴지좀더간을볼...[3]', 'likes': '37', 'link': '/item/board_read.naver?code=187660&nid=416872522&page=2', 'body': ''}, {'title': '장끝나고 공시나오고[4]', 'likes': '33', 'link': '/item/board_read.naver?code=187660&nid=416858434&page=4', 'body': ''}, {'title': '챠트상..', 'likes': '32', 'link': '/item/board_read.naver?code=187660&nid=416879333&page=1', 'body': ''}, {'title': '어떤애널 단기 6만도 보던데[1]', 'likes': '29', 'link': '/item/board_read.naver?code=187660&nid=416870601&page=2', 'body': ''}]",187660
신도기연,2295,+8.77%,4,KOSDAQ,,"[{'title': '25% 이상 상승했어요 🎉', 'likes': '0', 'link': '/item/board_read.naver?code=290520&nid=416856447&page=1', 'body': ''}, {'title': '15% 이상 상승했어요 🎉', 'likes': '0', 'link': '/item/board_read.naver?code=290520&nid=416855857&page=1', 'body': ''}, {'title': '10% 이상 상승했어요 🎉', 'likes': '0', 'link': '/item/board_read.naver?code=290520&nid=416855613&page=1', 'body': ''}, {'title': '5% 이상 상승했어요 🎉', 'likes': '0', 'link': '/item/board_read.naver?code=290520&nid=416807616&page=1', 'body': ''}]",290520
엑스게이트,7450,+8.44%,35,KOSDAQ,,"[{'title': '내일[1]', 'likes': '9', 'link': '/item/board_read.naver?code=356680&nid=416854342&page=1', 'body': ''}, {'title': '응 낼 다시 처박음~', 'likes': '8', 'link': '/item/board_read.naver?code=356680&nid=416865359&page=1', 'body': ''}, {'title': '이번세력 무섭다[2]', 'likes': '8', 'link': '/item/board_read.naver?code=356680&nid=416864680&page=1', 'body': ''}, {'title': '본장되면 쭉~~~~~추락인가', 'likes': '8', 'link': '/item/board_read.naver?code=356680&nid=416805411&page=2', 'body': ''}, {'title': '버티는거보니 ㅋㅋㅋ[1]', 'likes': '8', 'link': '/item/board_read.naver?code=356680&nid=416805039&page=2', 'body': ''}]",356680
대한유화,140600,+8.24%,17,KOSPI,,"[{'title': '얘는 어쩌다 오르면[1]', 'likes': '4', 'link': '/item/board_read.naver?code=006650&nid=416823485&page=1', 'body': ''}, {'title': '이제본전 맘고생하고 매도합니다 ㅎ', 'likes': '4', 'link': '/item/board_read.naver?code=006650&nid=416819820&page=1', 'body': ''}, {'title': '이란 전쟁 휴전 얘기 나오는구나[2]', 'likes': '3', 'link': '/item/board_read.naver?code=006650&nid=416874008&page=1', 'body': ''}, {'title': '이제', 'likes': '3', 'link': '/item/board_read.naver?code=006650&nid=416827271&page=1', 'body': ''}, {'title': '이란 중동 석유화학시설 5곳 파괴', 'likes': '2', 'link': '/item/board_read.naver?code=006650&nid=416887142&page=1', 'body': ''}]",006650
효성티앤씨,406500,+8.11%,18,KOSPI,,"[{'title': '이번엔 40만원 찐돌파야?', 'likes': '7', 'link': '/item/board_read.naver?code=298020&nid=416814353&page=1', 'body': ''}, {'title': '역시 40근처흐르네[2]', 'likes': '5', 'link': '/item/board_read.naver?code=298020&nid=416840682&page=1', 'body': ''}, {'title': '몇번째냐', 'likes': '5', 'link': '/item/board_read.naver?code=298020&nid=416809750&page=1', 'body': ''}, {'title': '4/6 장요약: 스판덱스 가격상승/목표주가...[1]', 'likes': '4', 'link': '/item/board_read.naver?code=298020&nid=416879360&page=1', 'body': ''}, {'title': '효성티앤씨 리포트', 'likes': '4', 'link': '/item/board_read.naver?code=298020&nid=416806745&page=1', 'body': ''}]",298020
헥토파이낸셜,24800,+7.83%,98,KOSDAQ,,"[{'title': '털린 개미들이', 'likes': '10', 'link': '/item/board_read.naver?code=234340&nid=416874130&page=1', 'body': ''}, {'title': '신한투자증권애들은 없어져야 할 증권사 1위!!![1]', 'likes': '10', 'link': '/item/board_read.naver?code=234340&nid=416833710&page=3', 'body': ''}, {'title': '신현송 예비 한국은행 총재가 원화 코인 인정했다[1]', 'likes': '9', 'link': '/item/board_read.naver?code=234340&nid=416887447&page=1', 'body': ''}, {'title': '신현송 한은총재 후보자, 중앙은행 디지털화폐와 ...[1]', 'likes': '9', 'link': '/item/board_read.naver?code=234340&nid=416878165&page=1', 'body': ''}, {'title': '내일', 'likes': '5', 'link': '/item/board_read.naver?code=234340&nid=416855514&page=2', 'body': ''}]",234340
대영포장,1270,+7.72%,98,KOSPI,,"[{'title': '와우[1]', 'likes': '10', 'link': '/item/board_read.naver?code=014160&nid=416860680&page=2', 'body': ''}, {'title': '시외털린', 'likes': '9', 'link': '/item/board_read.naver?code=014160&nid=416883601&page=1', 'body': ''}, {'title': '기왕 이렇게 된 거 물량이나 ㅈㄴ 모아야겠다[1]', 'likes': '9', 'link': '/item/board_read.naver?code=014160&nid=416851344&page=3', 'body': ''}, {'title': '담어담어 싸다싸.', 'likes': '8', 'link': '/item/board_read.naver?code=014160&nid=416886657&page=1', 'body': ''}, {'title': '시외 나락중', 'likes': '8', 'link': '/item/board_read.naver?code=014160&nid=416872296&page=2', 'body': ''}]",014160
조이웍스앤코,1017,+7.51%,2,KOSDAQ,,"[{'title': '이거사고 진짜 밤못잤음ㅜㅜ', 'likes': '0', 'link': '/item/board_read.naver?code=309930&nid=416862014&page=1', 'body': ''}, {'title': '5% 이상 상승했어요 🎉', 'likes': '0', 'link': '/item/board_read.naver?code=309930&nid=416854644&page=1', 'body': ''}]",309930
일진전기,76000,+7.04%,43,KOSPI,,"[{'title': '245kV 수준인데 반응이 뜨겁네요 ㅎㅎ[1]', 'likes': '12', 'link': '/item/board_read.naver?code=103590&nid=416817730&page=2', 'body': ''}, {'title': '호재냐 이거', 'likes': '11', 'link': '/item/board_read.naver?code=103590&nid=416890604&page=1', 'body': ''}, {'title': '일진전기, 캐나다 데이터센터에 1200억 ...[1]', 'likes': '11', 'link': '/item/board_read.naver?code=103590&nid=416808516&page=2', 'body': ''}, {'title': '오늘 아침 간만에 전력설비섹터 좋네요[4]', 'likes': '11', 'link': '/item/board_read.naver?code=103590&nid=416802489&page=2', 'body': ''}, {'title': '곧 조만간 또 대형수주 예정이란다...', 'likes': '7', 'link': '/item/board_read.naver?code=103590&nid=416878750&page=1', 'body': ''}]",103590
한일사료,4390,+6.94%,207,KOSDAQ,4105.0,"[{'title': '하수 개미들', 'likes': '12', 'link': '/item/board_read.naver?code=005860&nid=416861017&page=4', 'body': ''}, {'title': '낼은 상한가[3]', 'likes': '11', 'link': '/item/board_read.naver?code=005860&nid=416853782&page=5', 'body': ''}, {'title': '에라. 잣 같은 종목 손절하고 간다.', 'likes': '9', 'link': '/item/board_read.naver?code=005860&nid=416819483&page=7', 'body': ''}, {'title': '유가 상승중 ㅋ', 'likes': '8', 'link': '/item/board_read.naver?code=005860&nid=416881286&page=1', 'body': ''}, {'title': 'ㅋㅋㅋㅋㅋ', 'likes': '8', 'link': '/item/board_read.naver?code=005860&nid=416878952&page=2', 'body': ''}]",005860
대한광통신,13590,+6.67%,296,KOSDAQ,12740.0,"[{'title': '애들아~~~[10]', 'likes': '65', 'link': '/item/board_read.naver?code=010170&nid=416864550&page=8', 'body': ''}, {'title': '애들아~~~[9]', 'likes': '63', 'link': '/item/board_read.naver?code=010170&nid=416862031&page=9', 'body': ''}, {'title': '외인수급[1]', 'likes': '52', 'link': '/item/board_read.naver?code=010170&nid=416879700&page=3', 'body': ''}, {'title': '세력 운전 솜씨는 여전히 좋네요', 'likes': '50', 'link': '/item/board_read.naver?code=010170&nid=416880588&page=3', 'body': ''}, {'title': '오늘장 저의 생각은[4]', 'likes': '48', 'link': '/item/board_read.naver?code=010170&nid=416880584&page=3', 'body': ''}]",010170
성문전자우,4395,+6.42%,1,KOSPI,,"[{'title': '5% 이상 상승했어요 🎉[1]', 'likes': '0', 'link': '/item/board_read.naver?code=014915&nid=416818570&page=1', 'body': ''}]",014915
동일제강,1620,+6.37%,20,KOSPI,,"[{'title': '알루미늄생산하네[1]', 'likes': '5', 'link': '/item/board_read.naver?code=002690&nid=416832456&page=1', 'body': ''}, {'title': '[자금조달]동일제강, 알루미늄세경봉 증설 투자', 'likes': '5', 'link': '/item/board_read.naver?code=002690&nid=416828346&page=1', 'body': ''}, {'title': '이거 몰빵 들어가면 못해도 50프로는 먹는다[1]', 'likes': '2', 'link': '/item/board_read.naver?code=002690&nid=416849079&page=1', 'body': ''}, {'title': '몇년만에 큰손 입성[1]', 'likes': '2', 'link': '/item/board_read.naver?code=002690&nid=416846748&page=1', 'body': ''}, {'title': '완전 소외주에서[1]', 'likes': '2', 'link': '/item/board_read.naver?code=002690&nid=416846078&page=1', 'body': ''}]",002690
수산세보틱스,2125,+6.25%,27,KOSPI,,"[{'title': '일단은 120주선  돌파 해 부럿다.[1]', 'likes': '9', 'link': '/item/board_read.naver?code=017550&nid=416862509&page=1', 'body': ''}, {'title': '수산.[1]', 'likes': '8', 'link': '/item/board_read.naver?code=017550&nid=416874589&page=1', 'body': ''}, {'title': '# 시간외 단일가 강세!!', 'likes': '6', 'link': '/item/board_read.naver?code=017550&nid=416869900&page=1', 'body': ''}, {'title': '(속보) 미국,이란 휴전후 종전 2단계 중재안...', 'likes': '6', 'link': '/item/board_read.naver?code=017550&nid=416866102&page=1', 'body': ''}, {'title': '재건 대장주', 'likes': '5', 'link': '/item/board_read.naver?code=017550&nid=416869645&page=1', 'body': ''}]",017550
우성,21300,+6.23%,2,KOSPI,,"[{'title': '오늘은 상~~~~~~~', 'likes': '1', 'link': '/item/board_read.naver?code=006980&nid=416810416&page=1', 'body': ''}, {'title': '5% 이상 상승했어요 🎉', 'likes': '0', 'link': '/item/board_read.naver?code=006980&nid=416810232&page=1', 'body': ''}]",006980
신세계,323500,+6.07%,7,KOSPI,,"[{'title': '엉아가 얘기했잖여 신세계는[3]', 'likes': '4', 'link': '/item/board_read.naver?code=004170&nid=416837835&page=1', 'body': ''}, {'title': '새로운 리서치가 있어요 📝', 'likes': '4', 'link': '/item/board_read.naver?code=004170&nid=416814944&page=1', 'body': ''}, {'title': '뉴스가 젤 문제', 'likes': '3', 'link': '/item/board_read.naver?code=004170&nid=416868690&page=1', 'body': ''}, {'title': '신세계아이앤씨 스테이블코인[2]', 'likes': '2', 'link': '/item/board_read.naver?code=004170&nid=416831422&page=1', 'body': ''}, {'title': '이제부터 진짜 좀 쭈욱 가자', 'likes': '2', 'link': '/item/board_read.naver?code=004170&nid=416825694&page=1', 'body': ''}]",004170
S-Oil,118100,+6.01%,207,KOSPI,,"[{'title': '슈팅까지 8거래일 남았따[1]', 'likes': '21', 'link': '/item/board_read.naver?code=010950&nid=416870016&page=2', 'body': ''}, {'title': '너무 부럽다..', 'likes': '18', 'link': '/item/board_read.naver?code=010950&nid=416833034&page=5', 'body': ''}, {'title': '아시아향 원유 공식 판매가격(OSP)이 역대...[1]', 'likes': '12', 'link': '/item/board_read.naver?code=010950&nid=416881689&page=1', 'body': ''}, {'title': 'osp 19.5불[2]', 'likes': '12', 'link': '/item/board_read.naver?code=010950&nid=416880775&page=1', 'body': ''}, {'title': 'S-oil은 가만 놔두고 있으면', 'likes': '12', 'link': '/item/board_read.naver?code=010950&nid=416864165&page=2', 'body': ''}]",010950
일양약품우,11410,+5.94%,1,KOSPI,,"[{'title': '5% 이상 상승했어요 🎉', 'likes': '0', 'link': '/item/board_read.naver?code=007575&nid=416812816&page=1', 'body': ''}]",007575
삼아알미늄,38000,+5.56%,146,KOSPI,,"[{'title': '내일은 삼아가 대장 이다', 'likes': '10', 'link': '/item/board_read.naver?code=006110&nid=416878821&page=1', 'body': ''}, {'title': '미장 알미늄주 현재 신호는', 'likes': '9', 'link': '/item/board_read.naver?code=006110&nid=416889048&page=1', 'body': ''}, {'title': '전쟁 휴전??아직도 그말을 믿는 바보는 없겠지??ㅋㅋㅋ', 'likes': '7', 'link': '/item/board_read.naver?code=006110&nid=416880106&page=1', 'body': ''}, {'title': '어차피 대장은 삼아다[2]', 'likes': '7', 'link': '/item/board_read.naver?code=006110&nid=416854920&page=4', 'body': ''}, {'title': '횡보하는거보니[3]', 'likes': '7', 'link': '/item/board_read.naver?code=006110&nid=416804265&page=7', 'body': ''}]",006110
DL,62700,+5.38%,3,KOSPI,,"[{'title': '언젠가 이 잡주에도 투자주의..경고 딱...', 'likes': '5', 'link': '/item/board_read.naver?code=000210&nid=416833708&page=1', 'body': ''}, {'title': '5% 이상 상승했어요 🎉', 'likes': '1', 'link': '/item/board_read.naver?code=000210&nid=416810472&page=1', 'body': ''}, {'title': '용자들이내[1]', 'likes': '0', 'link': '/item/board_read.naver?code=000210&nid=416882129&page=1', 'body': ''}]",000210
SNT에너지,54900,+5.37%,55,KOSPI,,"[{'title': '(美공문)LNG 프로젝트 인력 확대 및 야...[4]', 'likes': '13', 'link': '/item/board_read.naver?code=100840&nid=416886785&page=1', 'body': ''}, {'title': '중동재건 보다는, 대미투자1 루이지애나가 ...', 'likes': '9', 'link': '/item/board_read.naver?code=100840&nid=416880181&page=1', 'body': ''}, {'title': '이란 재건주는 건설재건주가 아니라 에너지플...', 'likes': '8', 'link': '/item/board_read.naver?code=100840&nid=416878240&page=1', 'body': ''}, {'title': '실적이깡패네[4]', 'likes': '8', 'link': '/item/board_read.naver?code=100840&nid=416842020&page=2', 'body': ''}, {'title': '떨어 질 때마다 담구라니까 ㅋㅋㅋ플랜트 인프라...[3]', 'likes': '8', 'link': '/item/board_read.naver?code=100840&nid=416820800&page=2', 'body': ''}]",100840
신대양제지,13190,+5.18%,4,KOSPI,,"[{'title': '정부 긴급명령 필요', 'likes': '5', 'link': '/item/board_read.naver?code=016590&nid=416803135&page=1', 'body': ''}, {'title': '중동전쟁과 관계없는 현수급상황', 'likes': '4', 'link': '/item/board_read.naver?code=016590&nid=416876772&page=1', 'body': ''}, {'title': '누가 만오천주 한번에??', 'likes': '0', 'link': '/item/board_read.naver?code=016590&nid=416858188&page=1', 'body': ''}, {'title': '5% 이상 상승했어요 🎉', 'likes': '0', 'link': '/item/board_read.naver?code=016590&nid=416825504&page=1', 'body': ''}]",016590
롯데쇼핑,104600,+5.13%,4,KOSPI,,"[{'title': '새로운 리서치가 있어요 📝', 'likes': '6', 'link': '/item/board_read.naver?code=023530&nid=416814694&page=1', 'body': ''}, {'title': '이마트[1]', 'likes': '0', 'link': '/item/board_read.naver?code=023530&nid=416890960&page=1', 'body': ''}, {'title': '신가신한[2]', 'likes': '0', 'link': '/item/board_read.naver?code=023530&nid=416861472&page=1', 'body': ''}, {'title': '5% 이상 상승했어요 🎉', 'likes': '0', 'link': '/item/board_read.naver?code=023530&nid=416815330&page=1', 'body': ''}]",023530
케이뱅크,6180,+5.10%,211,KOSPI,,"[{'title': '찬반토론 진행하겠습니다', 'likes': '19', 'link': '/item/board_read.naver?code=279570&nid=416864725&page=1', 'body': ''}, {'title': '8100원대 입니다.[16]', 'likes': '16', 'link': '/item/board_read.naver?code=279570&nid=416836676&page=5', 'body': ''}, {'title': '오늘 케이뱅크에서 탈출하지 않았다?[2]', 'likes': '13', 'link': '/item/board_read.naver?code=279570&nid=416867308&page=1', 'body': ''}, {'title': '신기하네...', 'likes': '13', 'link': '/item/board_read.naver?code=279570&nid=416860750&page=1', 'body': ''}, {'title': '6500원대 물린 호구 없제?[5]', 'likes': '10', 'link': '/item/board_read.naver?code=279570&nid=416837865&page=4', 'body': ''}]",279570
세우글로벌,1279,+5.09%,2,KOSPI,,"[{'title': '자 가보자!!', 'likes': '1', 'link': '/item/board_read.naver?code=013000&nid=416878262&page=1', 'body': ''}, {'title': '5% 이상 상승했어요 🎉', 'likes': '1', 'link': '/item/board_read.naver?code=013000&nid=416846295&page=1', 'body': ''}]",013000
현대코퍼레이션,27450,+4.97%,2,KOSPI,,"[{'title': '소리없이 강하다.[3]', 'likes': '7', 'link': '/item/board_read.naver?code=011760&nid=416871801&page=1', 'body': ''}, {'title': '5% 이상 상승했어요 🎉', 'likes': '0', 'link': '/item/board_read.naver?code=011760&nid=416821121&page=1', 'body': ''}]",011760
DSR제강,5230,+4.91%,9,KOSPI,,"[{'title': 'DSR제강 기사 이러면 뭐 조만간', 'likes': '10', 'link': '/item/board_read.naver?code=069730&nid=416860892&page=1', 'body': ''}, {'title': '■■■■ DSR제강 신고가 계속 폭등이닷 ~!...[1]', 'likes': '3', 'link': '/item/board_read.naver?code=069730&nid=416834005&page=1', 'body': ''}, {'title': '■■■■ DSR제강 계속 개폭등 날라가네 ㅋㅋ...', 'likes': '3', 'link': '/item/board_read.naver?code=069730&nid=416832236&page=1', 'body': ''}, {'title': '이번달 24일에 배당금이 들어오는지요?[2]', 'likes': '2', 'link': '/item/board_read.naver?code=069730&nid=416877710&page=1', 'body': ''}, {'title': '■■■ 잘 날라가네요 ㅎㅎㅎㅎㅎㅎㅎㅎㅎㅎ ■■', 'likes': '2', 'link': '/item/board_read.naver?code=069730&nid=416826095&page=1', 'body': ''}]",069730
하이드로리튬,2170,+4.83%,58,KOSDAQ,2070.0,"[{'title': '● 한와흥업과의  계약체결의   의미', 'likes': '28', 'link': '/item/board_read.naver?code=101670&nid=416817959&page=3', 'body': ''}, {'title': '㈜하이드로리튬, 일본 종합무역상사와 캐나다...[1]', 'likes': '28', 'link': '/item/board_read.naver?code=101670&nid=416815831&page=3', 'body': ''}, {'title': '제미나이가 판단하는 하이드로리튬[1]', 'likes': '25', 'link': '/item/board_read.naver?code=101670&nid=416831575&page=2', 'body': ''}, {'title': '1만톤 판매처 확보! 이제 조금씩 싹이 보...[2]', 'likes': '21', 'link': '/item/board_read.naver?code=101670&nid=416822002&page=3', 'body': ''}, {'title': '크게 갈건데 1주일  흔들까요', 'likes': '19', 'link': '/item/board_read.naver?code=101670&nid=416828220&page=2', 'body': ''}]",101670
이수스페셜티케미컬,96800,+4.76%,32,KOSPI,,"[{'title': '배터리 섹터 무게추는 전고체로 옮겨진것 같...[1]', 'likes': '13', 'link': '/item/board_read.naver?code=457190&nid=416813874&page=2', 'body': ''}, {'title': '기름값이 2천원이다[2]', 'likes': '10', 'link': '/item/board_read.naver?code=457190&nid=416815996&page=1', 'body': ''}, {'title': '요즘', 'likes': '9', 'link': '/item/board_read.naver?code=457190&nid=416853344&page=1', 'body': ''}, {'title': '조금 오르니 정병들 다 기어나왔네[3]', 'likes': '9', 'link': '/item/board_read.naver?code=457190&nid=416834221&page=1', 'body': ''}, {'title': '왜 오르냐?[1]', 'likes': '9', 'link': '/item/board_read.naver?code=457190&nid=416822524&page=1', 'body': ''}]",457190
세운메디칼,2880,+4.73%,109,KOSDAQ,2749.0,"[{'title': '전쟁관련수혜주', 'likes': '16', 'link': '/item/board_read.naver?code=100700&nid=416832537&page=6', 'body': ''}, {'title': '의료 현직이다[2]', 'likes': '7', 'link': '/item/board_read.naver?code=100700&nid=416850457&page=5', 'body': ''}, {'title': '인고의 기다림ㅎㅎ', 'likes': '6', 'link': '/item/board_read.naver?code=100700&nid=416851990&page=4', 'body': ''}, {'title': '상간다[1]', 'likes': '6', 'link': '/item/board_read.naver?code=100700&nid=416847199&page=6', 'body': ''}, {'title': '세운은 상을 간적이 없다 항상 윗꼬리', 'likes': '5', 'link': '/item/board_read.naver?code=100700&nid=416851321&page=4', 'body': ''}]",100700
티엠씨,21400,+4.65%,57,KOSPI,,"[{'title': '시가총액 270조 192조 암페놀 코닝 미국회사랑...', 'likes': '9', 'link': '/item/board_read.naver?code=217590&nid=416872011&page=1', 'body': ''}, {'title': '바로니가광케이블', 'likes': '8', 'link': '/item/board_read.naver?code=217590&nid=416832642&page=2', 'body': ''}, {'title': '이제 막 시작한 광통신주 티엠씨', 'likes': '8', 'link': '/item/board_read.naver?code=217590&nid=416801693&page=3', 'body': ''}, {'title': '지금이 제일  싸보인다', 'likes': '7', 'link': '/item/board_read.naver?code=217590&nid=416880574&page=1', 'body': ''}, {'title': '내일부턴', 'likes': '7', 'link': '/item/board_read.naver?code=217590&nid=416872418&page=1', 'body': ''}]",217590
롯데케미칼,83600,+4.37%,29,KOSPI,,"[{'title': '팩트만 말씀드립니다.[6]', 'likes': '11', 'link': '/item/board_read.naver?code=011170&nid=416815067&page=2', 'body': ''}, {'title': '영원한 윗꼬리', 'likes': '8', 'link': '/item/board_read.naver?code=011170&nid=416835071&page=1', 'body': ''}, {'title': '롯데 해외공장을 알아보자[2]', 'likes': '6', 'link': '/item/board_read.naver?code=011170&nid=416831200&page=1', 'body': ''}, {'title': '중동 석화 산업 단지 초토화', 'likes': '6', 'link': '/item/board_read.naver?code=011170&nid=416806092&page=2', 'body': ''}, {'title': '원유 잘들어오고..   중동 화학공장  셧다운상...[1]', 'likes': '5', 'link': '/item/board_read.naver?code=011170&nid=416873607&page=1', 'body': ''}]",011170
금호에이치티,385,+4.05%,13,KOSPI,370.0,"[{'title': '싸악   쓸어   담았네요  잉...', 'likes': '12', 'link': '/item/board_read.naver?code=214330&nid=416830313&page=1', 'body': ''}, {'title': '하한가 각인데ㅋㅋㅋ', 'likes': '11', 'link': '/item/board_read.naver?code=214330&nid=416806559&page=1', 'body': ''}, {'title': '장난질 계속 쳐봐', 'likes': '10', 'link': '/item/board_read.naver?code=214330&nid=416813386&page=1', 'body': ''}, {'title': '난 이주식 절대 안판다.[1]', 'likes': '9', 'link': '/item/board_read.naver?code=214330&nid=416866565&page=1', 'body': ''}, {'title': '천년만년 살것처럼   벌겅하네[1]', 'likes': '9', 'link': '/item/board_read.naver?code=214330&nid=416818047&page=1', 'body': ''}]",214330
신성이엔지,3575,+3.77%,285,KOSPI,3445.0,"[{'title': '보수와 진보가 있듯[2]', 'likes': '18', 'link': '/item/board_read.naver?code=011930&nid=416885768&page=1', 'body': ''}, {'title': '아침에 말한대로[4]', 'likes': '18', 'link': '/item/board_read.naver?code=011930&nid=416871427&page=3', 'body': ''}, {'title': '시외로 답 나왔다[2]', 'likes': '16', 'link': '/item/board_read.naver?code=011930&nid=416877649&page=2', 'body': ''}, {'title': '좋냐![6]', 'likes': '15', 'link': '/item/board_read.naver?code=011930&nid=416851074&page=5', 'body': ''}, {'title': '크게 한번 승승장구 해서 월세 탈하길...[3]', 'likes': '14', 'link': '/item/board_read.naver?code=011930&nid=416859046&page=4', 'body': ''}]",011930
에코플라스틱,4020,+3.74%,124,KOSDAQ,3875.0,"[{'title': '오늘 , 시외보니 꼬라지가[2]', 'likes': '7', 'link': '/item/board_read.naver?code=038110&nid=416882728&page=1', 'body': ''}, {'title': '시외 급락인데 의외로[3]', 'likes': '7', 'link': '/item/board_read.naver?code=038110&nid=416877801&page=1', 'body': ''}, {'title': '시간외 대박이네ᆢㅎ[4]', 'likes': '7', 'link': '/item/board_read.naver?code=038110&nid=416873955&page=2', 'body': ''}, {'title': '수령 합의[1]', 'likes': '6', 'link': '/item/board_read.naver?code=038110&nid=416874533&page=2', 'body': ''}, {'title': '이란 사우스파스 석유화학 시설서 다수 폭발음 ...', 'likes': '5', 'link': '/item/board_read.naver?code=038110&nid=416884931&page=1', 'body': ''}]",038110
삼성전자,193100,+3.71%,300,KOSPI,186192.0,"[{'title': '내일 오를수밖에 없는이유[4]', 'likes': '38', 'link': '/item/board_read.naver?code=005930&nid=416888956&page=12', 'body': ''}, {'title': '50조 넘으면 갭상 +10퍼이상[4]', 'likes': '34', 'link': '/item/board_read.naver?code=005930&nid=416890154&page=9', 'body': ''}, {'title': '내ㅣ일 22[2]', 'likes': '33', 'link': '/item/board_read.naver?code=005930&nid=416887987&page=15', 'body': ''}, {'title': '미장 보니', 'likes': '27', 'link': '/item/board_read.naver?code=005930&nid=416890712&page=7', 'body': ''}, {'title': '대북송금 조작수사 주범윤석열 설계자한동훈 사냥...[2]', 'likes': '27', 'link': '/item/board_read.naver?code=005930&nid=416890195&page=8', 'body': ''}]",005930
빛과전자,3355,+3.23%,43,KOSDAQ,3250.0,"[{'title': '오늘 투자경고 풀린다 오르지마!!![1]', 'likes': '7', 'link': '/item/board_read.naver?code=069540&nid=416844889&page=1', 'body': ''}, {'title': '빛과전자 기사 호재다 왜냐', 'likes': '6', 'link': '/item/board_read.naver?code=069540&nid=416878557&page=1', 'body': ''}, {'title': '대한광통신 갖고 있는데  얘도 비슷할까봐 샀더...', 'likes': '6', 'link': '/item/board_read.naver?code=069540&nid=416833271&page=2', 'body': ''}, {'title': '이거 조심하세[2]', 'likes': '5', 'link': '/item/board_read.naver?code=069540&nid=416856958&page=1', 'body': ''}, {'title': '어찌피', 'likes': '4', 'link': '/item/board_read.naver?code=069540&nid=416865901&page=1', 'body': ''}]",069540
대우건설,17310,+2.97%,298,KOSPI,16810.0,"[{'title': '[시총92위] [외인공매 정신이 있나...[14]', 'likes': '81', 'link': '/item/board_read.naver?code=047040&nid=416886453&page=2', 'body': ''}, {'title': '■17600-바닥잡고[5]', 'likes': '41', 'link': '/item/board_read.naver?code=047040&nid=416819892&page=13', 'body': ''}, {'title': '[알아서하겠지 냅둘라했는데~공매 쉽게 안죽...[3]', 'likes': '40', 'link': '/item/board_read.naver?code=047040&nid=416819150&page=13', 'body': ''}, {'title': '■부자집 곳간에 인심난다고[4]', 'likes': '38', 'link': '/item/board_read.naver?code=047040&nid=416849251&page=7', 'body': ''}, {'title': '■삼전-19만 매물벽[6]', 'likes': '36', 'link': '/item/board_read.naver?code=047040&nid=416871588&page=4', 'body': ''}]",047040
한국팩키지,2575,+2.59%,66,KOSDAQ,2509.0,"[{'title': '<속보> 이란 임시휴전안 수용 불가!', 'likes': '4', 'link': '/item/board_read.naver?code=037230&nid=416871451&page=1', 'body': ''}, {'title': '비닐 대신 종이, ❤️야 이놈들아', 'likes': '4', 'link': '/item/board_read.naver?code=037230&nid=416831001&page=3', 'body': ''}, {'title': '알미늄은 잘가네', 'likes': '4', 'link': '/item/board_read.naver?code=037230&nid=416821288&page=3', 'body': ''}, {'title': '종전 할 거 아니면 휴전따위는 어림없으시댄다', 'likes': '3', 'link': '/item/board_read.naver?code=037230&nid=416871474&page=1', 'body': ''}, {'title': '이놈은 하는게 아니네', 'likes': '3', 'link': '/item/board_read.naver?code=037230&nid=416815356&page=4', 'body': ''}]",037230
아주IB투자,9030,+2.27%,84,KOSDAQ,8829.0,"[{'title': '종전후 폭주할 야생마', 'likes': '23', 'link': '/item/board_read.naver?code=027360&nid=416880982&page=1', 'body': ''}, {'title': '내일[2]', 'likes': '20', 'link': '/item/board_read.naver?code=027360&nid=416868030&page=1', 'body': ''}, {'title': '수급이 들어오네[2]', 'likes': '19', 'link': '/item/board_read.naver?code=027360&nid=416876758&page=1', 'body': ''}, {'title': '속보', 'likes': '19', 'link': '/item/board_read.naver?code=027360&nid=416865898&page=1', 'body': ''}, {'title': '마지막 만원 밑에', 'likes': '17', 'link': '/item/board_read.naver?code=027360&nid=416866104&page=1', 'body': ''}]",027360
폴라리스AI,1481,+1.93%,46,KOSDAQ,1452.0,"[{'title': '이회사 주식 장난질 엄청 심해요 조가 조작회사...', 'likes': '7', 'link': '/item/board_read.naver?code=039980&nid=416854557&page=1', 'body': ''}, {'title': '폴라리 그룹주는 안되 몇년째 전고점 넘기적 없...', 'likes': '6', 'link': '/item/board_read.naver?code=039980&nid=416848368&page=1', 'body': ''}, {'title': '설거지네 ㅋㅋㅋㅋㅋ', 'likes': '6', 'link': '/item/board_read.naver?code=039980&nid=416836226&page=1', 'body': ''}, {'title': '1700원 다팔렸네 ㅋㅋㅋ[1]', 'likes': '6', 'link': '/item/board_read.naver?code=039980&nid=416817379&page=2', 'body': ''}, {'title': '또 장난친다ㅡㅡ', 'likes': '5', 'link': '/item/board_read.naver?code=039980&nid=416851683&page=1', 'body': ''}]",039980
알서포트,2705,+1.88%,74,KOSDAQ,2655.0,"[{'title': '[속보] 이스라엘군, 이란 최대 석유시설 폭...', 'likes': '7', 'link': '/item/board_read.naver?code=131370&nid=416890596&page=1', 'body': ''}, {'title': '휴전한다해서 시외빠졌는데', 'likes': '7', 'link': '/item/board_read.naver?code=131370&nid=416880852&page=1', 'body': ''}, {'title': '재택근무는 일단 무조건 시행됩니다[1]', 'likes': '7', 'link': '/item/board_read.naver?code=131370&nid=416875090&page=1', 'body': ''}, {'title': '시외에서 털린 사람들 불땅해..[1]', 'likes': '6', 'link': '/item/board_read.naver?code=131370&nid=416881139&page=1', 'body': ''}, {'title': '쩜하….', 'likes': '6', 'link': '/item/board_read.naver?code=131370&nid=416867053&page=1', 'body': ''}]",131370
태림포장,2120,+1.68%,20,KOSPI,2084.0,"[{'title': '친환경 종이로 대체하는 흐름이다', 'likes': '4', 'link': '/item/board_read.naver?code=011280&nid=416842574&page=1', 'body': ''}, {'title': '내말 한번도 틀린적 없으', 'likes': '2', 'link': '/item/board_read.naver?code=011280&nid=416878900&page=1', 'body': ''}, {'title': '잘못 샀나보네여[1]', 'likes': '2', 'link': '/item/board_read.naver?code=011280&nid=416878713&page=1', 'body': ''}, {'title': '올라간것도 없는데  낼 -5%', 'likes': '2', 'link': '/item/board_read.naver?code=011280&nid=416872814&page=1', 'body': ''}, {'title': '시간외 떨어진다', 'likes': '2', 'link': '/item/board_read.naver?code=011280&nid=416871658&page=1', 'body': ''}]",011280
서울식품,172,+1.18%,20,KOSPI,169.0,"[{'title': '대표이사', 'likes': '9', 'link': '/item/board_read.naver?code=004410&nid=416841392&page=1', 'body': ''}, {'title': '은행에 넣어놔도 이거보단 낫겠네', 'likes': '8', 'link': '/item/board_read.naver?code=004410&nid=416832698&page=1', 'body': ''}, {'title': '요번 액면병합하고 코스닥으로 보내라 ~~~[1]', 'likes': '8', 'link': '/item/board_read.naver?code=004410&nid=416831387&page=1', 'body': ''}, {'title': '이넘에주식[1]', 'likes': '5', 'link': '/item/board_read.naver?code=004410&nid=416849003&page=1', 'body': ''}, {'title': '몇몇개주주들 열심히 보거라....', 'likes': '5', 'link': '/item/board_read.naver?code=004410&nid=416818941&page=1', 'body': ''}]",004410
SK하이닉스,886000,+1.14%,295,KOSPI,876013.0,"[{'title': '오늘 90만 내일 95만 모레 100만 ...[2]', 'likes': '38', 'link': '/item/board_read.naver?code=000660&nid=416885813&page=4', 'body': ''}, {'title': '90만원에 안착해놨네요', 'likes': '32', 'link': '/item/board_read.naver?code=000660&nid=416885640&page=4', 'body': ''}, {'title': '이란 한국과 통과 협의 중[1]', 'likes': '31', 'link': '/item/board_read.naver?code=000660&nid=416887653&page=3', 'body': ''}, {'title': '1분기 실적', 'likes': '30', 'link': '/item/board_read.naver?code=000660&nid=416887231&page=3', 'body': ''}, {'title': '나도 극우지만, 이재명 대통령님 만큼은 ...[5]', 'likes': '26', 'link': '/item/board_read.naver?code=000660&nid=416885861&page=4', 'body': ''}]",000660
RISE 삼성전자SK하이닉스채권혼합50,9965,+1.06%,2,KOSPI,9860.0,"[{'title': '오늘의 수익실현[1]', 'likes': '1', 'link': '/item/board_read.naver?code=0162Z0&nid=416859268&page=1', 'body': ''}, {'title': '분배금[1]', 'likes': '0', 'link': '/item/board_read.naver?code=0162Z0&nid=416818429&page=1', 'body': ''}]",0162Z0
피노,10330,+0.88%,282,KOSDAQ,10239.0,"[{'title': '외인지분변동 - 금일포함 44.8~9%[3]', 'likes': '33', 'link': '/item/board_read.naver?code=033790&nid=416880046&page=2', 'body': ''}, {'title': '삼성sdi에 전화해봄[7]', 'likes': '33', 'link': '/item/board_read.naver?code=033790&nid=416848198&page=8', 'body': ''}, {'title': '삼성SDI도 LG엔솔도 엘앤에프도 전구체 받으...[1]', 'likes': '20', 'link': '/item/board_read.naver?code=033790&nid=416867494&page=3', 'body': ''}, {'title': '[피노가 삼성 등 유증대금 700억 원]으로 ...[2]', 'likes': '20', 'link': '/item/board_read.naver?code=033790&nid=416866196&page=3', 'body': ''}, {'title': '● 앞으로 매출액이 1조 넘어가게 될듯~[1]', 'likes': '19', 'link': '/item/board_read.naver?code=033790&nid=416881241&page=1', 'body': ''}]",033790
넥스틸,14990,+0.47%,295,KOSPI,14919.0,"[{'title': '이놈', 'likes': '11', 'link': '/item/board_read.naver?code=092790&nid=416883599&page=1', 'body': ''}, {'title': '외인들 오늘 역대급 쌍글이 순 매수 매집의 의미[3]', 'likes': '10', 'link': '/item/board_read.naver?code=092790&nid=416865633&page=5', 'body': ''}, {'title': '철강 무기수요 재건수요 송유관수요!!', 'likes': '9', 'link': '/item/board_read.naver?code=092790&nid=416887008&page=1', 'body': ''}, {'title': '올린놈들이 다 파는거 같애[1]', 'likes': '9', 'link': '/item/board_read.naver?code=092790&nid=416830905&page=11', 'body': ''}, {'title': '쩜상인데요?[3]', 'likes': '8', 'link': '/item/board_read.naver?code=092790&nid=416889915&page=1', 'body': ''}]",092790
에스에너지,1949,+0.26%,27,KOSDAQ,1943.0,"[{'title': '李대통령, 재생에너지 강국 대전환 추경신속 처...', 'likes': '8', 'link': '/item/board_read.naver?code=095910&nid=416838031&page=1', 'body': ''}, {'title': '요새', 'likes': '6', 'link': '/item/board_read.naver?code=095910&nid=416810107&page=2', 'body': ''}, {'title': '해상 풍력은 꽝입니다. 신재생에너지 사업의 진...', 'likes': '5', 'link': '/item/board_read.naver?code=095910&nid=416831756&page=1', 'body': ''}, {'title': '째수~ 시외에서 1,878에 줍줍', 'likes': '4', 'link': '/item/board_read.naver?code=095910&nid=416868276&page=1', 'body': ''}, {'title': '올릴라 하면 프로그램이 매도하네 ㅋㅋㅋ', 'likes': '4', 'link': '/item/board_read.naver?code=095910&nid=416826456&page=1', 'body': ''}]",095910
팬오션,5260,0.00%,17,KOSPI,5260.0,"[{'title': '떨어져봐야 얼마겠어?', 'likes': '11', 'link': '/item/board_read.naver?code=028670&nid=416829093&page=1', 'body': ''}, {'title': '거래량 50만도 안되는데 2퍼가까이박네[1]', 'likes': '8', 'link': '/item/board_read.naver?code=028670&nid=416807095&page=1', 'body': ''}, {'title': '수락산 20-2 노무 s ㄲ[1]', 'likes': '7', 'link': '/item/board_read.naver?code=028670&nid=416878215&page=1', 'body': ''}, {'title': '수락산생쥐~[2]', 'likes': '6', 'link': '/item/board_read.naver?code=028670&nid=416862657&page=1', 'body': ''}, {'title': '제발 지금사지마라[1]', 'likes': '6', 'link': '/item/board_read.naver?code=028670&nid=416818717&page=1', 'body': ''}]",028670
중앙첨단소재,1499,-0.33%,18,KOSDAQ,1503.0,"[{'title': '제발 도망쳐요', 'likes': '3', 'link': '/item/board_read.naver?code=051980&nid=416856745&page=1', 'body': ''}, {'title': '하..', 'likes': '3', 'link': '/item/board_read.naver?code=051980&nid=416835613&page=1', 'body': ''}, {'title': '항상 피뢰침 종가보합 ㅋㅋ[1]', 'likes': '3', 'link': '/item/board_read.naver?code=051980&nid=416816208&page=1', 'body': ''}, {'title': '1500도 또 깨짐 ㅋㅋㅋㅋ', 'likes': '2', 'link': '/item/board_read.naver?code=051980&nid=416850799&page=1', 'body': ''}, {'title': '매집봉 계속 나오네[1]', 'likes': '2', 'link': '/item/board_read.naver?code=051980&nid=416842250&page=1', 'body': ''}]",051980
모나리자,2240,-0.44%,7,KOSPI,2249.0,"[{'title': '눈물 닦을[1]', 'likes': '4', 'link': '/item/board_read.naver?code=012690&nid=416872910&page=1', 'body': ''}, {'title': '휴지', 'likes': '2', 'link': '/item/board_read.naver?code=012690&nid=416872499&page=1', 'body': ''}, {'title': '이란은 휴전  생각이 없는것 같은데..', 'likes': '2', 'link': '/item/board_read.naver?code=012690&nid=416870115&page=1', 'body': ''}, {'title': '모나리자 휴지 8개 샀다.', 'likes': '1', 'link': '/item/board_read.naver?code=012690&nid=416830687&page=1', 'body': ''}, {'title': 'ㅋㅋㅋ', 'likes': '0', 'link': '/item/board_read.naver?code=012690&nid=416849429&page=1', 'body': ''}]",012690
한온시스템,3755,-0.66%,70,KOSPI,3779.0,"[{'title': '방금  3760에...[2]', 'likes': '12', 'link': '/item/board_read.naver?code=018880&nid=416844209&page=2', 'body': ''}, {'title': '반도체로 넘어오세요 형님들[2]', 'likes': '12', 'link': '/item/board_read.naver?code=018880&nid=416804911&page=4', 'body': ''}, {'title': '세력이', 'likes': '11', 'link': '/item/board_read.naver?code=018880&nid=416825213&page=3', 'body': ''}, {'title': '회사가 허벌임', 'likes': '10', 'link': '/item/board_read.naver?code=018880&nid=416836414&page=2', 'body': ''}, {'title': '에휴', 'likes': '9', 'link': '/item/board_read.naver?code=018880&nid=416840940&page=2', 'body': ''}]",018880
한화솔루션,38150,-2.30%,300,KOSPI,39048.0,"[{'title': '막 3300주 동참했다.[2]', 'likes': '46', 'link': '/item/board_read.naver?code=009830&nid=416888589&page=3', 'body': ''}, {'title': '돈 없다며 배당금 1,000억은 꿀꺽[2]', 'likes': '38', 'link': '/item/board_read.naver?code=009830&nid=416888444&page=3', 'body': ''}, {'title': '액트 0.14%만 채우면 임시주총 우리가 주...[3]', 'likes': '38', 'link': '/item/board_read.naver?code=009830&nid=416878680&page=7', 'body': ''}, {'title': '다시 2.86% 0.14%남았어요!!!', 'likes': '38', 'link': '/item/board_read.naver?code=009830&nid=416874920&page=8', 'body': ''}, {'title': '액트 화력이 장난아니네[1]', 'likes': '35', 'link': '/item/board_read.naver?code=009830&nid=416888251&page=3', 'body': ''}]",009830
KoAct 코스닥액티브,11175,-2.40%,40,KOSPI,11449.0,"[{'title': '와 이런걸 전문가들이 만든 etf가 ...[1]', 'likes': '14', 'link': '/item/board_read.naver?code=0163Y0&nid=416817570&page=2', 'body': ''}, {'title': '똥밟았네', 'likes': '9', 'link': '/item/board_read.naver?code=0163Y0&nid=416835553&page=2', 'body': ''}, {'title': '코스닥etf', 'likes': '8', 'link': '/item/board_read.naver?code=0163Y0&nid=416837552&page=2', 'body': ''}, {'title': '전고기준 하락률[2]', 'likes': '7', 'link': '/item/board_read.naver?code=0163Y0&nid=416847160&page=2', 'body': ''}, {'title': '이건 증권사 한탕하려고 만든 것같은데', 'likes': '7', 'link': '/item/board_read.naver?code=0163Y0&nid=416828112&page=2', 'body': ''}]",0163Y0
에이프로젠,295,-2.96%,41,KOSPI,303.0,"[{'title': '아직 흐름파악이 안되었나요?[3]', 'likes': '11', 'link': '/item/board_read.naver?code=007460&nid=416840350&page=2', 'body': ''}, {'title': '잡주의 특징', 'likes': '9', 'link': '/item/board_read.naver?code=007460&nid=416816374&page=2', 'body': ''}, {'title': '참 어이가 없어서 초보로써 한마디합니다.', 'likes': '9', 'link': '/item/board_read.naver?code=007460&nid=416814314&page=2', 'body': ''}, {'title': '4월 15일 이면 15주가 1주가 되는 날[4]', 'likes': '8', 'link': '/item/board_read.naver?code=007460&nid=416846553&page=2', 'body': ''}, {'title': '상폐는 당연한거구[2]', 'likes': '7', 'link': '/item/board_read.naver?code=007460&nid=416854323&page=1', 'body': ''}]",007460
대한해운,2305,-3.56%,65,KOSPI,2390.0,"[{'title': '거꾸로세상 ㅋ 흥아vs대한[3]', 'likes': '13', 'link': '/item/board_read.naver?code=005880&nid=416877046&page=1', 'body': ''}, {'title': '주주들 한테', 'likes': '12', 'link': '/item/board_read.naver?code=005880&nid=416845031&page=2', 'body': ''}, {'title': '제가 한번만더 대한해운을 매수하면 멍멍이가 ...[3]', 'likes': '11', 'link': '/item/board_read.naver?code=005880&nid=416846514&page=2', 'body': ''}, {'title': '이 정도면 조사해 봐야 하지 않나요? 금감원...[1]', 'likes': '11', 'link': '/item/board_read.naver?code=005880&nid=416846197&page=2', 'body': ''}, {'title': '나쁜 오너때문에 많은', 'likes': '9', 'link': '/item/board_read.naver?code=005880&nid=416824349&page=3', 'body': ''}]",005880
쏠리드,15640,-4.05%,120,KOSDAQ,16300.0,"[{'title': '하느님 감사 합니다[1]', 'likes': '12', 'link': '/item/board_read.naver?code=050890&nid=416841119&page=3', 'body': ''}, {'title': '수급 어쩌고 백날 얘기해봐야 오르질 못하면 그...', 'likes': '10', 'link': '/item/board_read.naver?code=050890&nid=416815156&page=5', 'body': ''}, {'title': '에효[1]', 'likes': '9', 'link': '/item/board_read.naver?code=050890&nid=416834385&page=3', 'body': ''}, {'title': '전쟁종식각 낼부터 위로 쏠리드~~~', 'likes': '8', 'link': '/item/board_read.naver?code=050890&nid=416878553&page=1', 'body': ''}, {'title': '15500원대가 지지선인데..', 'likes': '6', 'link': '/item/board_read.naver?code=050890&nid=416857097&page=1', 'body': ''}]",050890
우리기술,20600,-4.63%,233,KOSDAQ,21600.0,"[{'title': '내일 몇퍼 상승할까?[1]', 'likes': '15', 'link': '/item/board_read.naver?code=032820&nid=416867803&page=2', 'body': ''}, {'title': '님들아', 'likes': '15', 'link': '/item/board_read.naver?code=032820&nid=416854683&page=3', 'body': ''}, {'title': '개인처럼보이냐 ㅉㅉ[1]', 'likes': '13', 'link': '/item/board_read.naver?code=032820&nid=416879704&page=1', 'body': ''}, {'title': '죽을줄  모르고', 'likes': '13', 'link': '/item/board_read.naver?code=032820&nid=416828740&page=7', 'body': ''}, {'title': '주주인데 우리기술은 그냥 희망없다[3]', 'likes': '12', 'link': '/item/board_read.naver?code=032820&nid=416881251&page=1', 'body': ''}]",032820
KEC,1495,-5.38%,36,KOSPI,1580.0,"[{'title': '4월10일[3]', 'likes': '6', 'link': '/item/board_read.naver?code=092220&nid=416867031&page=1', 'body': ''}, {'title': '신한 공매도 창구', 'likes': '6', 'link': '/item/board_read.naver?code=092220&nid=416833875&page=1', 'body': ''}, {'title': '5주를 1주로 병합하는데....[1]', 'likes': '5', 'link': '/item/board_read.naver?code=092220&nid=416850574&page=1', 'body': ''}, {'title': '다 털었으면 올라가야지...', 'likes': '5', 'link': '/item/board_read.naver?code=092220&nid=416832127&page=2', 'body': ''}, {'title': '얼마나 악질회사인지', 'likes': '5', 'link': '/item/board_read.naver?code=092220&nid=416807969&page=2', 'body': ''}]",092220
SK증권,1863,-5.77%,90,KOSPI,1977.0,"[{'title': '병합', 'likes': '16', 'link': '/item/board_read.naver?code=001510&nid=416838232&page=3', 'body': ''}, {'title': '잘가라[1]', 'likes': '15', 'link': '/item/board_read.naver?code=001510&nid=416837461&page=3', 'body': ''}, {'title': '재상장 300% 따따상[2]', 'likes': '13', 'link': '/item/board_read.naver?code=001510&nid=416881267&page=1', 'body': ''}, {'title': '3000원[1]', 'likes': '12', 'link': '/item/board_read.naver?code=001510&nid=416828489&page=3', 'body': ''}, {'title': '생각보다[1]', 'likes': '10', 'link': '/item/board_read.naver?code=001510&nid=416858720&page=2', 'body': ''}]",001510
유니슨,1584,-5.83%,78,KOSDAQ,1682.0,"[{'title': '李대통령 ""경제산업·에너지 대전환에 속도를 내...', 'likes': '16', 'link': '/item/board_read.naver?code=018000&nid=416844890&page=2', 'body': ''}, {'title': '🏁유니슨 상반기 조단위 해상풍력 유니슨만 유...', 'likes': '16', 'link': '/item/board_read.naver?code=018000&nid=416841798&page=2', 'body': ''}, {'title': '오늘 매수량은 다 채웠고, 내일 또 매수할게요[1]', 'likes': '12', 'link': '/item/board_read.naver?code=018000&nid=416851206&page=2', 'body': ''}, {'title': '꼭 오른다고 떠드는 애들 있고 나면 공매도..[1]', 'likes': '12', 'link': '/item/board_read.naver?code=018000&nid=416827280&page=3', 'body': ''}, {'title': '""잠 잘 생각 마시라""…李 대통령, 중...', 'likes': '11', 'link': '/item/board_read.naver?code=018000&nid=416870531&page=1', 'body': ''}]",018000
SG세계물산,491,-6.65%,41,KOSPI,525.0,"[{'title': 'SG&G,SG세계물산,SG글로벌 사이 이의범 가...', 'likes': '10', 'link': '/item/board_read.naver?code=004060&nid=416827537&page=2', 'body': ''}, {'title': '오늘부터 거래정지인줄알고', 'likes': '9', 'link': '/item/board_read.naver?code=004060&nid=416840717&page=1', 'body': ''}, {'title': '감사히 잘 받았습니다..ㅎㅎ[1]', 'likes': '7', 'link': '/item/board_read.naver?code=004060&nid=416841702&page=1', 'body': ''}, {'title': '진즉 손털길 잘했네..', 'likes': '6', 'link': '/item/board_read.naver?code=004060&nid=416858292&page=1', 'body': ''}, {'title': '액면가이하다~~ㅋㅋㅋ[3]', 'likes': '6', 'link': '/item/board_read.naver?code=004060&nid=416851245&page=1', 'body': ''}]",004060
케스피온,361,-6.72%,59,KOSDAQ,387.0,"[{'title': '지나가던 나그네의 관전평', 'likes': '8', 'link': '/item/board_read.naver?code=079190&nid=416862720&page=1', 'body': ''}, {'title': '물려있다가 상한가에[2]', 'likes': '7', 'link': '/item/board_read.naver?code=079190&nid=416850780&page=2', 'body': ''}, {'title': '외국인이 완전 손털고 나갔드래요.', 'likes': '5', 'link': '/item/board_read.naver?code=079190&nid=416862610&page=1', 'body': ''}, {'title': '거봐라  뭐랬냐 ㅋㅋㅋ  마이너스 ㅋㅋㅋㅋㅋ[1]', 'likes': '5', 'link': '/item/board_read.naver?code=079190&nid=416854699&page=2', 'body': ''}, {'title': '4월달에[1]', 'likes': '5', 'link': '/item/board_read.naver?code=079190&nid=416851055&page=2', 'body': ''}]",079190
흥아해운,3790,-7.33%,300,KOSPI,4089.0,"[{'title': '자 왜 종전 안되는지 알려줄게[4]', 'likes': '29', 'link': '/item/board_read.naver?code=003280&nid=416886991&page=3', 'body': ''}, {'title': '뭐가 걱정인가[2]', 'likes': '24', 'link': '/item/board_read.naver?code=003280&nid=416886917&page=3', 'body': ''}, {'title': '시외 매수한 사람들이[1]', 'likes': '24', 'link': '/item/board_read.naver?code=003280&nid=416885990&page=3', 'body': ''}, {'title': '속보, 이란내 가스전 폭격중[2]', 'likes': '21', 'link': '/item/board_read.naver?code=003280&nid=416887383&page=3', 'body': ''}, {'title': '이란측 공식뉴스 나옴~ 주가 돌려놓으시길 ...[1]', 'likes': '19', 'link': '/item/board_read.naver?code=003280&nid=416884807&page=4', 'body': ''}]",003280
휴스틸,5620,-7.72%,126,KOSPI,6090.0,"[{'title': '창피한줄 알아라[1]', 'likes': '11', 'link': '/item/board_read.naver?code=005010&nid=416846486&page=4', 'body': ''}, {'title': '봣냐 시간외매도자', 'likes': '7', 'link': '/item/board_read.naver?code=005010&nid=416881860&page=1', 'body': ''}, {'title': '기관도 털고있네 ㅎ[3]', 'likes': '7', 'link': '/item/board_read.naver?code=005010&nid=416866378&page=2', 'body': ''}, {'title': '거부 ㅎ', 'likes': '6', 'link': '/item/board_read.naver?code=005010&nid=416880583&page=1', 'body': ''}, {'title': '프리스트야[1]', 'likes': '5', 'link': '/item/board_read.naver?code=005010&nid=416886718&page=1', 'body': ''}]",005010
에이전트AI,345,-8.49%,10,KOSDAQ,377.0,"[{'title': '태양광?ㅋㅋㅋㅋ 수리업체가ㅋㅋ', 'likes': '5', 'link': '/item/board_read.naver?code=060900&nid=416842212&page=1', 'body': ''}, {'title': '징글징글하다 잡주', 'likes': '4', 'link': '/item/board_read.naver?code=060900&nid=416833368&page=1', 'body': ''}, {'title': '기사난 논문은 아무나 올릴수있다는데..', 'likes': '4', 'link': '/item/board_read.naver?code=060900&nid=416826313&page=1', 'body': ''}, {'title': '찌라시 던지고 먹는게', 'likes': '2', 'link': '/item/board_read.naver?code=060900&nid=416836942&page=1', 'body': ''}, {'title': '평단가 1만원 ㅠㅠ', 'likes': '2', 'link': '/item/board_read.naver?code=060900&nid=416806225&page=1', 'body': ''}]",060900
SK이터닉스,62000,-9.09%,298,KOSPI,68199.0,"[{'title': '전쟁끝나면 더 오른다[1]', 'likes': '23', 'link': '/item/board_read.naver?code=475150&nid=416886499&page=3', 'body': ''}, {'title': '트럼프가[3]', 'likes': '20', 'link': '/item/board_read.naver?code=475150&nid=416889595&page=2', 'body': ''}, {'title': '●앞으로', 'likes': '18', 'link': '/item/board_read.naver?code=475150&nid=416886964&page=3', 'body': ''}, {'title': '오늘 털린애들 반성해라', 'likes': '17', 'link': '/item/board_read.naver?code=475150&nid=416890368&page=1', 'body': ''}, {'title': '내일 7만원 뚫는 날임 ㅋㅋㅋㅋㅋㅋㅋㅋ[1]', 'likes': '16', 'link': '/item/board_read.naver?code=475150&nid=416881006&page=6', 'body': ''}]",475150
한국ANKOR유전,267,-9.49%,119,KOSPI,294.0,"[{'title': '[속보] ""미국·이란, 휴전 후 종전 2단계 ...[7]', 'likes': '6', 'link': '/item/board_read.naver?code=152550&nid=416863999&page=2', 'body': ''}, {'title': '오늘 상한가 가도 383원,  400원도 ...', 'likes': '6', 'link': '/item/board_read.naver?code=152550&nid=416813911&page=5', 'body': ''}, {'title': '이란도  미국도  한치도  양보  없단다  ~', 'likes': '5', 'link': '/item/board_read.naver?code=152550&nid=416857431&page=2', 'body': ''}, {'title': '이제는…………[1]', 'likes': '5', 'link': '/item/board_read.naver?code=152550&nid=416852458&page=2', 'body': ''}, {'title': '낼부터 줄쩜상 2차폭등 시작.또람프때문에 미국 ...[2]', 'likes': '4', 'link': '/item/board_read.naver?code=152550&nid=416887652&page=1', 'body': ''}]",152550
우리로,6950,-9.74%,216,KOSDAQ,7699.0,"[{'title': '예언...[4]', 'likes': '30', 'link': '/item/board_read.naver?code=046970&nid=416872508&page=2', 'body': ''}, {'title': '시간외3.6%폭등마감우리로[2]', 'likes': '29', 'link': '/item/board_read.naver?code=046970&nid=416877843&page=1', 'body': ''}, {'title': '내일[2]', 'likes': '17', 'link': '/item/board_read.naver?code=046970&nid=416878354&page=1', 'body': ''}, {'title': '""주식 시장은 인내심 없는 사람의 돈을 인내심...[4]', 'likes': '15', 'link': '/item/board_read.naver?code=046970&nid=416858949&page=3', 'body': ''}, {'title': '왕의 귀환[3]', 'likes': '14', 'link': '/item/board_read.naver?code=046970&nid=416887520&page=1', 'body': ''}]",046970
퍼스텍,7910,-13.36%,111,KOSPI,9129.0,"[{'title': '허허[2]', 'likes': '10', 'link': '/item/board_read.naver?code=010820&nid=416887522&page=1', 'body': ''}, {'title': '개미들아 인간적으로 그만 사라. 받치놓지마...[1]', 'likes': '8', 'link': '/item/board_read.naver?code=010820&nid=416845626&page=3', 'body': ''}, {'title': '2025년 수주잔고  참고만...', 'likes': '7', 'link': '/item/board_read.naver?code=010820&nid=416872637&page=2', 'body': ''}, {'title': '외국인 기관 전부 다 팔아먹고 나갔다  정...', 'likes': '7', 'link': '/item/board_read.naver?code=010820&nid=416846190&page=3', 'body': ''}, {'title': '오후엔 어차피8200에 마무리하니까[1]', 'likes': '7', 'link': '/item/board_read.naver?code=010820&nid=416835472&page=3', 'body': ''}]",010820
