"LastWriteTime","FullName"
"2026-04-02 ?? 3:40:30","C:\Users\Hoon_DT\gemini\stock\trade\auth.py.bak_GP_6"
"2026-04-02 ?? 3:07:07","C:\Users\Hoon_DT\gemini\stock\.github\workflows\scraper.yml.bak_GP_5"
"2026-04-02 ?? 2:48:57","C:\Users\Hoon_DT\gemini\stock\scraper.py.bak_GP_4"
"2026-04-02 ?? 2:47:51","C:\Users\Hoon_DT\gemini\stock\trade\auth.py.bak_GP_4"
"2026-04-02 ?? 2:47:51","C:\Users\Hoon_DT\gemini\stock\trade\auth.py.bak_GP_5"
"2026-04-02 ?? 1:38:48","C:\Users\Hoon_DT\gemini\stock\trade\balance.py.bak_GP_4"
"2026-04-02 ?? 1:38:48","C:\Users\Hoon_DT\gemini\stock\trade\balance.py.bak_GP_6"
"2026-04-02 ?? 1:38:48","C:\Users\Hoon_DT\gemini\stock\scraper.py.bak_GP_3"
"2026-04-02 ?? 1:38:48","C:\Users\Hoon_DT\gemini\stock\.github\workflows\scraper.yml.bak_GP_4"
"2026-04-02 ?? 12:25:36","C:\Users\Hoon_DT\gemini\stock\scraper.py.bak_GP_2"
"2026-04-02 ?? 12:12:44","C:\Users\Hoon_DT\gemini\stock\trade\balance.py.bak_GP_2"
"2026-04-02 ?? 12:12:32","C:\Users\Hoon_DT\gemini\stock\src\trade_executor.py.bak_GP_2"
"2026-04-02 ?? 12:09:55","C:\Users\Hoon_DT\gemini\stock\src\notification\notification_service.py.bak_GP_2"
"2026-04-02 ?? 12:08:49","C:\Users\Hoon_DT\gemini\stock\src\config_validator.py.bak_GP_2"
"2026-03-24 ?? 5:36:27","C:\Users\Hoon_DT\gemini\stock\scraper.py.bak_20260402"
"2026-03-18 ?? 12:31:37","C:\Users\Hoon_DT\gemini\stock\trade\balance.py.bak_20260402"
"2026-03-18 ?? 12:31:37","C:\Users\Hoon_DT\gemini\stock\src\trade_executor.py.bak_20260402"
