시장구분,code,종목명,현재가,현재_외국인비중,어제_종가,어제_외국인비중,등락률,당일_게시글수,게시물_요약,감정분석,Top_Keyword,연속_등록,latest_posts
KOSDAQ,0015G0,그린광학,21600,0.50%,17010,1.24%,+26.98%,191,"55천원에 있으신분[1] / 매집 강도로 보면, 시간외에 다시 올라갑...[2] / 시간외 졸라 떨어짐[3] / 상한가 안가도 들고 있어[2]",Positive (68%),"오늘, 이상, 상승했어요",False,"[{'title': '55천원에 있으신분[1]', 'date': '2026.01.06 10:17', 'views': '207', 'likes': '10', 'dislikes': '2', 'link': '/item/board_read.naver?code=0015G0&nid=409712259&page=9', 'body': '', 'score': 507}, {'title': '매집 강도로 보면, 시간외에 다시 올라갑...[2]', 'date': '2026.01.06 15:29', 'views': '164', 'likes': '7', 'dislikes': '5', 'link': '/item/board_read.naver?code=0015G0&nid=409750802&page=2', 'body': '', 'score': 374}, {'title': '시간외 졸라 떨어짐[3]', 'date': '2026.01.06 17:02', 'views': '178', 'likes': '6', 'dislikes': '4', 'link': '/item/board_read.naver?code=0015G0&nid=409758039&page=1', 'body': '', 'score': 358}, {'title': '상한가 안가도 들고 있어[2]', 'date': '2026.01.06 14:38', 'views': '152', 'likes': '6', 'dislikes': '2', 'link': '/item/board_read.naver?code=0015G0&nid=409744136&page=5', 'body': '', 'score': 332}, {'title': '40000원에 물려서[1]', 'date': '2026.01.06 12:58', 'views': '87', 'likes': '5', 'dislikes': '2', 'link': '/item/board_read.naver?code=0015G0&nid=409731900&page=6', 'body': '', 'score': 237}, {'title': '22000원대  물량[1]', 'date': '2026.01.06 12:29', 'views': '93', 'likes': '5', 'dislikes': '3', 'link': '/item/board_read.naver?code=0015G0&nid=409728992&page=7', 'body': '', 'score': 243}, {'title': '오늘 왜 상갈거같냐 이거[1]', 'date': '2026.01.06 10:20', 'views': '66', 'likes': '5', 'dislikes': '3', 'link': '/item/board_read.naver?code=0015G0&nid=409712709&page=9', 'body': '', 'score': 216}, {'title': '최소 55000원 봅니다', 'date': '2026.01.06 09:35', 'views': '32', 'likes': '5', 'dislikes': '3', 'link': '/item/board_read.naver?code=0015G0&nid=409705635&page=10', 'body': '', 'score': 182}, {'title': '이거 주도주됩니다', 'date': '2026.01.06 09:34', 'views': '46', 'likes': '5', 'dislikes': '1', 'link': '/item/board_read.naver?code=0015G0&nid=409705450&page=10', 'body': '', 'score': 196}, {'title': '막판에 괜히 매수한거 아닌가요', 'date': '2026.01.06 15:45', 'views': '96', 'likes': '4', 'dislikes': '1', 'link': '/item/board_read.naver?code=0015G0&nid=409752589&page=2', 'body': '', 'score': 216}]"
KOSDAQ,053450,세코닉스,6800,5.64%,5540,7.50%,+22.74%,200,"엔비디아 홈페이지에  자율주행차 카메라...[6] / 긴급)세코닉스, 엔비디아 자율주행 전방 카메라... / 테슬라묻으면 못묵어도 고...[2] / 오랜 장기간횡보를 끝내고 엔비디아 자율...",Positive (63%),"엔비디아, 상한가, 세코닉스",False,"[{'title': '엔비디아 홈페이지에  자율주행차 카메라...[6]', 'date': '2026.01.06 12:38', 'views': '394', 'likes': '18', 'dislikes': '5', 'link': '/item/board_read.naver?code=053450&nid=409729957&page=6', 'body': '', 'score': 934}, {'title': '긴급)세코닉스, 엔비디아 자율주행 전방 카메라...', 'date': '2026.01.06 09:59', 'views': '489', 'likes': '11', 'dislikes': '6', 'link': '/item/board_read.naver?code=053450&nid=409709570&page=8', 'body': '', 'score': 819}, {'title': '존뉴스 매도자제', 'date': '2026.01.06 15:30', 'views': '72', 'likes': '7', 'dislikes': '6', 'link': '/item/board_read.naver?code=053450&nid=409750832&page=2', 'body': '', 'score': 282}, {'title': '재료가 많이 큰거네', 'date': '2026.01.06 17:42', 'views': '41', 'likes': '6', 'dislikes': '0', 'link': '/item/board_read.naver?code=053450&nid=409760119&page=1', 'body': '', 'score': 221}, {'title': '테슬라묻으면 못묵어도 고...[2]', 'date': '2026.01.06 17:08', 'views': '138', 'likes': '6', 'dislikes': '0', 'link': '/item/board_read.naver?code=053450&nid=409758365&page=1', 'body': '', 'score': 318}, {'title': '오랜 장기간횡보를 끝내고 엔비디아 자율...', 'date': '2026.01.06 16:39', 'views': '118', 'likes': '6', 'dislikes': '0', 'link': '/item/board_read.naver?code=053450&nid=409756654&page=1', 'body': '', 'score': 298}, {'title': '기관 입성', 'date': '2026.01.06 15:39', 'views': '57', 'likes': '6', 'dislikes': '5', 'link': '/item/board_read.naver?code=053450&nid=409751860&page=2', 'body': '', 'score': 237}, {'title': '형은 세코닉스 장기로 본다', 'date': '2026.01.06 15:32', 'views': '70', 'likes': '6', 'dislikes': '1', 'link': '/item/board_read.naver?code=053450&nid=409751071&page=2', 'body': '', 'score': 250}, {'title': '로봇택시 + 로봇  PER 7배 엔비디아가 선...[1]', 'date': '2026.01.06 14:45', 'views': '69', 'likes': '6', 'dislikes': '0', 'link': '/item/board_read.naver?code=053450&nid=409745040&page=4', 'body': '', 'score': 249}, {'title': '세코닉스 25년만에 사상초유 거래량 ...', 'date': '2026.01.06 18:13', 'views': '76', 'likes': '5', 'dislikes': '0', 'link': '/item/board_read.naver?code=053450&nid=409761505&page=1', 'body': '', 'score': 226}]"
KOSDAQ,474170,루미르,12000,1.95%,10270,1.87%,+16.85%,208,종배하면서 느낀점.[2] / 루미르 상승이유 / 스페이스 X와 계약이다!!!!! / 상한가는 내일 가려고 합니다,Positive (56%),"상한가, ㅋㅋ, ...",False,"[{'title': '루미르 상승이유', 'date': '2026.01.06 17:24', 'views': '97', 'likes': '8', 'dislikes': '1', 'link': '/item/board_read.naver?code=474170&nid=409759202&page=1', 'body': '', 'score': 337}, {'title': '스페이스 X와 계약이다!!!!!', 'date': '2026.01.06 12:32', 'views': '39', 'likes': '7', 'dislikes': '0', 'link': '/item/board_read.naver?code=474170&nid=409729312&page=7', 'body': '', 'score': 249}, {'title': '종배하면서 느낀점.[2]', 'date': '2026.01.06 17:00', 'views': '262', 'likes': '6', 'dislikes': '5', 'link': '/item/board_read.naver?code=474170&nid=409757933&page=1', 'body': '', 'score': 442}, {'title': '상한가는 내일 가려고 합니다', 'date': '2026.01.06 15:33', 'views': '55', 'likes': '6', 'dislikes': '5', 'link': '/item/board_read.naver?code=474170&nid=409751171&page=2', 'body': '', 'score': 235}, {'title': 'ㅋㅋ[2]', 'date': '2026.01.06 17:46', 'views': '75', 'likes': '5', 'dislikes': '2', 'link': '/item/board_read.naver?code=474170&nid=409760332&page=1', 'body': '', 'score': 225}, {'title': '아직 루미르 1호도 발사안했는데 3,4,5호기...', 'date': '2026.01.06 16:43', 'views': '52', 'likes': '5', 'dislikes': '1', 'link': '/item/board_read.naver?code=474170&nid=409756894&page=1', 'body': '', 'score': 202}, {'title': '월봉상 삼돌이패턴..', 'date': '2026.01.06 16:55', 'views': '58', 'likes': '4', 'dislikes': '2', 'link': '/item/board_read.naver?code=474170&nid=409757644&page=1', 'body': '', 'score': 178}, {'title': '돈복사방법[2]', 'date': '2026.01.06 15:53', 'views': '86', 'likes': '4', 'dislikes': '5', 'link': '/item/board_read.naver?code=474170&nid=409753383&page=1', 'body': '', 'score': 206}, {'title': '이런 걸 왜사가지고', 'date': '2026.01.06 15:32', 'views': '39', 'likes': '4', 'dislikes': '1', 'link': '/item/board_read.naver?code=474170&nid=409751129&page=2', 'body': '', 'score': 159}, {'title': '먼 물량이 끝도 없냐 ㅋㅋㅋㅋㅋㅋ', 'date': '2026.01.06 15:13', 'views': '63', 'likes': '4', 'dislikes': '0', 'link': '/item/board_read.naver?code=474170&nid=409748795&page=2', 'body': '', 'score': 183}]"
KOSPI,006800,미래에셋증권,28700,11.55%,25500,10.98%,+12.55%,274,무슨 호재 3개가 한번에 ㅡ[2] / 저는 이만 물러갑니다 ^ ^ / 28500원에 JP모간 100만주 매수[2] / 5major Good News and...[1],Positive (62%),"오늘, ..., 미래에셋증권",False,"[{'title': '저는 이만 물러갑니다 ^ ^', 'date': '2026.01.06 10:23', 'views': '237', 'likes': '16', 'dislikes': '0', 'link': '/item/board_read.naver?code=006800&nid=409713194&page=11', 'body': '', 'score': 717}, {'title': '5major Good News and...[1]', 'date': '2026.01.06 13:40', 'views': '169', 'likes': '15', 'dislikes': '1', 'link': '/item/board_read.naver?code=006800&nid=409736373&page=6', 'body': '', 'score': 619}, {'title': '28500원에 JP모간 100만주 매수[2]', 'date': '2026.01.06 18:09', 'views': '323', 'likes': '13', 'dislikes': '4', 'link': '/item/board_read.naver?code=006800&nid=409761333&page=1', 'body': '', 'score': 713}, {'title': '무슨 호재 3개가 한번에 ㅡ[2]', 'date': '2026.01.06 15:32', 'views': '337', 'likes': '13', 'dislikes': '4', 'link': '/item/board_read.naver?code=006800&nid=409751134&page=4', 'body': '', 'score': 727}, {'title': '두나무ㆍ스페이스Xㅡ세계최대수혜주', 'date': '2026.01.06 09:17', 'views': '49', 'likes': '11', 'dislikes': '0', 'link': '/item/board_read.naver?code=006800&nid=409702212&page=14', 'body': '', 'score': 379}, {'title': '외국인 매동 대박[1]', 'date': '2026.01.06 17:21', 'views': '115', 'likes': '10', 'dislikes': '1', 'link': '/item/board_read.naver?code=006800&nid=409759008&page=1', 'body': '', 'score': 415}, {'title': '자사주도 많고 호재도 많고', 'date': '2026.01.06 17:31', 'views': '84', 'likes': '9', 'dislikes': '0', 'link': '/item/board_read.naver?code=006800&nid=409759566&page=1', 'body': '', 'score': 354}, {'title': '미래에셋증권', 'date': '2026.01.06 14:35', 'views': '121', 'likes': '9', 'dislikes': '0', 'link': '/item/board_read.naver?code=006800&nid=409743733&page=5', 'body': '', 'score': 391}, {'title': '■■■3만원 진입 초읽기■■■[1]', 'date': '2026.01.06 11:35', 'views': '181', 'likes': '9', 'dislikes': '1', 'link': '/item/board_read.naver?code=006800&nid=409722941&page=9', 'body': '', 'score': 451}, {'title': '뭔 리포트 타령이야 ㅋㅋㅋ 이미', 'date': '2026.01.06 09:17', 'views': '252', 'likes': '9', 'dislikes': '0', 'link': '/item/board_read.naver?code=006800&nid=409702220&page=14', 'body': '', 'score': 522}]"
KOSPI,042700,한미반도체,183700,8.62%,167300,8.18%,+9.80%,800,"요새 돈벼락 맞은 거 같다[6] / 동지들에게 고한다...[4] / ﻿마이크론, 대규모 'HBM4' 증설...[3] / 가만히 착석해라[2]",Negative (67%),"연기금, 공매도, 오늘",False,"[{'title': '동지들에게 고한다...[4]', 'date': '2026.01.06 15:59', 'views': '259', 'likes': '35', 'dislikes': '0', 'link': '/item/board_read.naver?code=042700&nid=409753849&page=12', 'body': '', 'score': 1309}, {'title': '요새 돈벼락 맞은 거 같다[6]', 'date': '2026.01.06 15:59', 'views': '430', 'likes': '31', 'dislikes': '0', 'link': '/item/board_read.naver?code=042700&nid=409753834&page=12', 'body': '', 'score': 1360}, {'title': '가만히 착석해라[2]', 'date': '2026.01.06 16:46', 'views': '269', 'likes': '26', 'dislikes': '2', 'link': '/item/board_read.naver?code=042700&nid=409757122&page=9', 'body': '', 'score': 1049}, {'title': '투자 경고도 없는데 왜 쫄아들..', 'date': '2026.01.06 16:42', 'views': '169', 'likes': '26', 'dislikes': '1', 'link': '/item/board_read.naver?code=042700&nid=409756836&page=9', 'body': '', 'score': 949}, {'title': '공매들 미치는중 ㅋㅋㅋㅋㅋㅋ', 'date': '2026.01.06 15:30', 'views': '165', 'likes': '26', 'dislikes': '0', 'link': '/item/board_read.naver?code=042700&nid=409750931&page=16', 'body': '', 'score': 945}, {'title': ""\ufeff마이크론, 대규모 'HBM4' 증설...[3]"", 'date': '2026.01.06 16:24', 'views': '529', 'likes': '25', 'dislikes': '2', 'link': '/item/board_read.naver?code=042700&nid=409755716&page=10', 'body': '', 'score': 1279}, {'title': '위대한 이재명 대통령을 연임 시키자', 'date': '2026.01.06 16:18', 'views': '59', 'likes': '24', 'dislikes': '7', 'link': '/item/board_read.naver?code=042700&nid=409755284&page=10', 'body': '', 'score': 779}, {'title': '아직도 프로그램이 흔드는 중이니까 그냥 앱 들어...', 'date': '2026.01.06 16:09', 'views': '101', 'likes': '24', 'dislikes': '2', 'link': '/item/board_read.naver?code=042700&nid=409754654&page=11', 'body': '', 'score': 821}, {'title': '하락에 베팅한 분들 못들으셨나?', 'date': '2026.01.06 18:27', 'views': '164', 'likes': '23', 'dislikes': '0', 'link': '/item/board_read.naver?code=042700&nid=409762111&page=1', 'body': '', 'score': 854}, {'title': '넥장이 그러든말든 낼 19만 돌파[1]', 'date': '2026.01.06 17:40', 'views': '184', 'likes': '23', 'dislikes': '1', 'link': '/item/board_read.naver?code=042700&nid=409760045&page=4', 'body': '', 'score': 874}]"
KOSPI,012200,계양전기,8450,0.00%,7900,0.00%,+6.96%,325,세력이 개미들 갖고노네요[1] / 현대차에서 로봇 100만대 양산하면...[1] / 현대자동차프리 초상승폭크다!! / 안티들아 ㅋㅋㅋㅋㅋ 니들 말대로 6 천 ...[2],Positive (51%),"★★★, 거래정지, 오늘",False,"[{'title': '세력이 개미들 갖고노네요[1]', 'date': '2026.01.06 17:29', 'views': '149', 'likes': '19', 'dislikes': '5', 'link': '/item/board_read.naver?code=012200&nid=409759463&page=1', 'body': '', 'score': 719}, {'title': '현대차에서 로봇 100만대 양산하면...[1]', 'date': '2026.01.06 16:18', 'views': '206', 'likes': '13', 'dislikes': '3', 'link': '/item/board_read.naver?code=012200&nid=409755327&page=2', 'body': '', 'score': 596}, {'title': '현대자동차프리 초상승폭크다!!', 'date': '2026.01.06 08:11', 'views': '90', 'likes': '13', 'dislikes': '4', 'link': '/item/board_read.naver?code=012200&nid=409695564&page=17', 'body': '', 'score': 480}, {'title': '우선주로 왠종일 시간외에서까지 상한가 만들다가 ...', 'date': '2026.01.06 17:02', 'views': '104', 'likes': '11', 'dislikes': '5', 'link': '/item/board_read.naver?code=012200&nid=409758020&page=2', 'body': '', 'score': 434}, {'title': '가치투자3 주식을 못하면 걍 접어 ㅋㅋㅋㅋ[3]', 'date': '2026.01.06 15:21', 'views': '108', 'likes': '11', 'dislikes': '4', 'link': '/item/board_read.naver?code=012200&nid=409749740&page=5', 'body': '', 'score': 438}, {'title': '안티들아 ㅋㅋㅋㅋㅋ 니들 말대로 6 천 ...[2]', 'date': '2026.01.06 12:19', 'views': '124', 'likes': '11', 'dislikes': '2', 'link': '/item/board_read.naver?code=012200&nid=409727928&page=11', 'body': '', 'score': 454}, {'title': '삼성에 례인보우  있다면  현대차에 계양전기 있...', 'date': '2026.01.06 10:25', 'views': '55', 'likes': '11', 'dislikes': '1', 'link': '/item/board_read.naver?code=012200&nid=409713517&page=13', 'body': '', 'score': 385}, {'title': '안정적,,,', 'date': '2026.01.06 10:12', 'views': '27', 'likes': '11', 'dislikes': '0', 'link': '/item/board_read.naver?code=012200&nid=409711605&page=13', 'body': '', 'score': 357}, {'title': '우선주는 허매수, 허매도 장난이 너무 심하고.....', 'date': '2026.01.06 16:17', 'views': '61', 'likes': '10', 'dislikes': '1', 'link': '/item/board_read.naver?code=012200&nid=409755226&page=2', 'body': '', 'score': 361}, {'title': '진즉 출근 했씀다♡♡♡ 모베드 ᆢ', 'date': '2026.01.06 10:51', 'views': '70', 'likes': '10', 'dislikes': '1', 'link': '/item/board_read.naver?code=012200&nid=409717178&page=12', 'body': '', 'score': 370}]"
KOSDAQ,274090,켄코아에어로스페이스,21400,4.46%,20450,4.87%,+4.65%,244,"한화에어로스페이스, 달착륙선에 탑재할 ...[2] / 열처리 머시기 인수한거보니 / [Who Is ?] 이민규 켄코아에어로...[1] / 오늘 오후장 많이들 파시겠네[2]",Negative (62%),"오늘, 투경, 매도",False,"[{'title': '한화에어로스페이스, 달착륙선에 탑재할 ...[2]', 'date': '2026.01.06 16:28', 'views': '327', 'likes': '14', 'dislikes': '1', 'link': '/item/board_read.naver?code=274090&nid=409755992&page=1', 'body': '', 'score': 747}, {'title': '열처리 머시기 인수한거보니', 'date': '2026.01.06 15:40', 'views': '258', 'likes': '8', 'dislikes': '1', 'link': '/item/board_read.naver?code=274090&nid=409751978&page=2', 'body': '', 'score': 498}, {'title': '이번주 3만5천원 돌파합니다[1]', 'date': '2026.01.06 14:22', 'views': '112', 'likes': '7', 'dislikes': '4', 'link': '/item/board_read.naver?code=274090&nid=409741980&page=4', 'body': '', 'score': 322}, {'title': '[Who Is ?] 이민규 켄코아에어로...[1]', 'date': '2026.01.06 16:57', 'views': '196', 'likes': '6', 'dislikes': '2', 'link': '/item/board_read.naver?code=274090&nid=409757713&page=1', 'body': '', 'score': 376}, {'title': '오늘 오후장 많이들 파시겠네[2]', 'date': '2026.01.06 14:00', 'views': '181', 'likes': '6', 'dislikes': '4', 'link': '/item/board_read.naver?code=274090&nid=409739118&page=4', 'body': '', 'score': 361}, {'title': '차트보니 완전 박살난듯;;[1]', 'date': '2026.01.06 13:59', 'views': '103', 'likes': '6', 'dislikes': '0', 'link': '/item/board_read.naver?code=274090&nid=409738972&page=4', 'body': '', 'score': 283}, {'title': '투자위험 관련', 'date': '2026.01.06 15:30', 'views': '102', 'likes': '5', 'dislikes': '0', 'link': '/item/board_read.naver?code=274090&nid=409750882&page=2', 'body': '', 'score': 252}, {'title': '앞으로 더 어려울까요 ㅠㅠ[1]', 'date': '2026.01.06 14:08', 'views': '155', 'likes': '5', 'dislikes': '1', 'link': '/item/board_read.naver?code=274090&nid=409740132&page=4', 'body': '', 'score': 305}, {'title': '곧 재료소멸 급락', 'date': '2026.01.06 11:32', 'views': '20', 'likes': '5', 'dislikes': '2', 'link': '/item/board_read.naver?code=274090&nid=409722549&page=9', 'body': '', 'score': 170}, {'title': '요즘핫한 우주항공 테마에 시총3천억밖에 ...[2]', 'date': '2026.01.06 11:12', 'views': '101', 'likes': '5', 'dislikes': '0', 'link': '/item/board_read.naver?code=274090&nid=409720112&page=10', 'body': '', 'score': 251}]"
KOSPI,000660,SK하이닉스,726000,53.87%,696000,53.82%,+4.31%,800,이재명 역사에 기록되는 위인될듯.[4] / 이제 미장이라고 생각하고 주식해야함[5] / 진짜 무조건 홀딩해라..[4] / 진짜 이재명이 코스피를 이렇게 살려 놓았네[3],Positive (54%),"오늘, 하이닉스, ...",False,"[{'title': '이재명 역사에 기록되는 위인될듯.[4]', 'date': '2026.01.06 15:26', 'views': '190', 'likes': '41', 'dislikes': '9', 'link': '/item/board_read.naver?code=000660&nid=409750392&page=13', 'body': '', 'score': 1420}, {'title': '진짜 이재명이 코스피를 이렇게 살려 놓았네[3]', 'date': '2026.01.06 16:26', 'views': '210', 'likes': '33', 'dislikes': '16', 'link': '/item/board_read.naver?code=000660&nid=409755892&page=8', 'body': '', 'score': 1200}, {'title': '진짜 무조건 홀딩해라..[4]', 'date': '2026.01.06 16:12', 'views': '424', 'likes': '26', 'dislikes': '2', 'link': '/item/board_read.naver?code=000660&nid=409754922&page=8', 'body': '', 'score': 1204}, {'title': '사상 최초 대한민국 코스피 4500 ...[5]', 'date': '2026.01.06 15:32', 'views': '161', 'likes': '26', 'dislikes': '8', 'link': '/item/board_read.naver?code=000660&nid=409751127&page=12', 'body': '', 'score': 941}, {'title': '이제 미장이라고 생각하고 주식해야함[5]', 'date': '2026.01.06 17:06', 'views': '661', 'likes': '25', 'dislikes': '1', 'link': '/item/board_read.naver?code=000660&nid=409758268&page=5', 'body': '', 'score': 1411}, {'title': '저렇게 잘하는 대통령안뽑고[6]', 'date': '2026.01.06 13:58', 'views': '151', 'likes': '25', 'dislikes': '5', 'link': '/item/board_read.naver?code=000660&nid=409738933&page=27', 'body': '', 'score': 901}, {'title': '내일 종가는 74만닉스[2]', 'date': '2026.01.06 18:25', 'views': '207', 'likes': '23', 'dislikes': '0', 'link': '/item/board_read.naver?code=000660&nid=409762020&page=1', 'body': '', 'score': 897}, {'title': '5년 너무짧다. 잼통 50년 통치하길 청원합니...[3]', 'date': '2026.01.06 17:24', 'views': '128', 'likes': '22', 'dislikes': '12', 'link': '/item/board_read.naver?code=000660&nid=409759163&page=5', 'body': '', 'score': 788}, {'title': '성지가 된 내글[1]', 'date': '2026.01.06 16:36', 'views': '229', 'likes': '21', 'dislikes': '0', 'link': '/item/board_read.naver?code=000660&nid=409756509&page=7', 'body': '', 'score': 859}, {'title': '애프터마켓에서 매도 하는 꼴 이라니~ ㅋㅋㅋ[5]', 'date': '2026.01.06 16:15', 'views': '431', 'likes': '21', 'dislikes': '2', 'link': '/item/board_read.naver?code=000660&nid=409755087&page=8', 'body': '', 'score': 1061}]"
KOSPI,034020,두산에너빌리티,85900,23.10%,83200,23.13%,+3.25%,598,외인 종가에 백만주 넘게 샀네 ㅎㅎㅎ[2] / 신한 하루종일 누르다 막판 10분에 상환 / 계약 소식[1] / 두산에너빌과 가스터빈 계약했던 美 기업은 '일...[2],Positive (50%),"오늘, ..., 신한",False,"[{'title': '신한 하루종일 누르다 막판 10분에 상환', 'date': '2026.01.06 16:02', 'views': '473', 'likes': '42', 'dislikes': '2', 'link': '/item/board_read.naver?code=034020&nid=409754079&page=5', 'body': '', 'score': 1733}, {'title': '외인 종가에 백만주 넘게 샀네 ㅎㅎㅎ[2]', 'date': '2026.01.06 15:41', 'views': '842', 'likes': '36', 'dislikes': '4', 'link': '/item/board_read.naver?code=034020&nid=409752100&page=5', 'body': '', 'score': 1922}, {'title': ""두산에너빌과 가스터빈 계약했던 美 기업은 '일...[2]"", 'date': '2026.01.06 16:28', 'views': '421', 'likes': '28', 'dislikes': '0', 'link': '/item/board_read.naver?code=034020&nid=409756027&page=4', 'body': '', 'score': 1261}, {'title': '공매의 마지막 발악일 뿐이다!! 매도 주체...[2]', 'date': '2026.01.06 11:25', 'views': '328', 'likes': '24', 'dislikes': '2', 'link': '/item/board_read.naver?code=034020&nid=409721741&page=15', 'body': '', 'score': 1048}, {'title': '계약 소식[1]', 'date': '2026.01.06 14:01', 'views': '761', 'likes': '22', 'dislikes': '4', 'link': '/item/board_read.naver?code=034020&nid=409739268&page=9', 'body': '', 'score': 1421}, {'title': '머스크가 직접  언급했네~', 'date': '2026.01.06 17:10', 'views': '223', 'likes': '20', 'dislikes': '2', 'link': '/item/board_read.naver?code=034020&nid=409758452&page=3', 'body': '', 'score': 823}, {'title': '일론 머스크의 xAI가 한국의 두산에너빌리티로부...', 'date': '2026.01.06 13:24', 'views': '458', 'likes': '20', 'dislikes': '1', 'link': '/item/board_read.naver?code=034020&nid=409734505&page=12', 'body': '', 'score': 1058}, {'title': '오늘 최소 97400원은 돌파하겠지.[1]', 'date': '2026.01.06 08:43', 'views': '126', 'likes': '19', 'dislikes': '5', 'link': '/item/board_read.naver?code=034020&nid=409697895&page=27', 'body': '', 'score': 696}, {'title': '신한 70만주 한방에.. ㅋㅋㅋ[1]', 'date': '2026.01.06 15:23', 'views': '392', 'likes': '18', 'dislikes': '2', 'link': '/item/board_read.naver?code=034020&nid=409749975&page=6', 'body': '', 'score': 932}, {'title': '진짜 기가막힌 하루다..[1]', 'date': '2026.01.06 15:21', 'views': '324', 'likes': '18', 'dislikes': '2', 'link': '/item/board_read.naver?code=034020&nid=409749804&page=6', 'body': '', 'score': 864}]"
KOSDAQ,090710,휴림로봇,8500,9.40%,8270,9.36%,+2.78%,130,내일은 상한가 가봅세[1] / 휴림로봇 15만원간다는 소문나돈다.[2] / 솔직히 / 시간외 상황,Positive (71%),"오늘, 내일, 휴림로봇",False,"[{'title': '내일은 상한가 가봅세[1]', 'date': '2026.01.06 17:25', 'views': '123', 'likes': '15', 'dislikes': '6', 'link': '/item/board_read.naver?code=090710&nid=409759228&page=1', 'body': '', 'score': 573}, {'title': '솔직히', 'date': '2026.01.06 12:57', 'views': '113', 'likes': '15', 'dislikes': '2', 'link': '/item/board_read.naver?code=090710&nid=409731872&page=4', 'body': '', 'score': 563}, {'title': '내일 만원을 넘길 것이다', 'date': '2026.01.06 18:01', 'views': '102', 'likes': '13', 'dislikes': '4', 'link': '/item/board_read.naver?code=090710&nid=409761015&page=1', 'body': '', 'score': 492}, {'title': '오늘[2]', 'date': '2026.01.06 13:19', 'views': '121', 'likes': '12', 'dislikes': '4', 'link': '/item/board_read.naver?code=090710&nid=409734003&page=4', 'body': '', 'score': 481}, {'title': '오늘 상승 기대', 'date': '2026.01.06 08:19', 'views': '61', 'likes': '12', 'dislikes': '2', 'link': '/item/board_read.naver?code=090710&nid=409696222&page=7', 'body': '', 'score': 421}, {'title': '휴림로봇 15만원간다는 소문나돈다.[2]', 'date': '2026.01.06 09:48', 'views': '234', 'likes': '11', 'dislikes': '2', 'link': '/item/board_read.naver?code=090710&nid=409707727&page=6', 'body': '', 'score': 564}, {'title': 'NXT장을 보니 오늘 수급은~?', 'date': '2026.01.06 08:17', 'views': '80', 'likes': '11', 'dislikes': '2', 'link': '/item/board_read.naver?code=090710&nid=409696095&page=7', 'body': '', 'score': 410}, {'title': '로봇주 중  제일 싼 주식', 'date': '2026.01.06 08:22', 'views': '112', 'likes': '10', 'dislikes': '2', 'link': '/item/board_read.naver?code=090710&nid=409696451&page=7', 'body': '', 'score': 412}, {'title': '시간외 상황', 'date': '2026.01.06 18:29', 'views': '276', 'likes': '9', 'dislikes': '3', 'link': '/item/board_read.naver?code=090710&nid=409762179&page=1', 'body': '', 'score': 546}, {'title': '털고가려고 준비중', 'date': '2026.01.06 10:27', 'views': '108', 'likes': '9', 'dislikes': '1', 'link': '/item/board_read.naver?code=090710&nid=409713661&page=5', 'body': '', 'score': 378}]"
KOSDAQ,138360,협진,1725,7.74%,1697,9.55%,+1.65%,185,"사명변경,.하면 주가는 최소 1만찍는다[1] / 답준다[3] / 호재[1] / 웬지 시간 외 상칠듯..[1]",Negative (60%),"ㅋㅋ, 개잡주, 오늘",False,"[{'title': '사명변경,.하면 주가는 최소 1만찍는다[1]', 'date': '2026.01.06 11:46', 'views': '162', 'likes': '7', 'dislikes': '1', 'link': '/item/board_read.naver?code=138360&nid=409724238&page=5', 'body': '', 'score': 372}, {'title': '답준다[3]', 'date': '2026.01.06 15:16', 'views': '152', 'likes': '5', 'dislikes': '2', 'link': '/item/board_read.naver?code=138360&nid=409749068&page=2', 'body': '', 'score': 302}, {'title': '설거지 한번[1]', 'date': '2026.01.06 17:35', 'views': '68', 'likes': '4', 'dislikes': '2', 'link': '/item/board_read.naver?code=138360&nid=409759776&page=1', 'body': '', 'score': 188}, {'title': '호재[1]', 'date': '2026.01.06 16:46', 'views': '160', 'likes': '4', 'dislikes': '1', 'link': '/item/board_read.naver?code=138360&nid=409757079&page=1', 'body': '', 'score': 280}, {'title': '웬지 시간 외 상칠듯..[1]', 'date': '2026.01.06 15:21', 'views': '129', 'likes': '4', 'dislikes': '2', 'link': '/item/board_read.naver?code=138360&nid=409749810&page=2', 'body': '', 'score': 249}, {'title': '협진로보틱스~~~', 'date': '2026.01.06 13:08', 'views': '73', 'likes': '4', 'dislikes': '1', 'link': '/item/board_read.naver?code=138360&nid=409732930&page=5', 'body': '', 'score': 193}, {'title': '2년 가까이 쳐 물려 있던 거 잘 팔았다 ㅋㅋ...', 'date': '2026.01.06 11:18', 'views': '43', 'likes': '4', 'dislikes': '1', 'link': '/item/board_read.naver?code=138360&nid=409720891&page=6', 'body': '', 'score': 163}, {'title': '거래양 1,760만주 완전히 손바뀜 달성했고.....', 'date': '2026.01.06 09:49', 'views': '109', 'likes': '4', 'dislikes': '2', 'link': '/item/board_read.naver?code=138360&nid=409707881&page=8', 'body': '', 'score': 229}, {'title': '내일. 쩜상 보내야지 5연상은 해먹어야죠 ...', 'date': '2026.01.06 17:22', 'views': '49', 'likes': '3', 'dislikes': '0', 'link': '/item/board_read.naver?code=138360&nid=409759091&page=1', 'body': '', 'score': 139}, {'title': '계양전기처럼 가라!![1]', 'date': '2026.01.06 16:59', 'views': '81', 'likes': '3', 'dislikes': '0', 'link': '/item/board_read.naver?code=138360&nid=409757845&page=1', 'body': '', 'score': 171}]"
KOSPI,001440,대한전선,26100,9.35%,25700,9.63%,+1.56%,141,바닥 다지는거 보니[1] / 쌍봉 찍고[4] / 아침 넥스트. 장난깐거[2] / 풍전등화 대한전선 8%---> -1.5% 위태...,Positive (82%),"오늘, 대한전선, 잡범들",False,"[{'title': '바닥 다지는거 보니[1]', 'date': '2026.01.06 10:02', 'views': '244', 'likes': '13', 'dislikes': '5', 'link': '/item/board_read.naver?code=001440&nid=409709976&page=4', 'body': '', 'score': 634}, {'title': '아침 넥스트. 장난깐거[2]', 'date': '2026.01.06 14:45', 'views': '244', 'likes': '8', 'dislikes': '2', 'link': '/item/board_read.naver?code=001440&nid=409745066&page=1', 'body': '', 'score': 484}, {'title': '오늘 종가는', 'date': '2026.01.06 14:12', 'views': '85', 'likes': '6', 'dislikes': '3', 'link': '/item/board_read.naver?code=001440&nid=409740585&page=2', 'body': '', 'score': 265}, {'title': '풍전등화 대한전선 8%---> -1.5% 위태...', 'date': '2026.01.06 13:54', 'views': '157', 'likes': '6', 'dislikes': '1', 'link': '/item/board_read.naver?code=001440&nid=409738365&page=2', 'body': '', 'score': 337}, {'title': '뭐하는거야,,,?', 'date': '2026.01.06 13:23', 'views': '87', 'likes': '6', 'dislikes': '4', 'link': '/item/board_read.naver?code=001440&nid=409734371&page=2', 'body': '', 'score': 267}, {'title': '개한전선 10만원 기원 7일차,[3]', 'date': '2026.01.06 10:07', 'views': '125', 'likes': '6', 'dislikes': '3', 'link': '/item/board_read.naver?code=001440&nid=409710878&page=4', 'body': '', 'score': 305}, {'title': '대한전선 5만원 기원 222일차', 'date': '2026.01.06 08:14', 'views': '32', 'likes': '6', 'dislikes': '1', 'link': '/item/board_read.naver?code=001440&nid=409695848&page=7', 'body': '', 'score': 212}, {'title': '쌍봉 찍고[4]', 'date': '2026.01.06 15:43', 'views': '335', 'likes': '5', 'dislikes': '8', 'link': '/item/board_read.naver?code=001440&nid=409752321&page=1', 'body': '', 'score': 485}, {'title': '수고하셨습니다❤️', 'date': '2026.01.06 15:38', 'views': '46', 'likes': '5', 'dislikes': '2', 'link': '/item/board_read.naver?code=001440&nid=409751764&page=1', 'body': '', 'score': 196}, {'title': '전전주 1위 가온전선 달린다.', 'date': '2026.01.06 13:09', 'views': '96', 'likes': '5', 'dislikes': '4', 'link': '/item/board_read.naver?code=001440&nid=409733033&page=2', 'body': '', 'score': 246}]"
KOSPI,005930,삼성전자,138900,52.21%,138100,52.40%,+0.58%,800,오늘 133000원에 판 사람들만 보거라[2] / 오늘 공매도 131만주...헐...[2] / 윤석열   4조8천억  캄보디아  돕겠다고  빼돌리...[3] / 팩트 : 석열이였음 지금 4만전자에서 놀고있음...[3],Positive (53%),"삼전, 오늘, ...",False,"[{'title': '윤석열   4조8천억  캄보디아  돕겠다고  빼돌리...[3]', 'date': '2026.01.06 17:53', 'views': '106', 'likes': '27', 'dislikes': '6', 'link': '/item/board_read.naver?code=005930&nid=409760652&page=6', 'body': '', 'score': 916}, {'title': '팩트 : 석열이였음 지금 4만전자에서 놀고있음...[3]', 'date': '2026.01.06 17:05', 'views': '123', 'likes': '25', 'dislikes': '11', 'link': '/item/board_read.naver?code=005930&nid=409758221&page=14', 'body': '', 'score': 873}, {'title': '오늘 133000원에 판 사람들만 보거라[2]', 'date': '2026.01.06 15:30', 'views': '370', 'likes': '25', 'dislikes': '1', 'link': '/item/board_read.naver?code=005930&nid=409750875&page=29', 'body': '', 'score': 1120}, {'title': '오늘 공매도 131만주...헐...[2]', 'date': '2026.01.06 16:18', 'views': '440', 'likes': '21', 'dislikes': '3', 'link': '/item/board_read.naver?code=005930&nid=409755278&page=20', 'body': '', 'score': 1070}, {'title': '★ 윤석렬 내란이 성공했다면[2]', 'date': '2026.01.06 16:08', 'views': '88', 'likes': '20', 'dislikes': '13', 'link': '/item/board_read.naver?code=005930&nid=409754568&page=22', 'body': '', 'score': 688}, {'title': '이래서..대체거래소는..없애야 합니다[3]', 'date': '2026.01.06 17:51', 'views': '354', 'likes': '17', 'dislikes': '0', 'link': '/item/board_read.naver?code=005930&nid=409760568&page=6', 'body': '', 'score': 864}, {'title': '오늘 좀 쉬었으니 내일 똑 폭등간다', 'date': '2026.01.06 17:15', 'views': '98', 'likes': '17', 'dislikes': '3', 'link': '/item/board_read.naver?code=005930&nid=409758714&page=13', 'body': '', 'score': 608}, {'title': '재맹님의 시대는', 'date': '2026.01.06 15:34', 'views': '48', 'likes': '15', 'dislikes': '10', 'link': '/item/board_read.naver?code=005930&nid=409751272&page=28', 'body': '', 'score': 498}, {'title': '제발 정치충없는 깨끗한 종토방 좀 만들...', 'date': '2026.01.06 14:53', 'views': '28', 'likes': '15', 'dislikes': '0', 'link': '/item/board_read.naver?code=005930&nid=409746198&page=38', 'body': '', 'score': 478}, {'title': '반도체 슈퍼싸이클, 난 몰빵했다!', 'date': '2026.01.06 18:20', 'views': '80', 'likes': '14', 'dislikes': '0', 'link': '/item/board_read.naver?code=005930&nid=409761831&page=3', 'body': '', 'score': 500}]"
KOSDAQ,950250,테라뷰,11670,0.00%,11940,0.00%,-2.26%,340,세력님들[2] / 어제 거래량을 보시오[2] / 테라뷰 한 달 보유하니깐[1] / 얘들아[1],Negative (69%),"오늘, 테라뷰, 물량",False,"[{'title': '세력님들[2]', 'date': '2026.01.06 15:40', 'views': '106', 'likes': '18', 'dislikes': '5', 'link': '/item/board_read.naver?code=950250&nid=409752016&page=3', 'body': '', 'score': 646}, {'title': '테라뷰 한 달 보유하니깐[1]', 'date': '2026.01.06 15:36', 'views': '138', 'likes': '11', 'dislikes': '1', 'link': '/item/board_read.naver?code=950250&nid=409751517&page=3', 'body': '', 'score': 468}, {'title': '얘들아[1]', 'date': '2026.01.06 16:48', 'views': '111', 'likes': '9', 'dislikes': '3', 'link': '/item/board_read.naver?code=950250&nid=409757217&page=2', 'body': '', 'score': 381}, {'title': '테라뷰', 'date': '2026.01.06 11:11', 'views': '53', 'likes': '9', 'dislikes': '5', 'link': '/item/board_read.naver?code=950250&nid=409719999&page=9', 'body': '', 'score': 323}, {'title': '어제 거래량을 보시오[2]', 'date': '2026.01.06 10:42', 'views': '202', 'likes': '9', 'dislikes': '3', 'link': '/item/board_read.naver?code=950250&nid=409715828&page=11', 'body': '', 'score': 472}, {'title': '오늘', 'date': '2026.01.06 09:07', 'views': '30', 'likes': '9', 'dislikes': '2', 'link': '/item/board_read.naver?code=950250&nid=409700242&page=17', 'body': '', 'score': 300}, {'title': '지금 가격이 상한가 한 번치고 20%더 오른 상...', 'date': '2026.01.06 17:07', 'views': '64', 'likes': '8', 'dislikes': '0', 'link': '/item/board_read.naver?code=950250&nid=409758317&page=2', 'body': '', 'score': 304}, {'title': '3달정도면. 5만원대에서. 논다', 'date': '2026.01.06 11:08', 'views': '56', 'likes': '8', 'dislikes': '1', 'link': '/item/board_read.naver?code=950250&nid=409719647&page=9', 'body': '', 'score': 296}, {'title': '주식은 뭐다?', 'date': '2026.01.06 17:23', 'views': '40', 'likes': '7', 'dislikes': '2', 'link': '/item/board_read.naver?code=950250&nid=409759149&page=2', 'body': '', 'score': 250}, {'title': '또 안티견들 설친다', 'date': '2026.01.06 17:21', 'views': '34', 'likes': '7', 'dislikes': '2', 'link': '/item/board_read.naver?code=950250&nid=409759030&page=2', 'body': '', 'score': 244}]"
KOSPI,093240,형지엘리트,1937,0.79%,2210,1.32%,-12.35%,200,주가가 빠질거면 주식을 팔았겠죠 / 오늘 형지엘리트 임원 지분 250만주 취득 4개...[3] / 형지엘리트 지분 취득 공시 6개 500만주[6] / 이거이거 사기네,Negative (51%),"오늘, 20만주, 이상",False,"[{'title': '최병오회장 최준호대표 믿고 간다', 'date': '2026.01.06 15:55', 'views': '62', 'likes': '10', 'dislikes': '2', 'link': '/item/board_read.naver?code=093240&nid=409753500&page=2', 'body': '', 'score': 362}, {'title': '주가가 빠질거면 주식을 팔았겠죠', 'date': '2026.01.06 15:50', 'views': '182', 'likes': '10', 'dislikes': '2', 'link': '/item/board_read.naver?code=093240&nid=409753050&page=2', 'body': '', 'score': 482}, {'title': '오늘 저녁호재 뉴스 나온다.', 'date': '2026.01.06 16:04', 'views': '82', 'likes': '9', 'dislikes': '2', 'link': '/item/board_read.naver?code=093240&nid=409754248&page=2', 'body': '', 'score': 352}, {'title': '꼬라박네..이젠 다 끝난듯..유증에 동전 ...', 'date': '2026.01.06 14:50', 'views': '50', 'likes': '9', 'dislikes': '2', 'link': '/item/board_read.naver?code=093240&nid=409745795&page=3', 'body': '', 'score': 320}, {'title': '드디어 뉴스 막 나오네..', 'date': '2026.01.06 08:42', 'views': '126', 'likes': '8', 'dislikes': '1', 'link': '/item/board_read.naver?code=093240&nid=409697840&page=10', 'body': '', 'score': 366}, {'title': '이거이거 사기네', 'date': '2026.01.06 17:30', 'views': '189', 'likes': '7', 'dislikes': '0', 'link': '/item/board_read.naver?code=093240&nid=409759513&page=1', 'body': '', 'score': 399}, {'title': '7% 물리니 기분이 상큼하네', 'date': '2026.01.06 10:38', 'views': '43', 'likes': '7', 'dislikes': '0', 'link': '/item/board_read.naver?code=093240&nid=409715310&page=8', 'body': '', 'score': 253}, {'title': '형지엘리트 지분 취득 공시 6개 500만주[6]', 'date': '2026.01.06 17:12', 'views': '229', 'likes': '6', 'dislikes': '0', 'link': '/item/board_read.naver?code=093240&nid=409758554&page=1', 'body': '', 'score': 409}, {'title': '오늘 형지엘리트 임원 지분 250만주 취득 4개...[3]', 'date': '2026.01.06 15:40', 'views': '254', 'likes': '6', 'dislikes': '0', 'link': '/item/board_read.naver?code=093240&nid=409752017&page=2', 'body': '', 'score': 434}, {'title': '유증성공하려면[2]', 'date': '2026.01.06 11:32', 'views': '183', 'likes': '6', 'dislikes': '1', 'link': '/item/board_read.naver?code=093240&nid=409722566&page=6', 'body': '', 'score': 363}]"
KOSDAQ,010170,대한광통신,2840,3.52%,3345,3.37%,-15.10%,273,"기관 290만주와 연기금 226만주의 매도 의미[3] / 가만히 내비둬라   못가도 1,5000원은 간다[1] / 26년 창사이래 최대금액 흑전은 확실한데 뭣이 ...[1] / 금일 하락이유를 아시는분들은 아실겁니다",Negative (66%),"연기금, 매도, 오늘",False,"[{'title': '가만히 내비둬라   못가도 1,5000원은 간다[1]', 'date': '2026.01.06 15:46', 'views': '326', 'likes': '19', 'dislikes': '5', 'link': '/item/board_read.naver?code=010170&nid=409752699&page=2', 'body': '', 'score': 896}, {'title': '기관 290만주와 연기금 226만주의 매도 의미[3]', 'date': '2026.01.06 16:09', 'views': '960', 'likes': '14', 'dislikes': '6', 'link': '/item/board_read.naver?code=010170&nid=409754698&page=2', 'body': '', 'score': 1380}, {'title': '지금까지 버틴기간이 얼마인데', 'date': '2026.01.06 10:55', 'views': '142', 'likes': '13', 'dislikes': '1', 'link': '/item/board_read.naver?code=010170&nid=409717744&page=12', 'body': '', 'score': 532}, {'title': '안판다..', 'date': '2026.01.06 10:34', 'views': '94', 'likes': '13', 'dislikes': '6', 'link': '/item/board_read.naver?code=010170&nid=409714708&page=12', 'body': '', 'score': 484}, {'title': '금일 하락이유를 아시는분들은 아실겁니다', 'date': '2026.01.06 17:59', 'views': '332', 'likes': '12', 'dislikes': '2', 'link': '/item/board_read.naver?code=010170&nid=409760906&page=1', 'body': '', 'score': 692}, {'title': '26년 창사이래 최대금액 흑전은 확실한데 뭣이 ...[1]', 'date': '2026.01.06 16:01', 'views': '406', 'likes': '12', 'dislikes': '4', 'link': '/item/board_read.naver?code=010170&nid=409754066&page=2', 'body': '', 'score': 766}, {'title': '자꾸 유상증자하면 망한다 하는데[1]', 'date': '2026.01.06 16:01', 'views': '297', 'likes': '9', 'dislikes': '2', 'link': '/item/board_read.naver?code=010170&nid=409754058&page=2', 'body': '', 'score': 567}, {'title': '수급미쳐따/오늘조정행운입니다/과매수였기때문에...', 'date': '2026.01.06 10:33', 'views': '373', 'likes': '9', 'dislikes': '1', 'link': '/item/board_read.naver?code=010170&nid=409714664&page=12', 'body': '', 'score': 643}, {'title': '글 안지우고 있으니 검색해서보시고[1]', 'date': '2026.01.06 15:04', 'views': '206', 'likes': '8', 'dislikes': '0', 'link': '/item/board_read.naver?code=010170&nid=409747568&page=3', 'body': '', 'score': 446}, {'title': '와우', 'date': '2026.01.06 11:25', 'views': '86', 'likes': '8', 'dislikes': '1', 'link': '/item/board_read.naver?code=010170&nid=409721733&page=12', 'body': '', 'score': 326}]"
KOSDAQ,195990,에이비프로바이오,203,5.77%,271,5.65%,-25.09%,120,죽고싶다. 첨 글을 남긴다.5년전 8... / 상폐만 3번 당해봤습니다. / 2023년 기사가 재앙을  만들었네 ...[1] / 회사에서 악수를 둔 것 같다.[2],Negative (100%),"감자, 상폐, 주식을",False,"[{'title': '죽고싶다. 첨 글을 남긴다.5년전 8...', 'date': '2026.01.06 16:40', 'views': '230', 'likes': '13', 'dislikes': '0', 'link': '/item/board_read.naver?code=195990&nid=409756700&page=1', 'body': '', 'score': 620}, {'title': '2023년 기사가 재앙을  만들었네 ...[1]', 'date': '2026.01.06 16:20', 'views': '201', 'likes': '8', 'dislikes': '3', 'link': '/item/board_read.naver?code=195990&nid=409755445&page=1', 'body': '', 'score': 441}, {'title': '상폐만 3번 당해봤습니다.', 'date': '2026.01.06 11:39', 'views': '270', 'likes': '8', 'dislikes': '1', 'link': '/item/board_read.naver?code=195990&nid=409723500&page=3', 'body': '', 'score': 510}, {'title': '회사에서 악수를 둔 것 같다.[2]', 'date': '2026.01.06 10:10', 'views': '222', 'likes': '7', 'dislikes': '1', 'link': '/item/board_read.naver?code=195990&nid=409711248&page=5', 'body': '', 'score': 432}, {'title': '감자 > CB > 공매도', 'date': '2026.01.06 17:40', 'views': '52', 'likes': '6', 'dislikes': '0', 'link': '/item/board_read.naver?code=195990&nid=409760014&page=1', 'body': '', 'score': 232}, {'title': '대표야 밤길조심하자', 'date': '2026.01.06 12:23', 'views': '60', 'likes': '6', 'dislikes': '0', 'link': '/item/board_read.naver?code=195990&nid=409728404&page=3', 'body': '', 'score': 240}, {'title': '현재 시가총액 700억...', 'date': '2026.01.06 09:43', 'views': '142', 'likes': '6', 'dislikes': '1', 'link': '/item/board_read.naver?code=195990&nid=409706928&page=5', 'body': '', 'score': 322}, {'title': '결국 지들끼리 북치고 장구치고', 'date': '2026.01.06 08:19', 'views': '51', 'likes': '6', 'dislikes': '0', 'link': '/item/board_read.naver?code=195990&nid=409696250&page=6', 'body': '', 'score': 231}, {'title': '짜고치는 고스톱[1]', 'date': '2026.01.06 14:22', 'views': '225', 'likes': '5', 'dislikes': '1', 'link': '/item/board_read.naver?code=195990&nid=409741976&page=1', 'body': '', 'score': 375}, {'title': '뭔가 확 말아올리지 않을까?', 'date': '2026.01.06 15:06', 'views': '69', 'likes': '4', 'dislikes': '1', 'link': '/item/board_read.naver?code=195990&nid=409747714&page=1', 'body': '', 'score': 189}]"
KOSPI,033180,KH 필룩스,383,13.04%,5310,14.29%,-92.79%,115,퉷!!!이가격이면 땅에 묻고 기다린란다[3] / 1억원이 3년 기다려서 100만원[5] / 안판다[5] / 상장폐지….[4],Negative (87%),"그냥, ❤️, 정매가",False,"[{'title': '퉷!!!이가격이면 땅에 묻고 기다린란다[3]', 'date': '2026.01.06 10:17', 'views': '374', 'likes': '15', 'dislikes': '2', 'link': '/item/board_read.naver?code=033180&nid=409712336&page=4', 'body': '', 'score': 824}, {'title': '1억원이 3년 기다려서 100만원[5]', 'date': '2026.01.06 09:27', 'views': '376', 'likes': '14', 'dislikes': '1', 'link': '/item/board_read.naver?code=033180&nid=409704093&page=5', 'body': '', 'score': 796}, {'title': '너희들끝을보고싶다', 'date': '2026.01.06 08:43', 'views': '120', 'likes': '14', 'dislikes': '2', 'link': '/item/board_read.naver?code=033180&nid=409697914&page=6', 'body': '', 'score': 540}, {'title': '자살하고 싶어요[3]', 'date': '2026.01.06 08:58', 'views': '308', 'likes': '11', 'dislikes': '0', 'link': '/item/board_read.naver?code=033180&nid=409699005&page=6', 'body': '', 'score': 638}, {'title': '안판다[5]', 'date': '2026.01.06 08:12', 'views': '335', 'likes': '11', 'dislikes': '6', 'link': '/item/board_read.naver?code=033180&nid=409695665&page=6', 'body': '', 'score': 665}, {'title': '지네들 맘대로 감자하고 상폐시키뿌네.', 'date': '2026.01.06 12:49', 'views': '154', 'likes': '10', 'dislikes': '1', 'link': '/item/board_read.naver?code=033180&nid=409731082&page=3', 'body': '', 'score': 454}, {'title': '상장폐지….[4]', 'date': '2026.01.06 11:58', 'views': '381', 'likes': '9', 'dislikes': '1', 'link': '/item/board_read.naver?code=033180&nid=409725709&page=3', 'body': '', 'score': 651}, {'title': '이러니 국장안하고 미국장 가는거임', 'date': '2026.01.06 10:49', 'views': '83', 'likes': '9', 'dislikes': '2', 'link': '/item/board_read.naver?code=033180&nid=409716931&page=4', 'body': '', 'score': 353}, {'title': '이게 주식이냐?[1]', 'date': '2026.01.06 08:14', 'views': '153', 'likes': '9', 'dislikes': '1', 'link': '/item/board_read.naver?code=033180&nid=409695851&page=6', 'body': '', 'score': 423}, {'title': '강원개발 및 알펜시아 계약금만 해도 정매가 될...', 'date': '2026.01.06 17:11', 'views': '86', 'likes': '8', 'dislikes': '2', 'link': '/item/board_read.naver?code=033180&nid=409758507&page=1', 'body': '', 'score': 326}]"
