date,000660_SK하이닉스,005930_삼성전자,402340_SK스퀘어,005935_삼성전자우,009150_삼성전기,005380_현대차,032830_삼성생명,373220_LG에너지솔루션,028260_삼성물산,329180_HD현대중공업,207940_삼성바이오로직스,034020_두산에너빌리티,012450_한화에어로스페이스,105560_KB금융,000270_기아,034730_SK,055550_신한지주,012330_현대모비스,006400_삼성SDI,068270_셀트리온,010120_LS ELECTRIC,267260_HD현대일렉트릭,298040_효성중공업,066570_LG전자,042660_한화오션,035420_NAVER,086790_하나금융지주,069500_KODEX 200,000810_삼성화재,009540_HD한국조선해양,005490_POSCO홀딩스,000150_두산,042700_한미반도체,006800_미래에셋증권,011070_LG이노텍,015760_한국전력,010130_고려아연,316140_우리금융지주,010140_삼성중공업,064350_현대로템,051910_LG화학,360750_TIGER 미국S&P500,017670_SK텔레콤,033780_KT&G,079550_LIG디펜스앤에어로스페이스,011200_HMM,138040_메리츠금융지주,267250_HD현대,024110_기업은행,096770_SK이노베이션,272210_한화시스템,003670_포스코퓨처엠,035720_카카오,307950_현대오토에버,003550_LG,018260_삼성에스디에스,086280_현대글로비스,047810_한국항공우주,278470_에이피알,030200_KT,000720_현대건설,396500_TIGER 반도체TOP10,133690_TIGER 미국나스닥100,071050_한국금융지주,102110_TIGER 200,010950_S-Oil,006260_LS,005940_NH투자증권,259960_크래프톤,379800_KODEX 미국S&P500,323410_카카오뱅크,016360_삼성증권,003490_대한항공,443060_HD현대마린솔루션,005830_DB손해보험,379810_KODEX 미국나스닥100,278530_KODEX 200TR,047050_포스코인터내셔널,028050_삼성E&A,122630_KODEX 레버리지,039490_키움증권,352820_하이브,488770_KODEX 머니마켓액티브,003230_삼양식품,047040_대우건설,007660_이수페타시스,064400_LG씨엔에스,161390_한국타이어앤테크놀로지,005387_현대차2우B,000880_한화,381180_TIGER 미국필라델피아반도체나스닥,180640_한진칼,459580_KODEX CD금리액티브(합성),353200_대덕전자,001440_대한전선,062040_산일전기,091160_KODEX 반도체,000990_DB하이텍,498400_KODEX 200타겟위클리커버드콜,326030_SK바이오팜
20260123,767000,152100,445500,111300,272000,510000,185100,412000,305500,627000,1802000,93300,1255000,135600,159000,296500,83900,457500,373000,202071,101800,884000,2347000,105600,140300,266000,101100,72625,492000,436000,368000,946000,171100,34649,277000,61200,1580000,29550,30400,207500,358000,25121,62700,144900,528000,20350,107400,249500,21050,111400,90400,214000,61000,447500,93300,174500,251500,162900,276500,54200,109200,24413,165878,195800,72557,99500,228000,24000,238500,22902,23500,86100,24100,186600,130000,24828,26240,63300,27000,68410,343500,380000,103395,1235000,5170,119900,73700,67200,287500,119200,30930,130000,1063326,50500,27300,143700,72133,91000,14762,120400
20260126,736000,152100,441000,110900,275000,492500,182200,416000,297500,605000,1807000,91800,1262000,135500,155200,290000,82400,465500,387000,204930,100200,872000,2344000,102500,139800,272500,101200,71909,490500,424000,365000,890000,169500,33156,276000,60400,1807000,29550,29900,213000,349500,24628,61800,142000,529000,20100,107600,243000,20900,114100,88800,228500,61800,433500,89600,172200,243000,167400,278000,54400,106200,24538,163091,197300,71867,98300,233500,23800,255500,22456,23050,83200,23700,184600,128600,24391,25985,63600,28850,66995,358500,382000,103400,1221000,4820,118800,71700,65800,275500,114700,29882,123900,1063405,50600,26600,139300,73377,90700,14678,120700
20260127,800000,159500,473000,113800,277000,488500,187100,408500,298000,588000,1790000,93600,1230000,143000,153500,298000,86100,460000,387500,201594,107400,901000,2387000,101300,140500,281500,105000,74366,502000,426500,359500,899000,174800,34649,257500,60500,1831000,30650,30300,211500,344000,24897,69400,144800,512000,20150,110000,237500,21600,111500,87600,229500,62200,443000,91100,176500,241000,164000,276000,56000,105900,25986,165051,204500,74374,101500,224000,24600,265500,22699,23400,85700,23900,186800,133300,24714,26870,63500,30200,71725,390500,379000,103405,1201000,4805,118900,72000,65100,272000,113800,30326,119100,1063484,50900,26750,142500,78033,95600,15107,119400
20260128,841000,162400,504000,117900,280000,492500,192200,431000,302000,586000,1791000,92000,1288000,137900,149700,305500,83800,447000,396500,208267,114400,902000,2518000,99900,143400,277500,102700,75758,491000,422500,378000,907000,182000,34649,257500,59400,1801000,30200,30200,223000,354000,24648,69000,143500,527000,20000,110800,237500,21750,108200,89000,239500,61800,441000,91400,176500,240500,166800,271000,55900,105700,27519,164592,202500,75725,100500,219000,24900,263000,22471,23500,88300,23800,185400,136500,24629,27385,63900,32150,74210,395000,379500,103410,1199000,5190,125400,69200,65000,272000,113500,31045,116600,1063563,54500,27000,150400,82874,104700,15372,119400
20260129,861000,160700,531000,115600,279500,528000,192000,416500,303000,588000,1776000,94000,1300000,137800,154900,324000,85100,457000,388000,204454,111400,897000,2546000,100900,141900,287000,103600,76694,499000,421000,364000,889000,203500,40673,248000,61000,1959000,30500,29800,226500,343000,24653,69500,145600,525000,20400,111200,236500,22000,113500,92800,235000,61800,484000,92400,177000,255500,168900,276500,56100,108700,28352,164697,221500,76591,100300,236500,26050,260500,22471,23600,91700,23700,184900,143300,24644,27715,62500,31450,75905,426000,377500,103415,1216000,5150,117900,70300,65000,286000,119000,31185,115500,1063777,52500,28300,147100,84767,101100,15573,119300
20260130,909000,160500,570000,117400,279000,500000,188300,398000,301500,575000,1745000,90600,1300000,135200,152600,333500,84300,449000,390000,200165,113200,889000,2603000,99100,138500,275000,100100,76963,501000,413500,347500,851000,211000,42565,245000,58300,1884000,30250,29450,230500,310500,24618,72500,153900,481500,20000,116600,234000,22150,112000,94200,223500,61400,461500,91700,173100,242000,168300,270000,56900,102600,29715,163368,215500,76815,105900,229000,27050,254000,22441,22900,90600,23300,183400,142600,24435,27795,62400,30800,76385,443500,374000,103445,1180000,4970,117500,69700,63500,271000,114500,30775,112900,1063847,63300,29400,147500,88119,105800,15596,118000
20260202,830000,150400,505000,110100,283000,478000,179000,380000,291000,549000,1711000,86200,1239000,133700,150100,299500,82500,436000,356000,193492,105200,836000,2281000,96600,133600,268000,103300,72378,481500,401500,341500,832000,187100,39877,238000,57300,1650000,30100,27400,214500,296500,24793,69100,154700,454000,19530,117400,223000,21800,106900,92900,217500,58400,430000,87900,167900,246000,160000,274000,55200,98800,27194,162739,199800,72340,101000,196700,25150,249000,22596,22100,83700,22500,174200,140900,24345,26200,61100,30800,67460,417000,357000,103450,1100000,4855,110600,67200,62100,257500,108400,29731,110600,1063926,60700,26650,136200,81175,103000,14711,111500
20260203,907000,167500,546000,120600,307500,491500,186300,391000,315000,582000,1749000,91200,1299000,138800,154000,324000,88000,444500,374500,197782,122400,889000,2367000,100300,141400,269000,110200,77944,491500,417500,357000,899000,199300,49734,244500,59500,1716000,31300,28650,222000,306500,25022,73600,157700,463500,20100,119600,233500,22300,109500,119500,226500,59200,442000,91500,171300,250000,163700,272000,56500,108600,29555,165446,218500,77930,97700,215500,27050,245500,22800,23100,93000,23050,185400,141100,24754,28230,65200,31650,78000,455000,368500,103460,1112000,5120,118400,69600,63400,262500,117500,31000,115100,1064010,64700,30800,148200,88698,112900,15722,115100
20260204,900000,169100,569000,120500,305000,504000,197500,402500,316500,583000,1759000,96500,1324000,142100,156800,331000,90300,448500,391500,204454,127800,924000,2384000,102800,144000,264500,112500,79034,516000,424500,363500,902000,202500,50978,247000,62700,1829000,32050,29250,228500,318000,24848,77900,161800,469000,20500,121300,238500,22850,112700,123000,232500,58500,447000,93500,172700,251000,171200,264000,57200,113000,29555,162674,213000,78985,99900,233000,27100,244000,22650,25000,92600,23750,177500,152800,24330,28560,68300,32100,80035,444000,369500,103470,1102000,5590,125400,71700,65100,265500,122900,30151,118600,1064094,61500,33500,157000,88718,110800,15940,115100
20260205,842000,159300,534000,113500,290000,488500,191700,395000,306000,550000,1700000,90600,1227000,139500,156200,331500,90900,433500,385500,207313,123800,873000,2334000,100300,135600,257000,114100,75674,503000,409000,367000,864000,193500,49385,236000,61900,1709000,31900,28100,207000,312000,24992,77500,161800,434500,20300,124100,241500,23000,109800,111300,225500,58200,416000,92800,168300,241000,162000,278000,56100,110000,28013,161910,211500,75620,99800,224500,26300,238500,22780,26850,89600,24150,166600,159700,24220,27435,66700,31650,73250,430000,364500,103480,1076000,5430,120000,70300,66600,257000,118500,29531,115700,1064322,58600,31800,146700,83923,104400,15326,111500
20260206,839000,158600,514000,112400,284000,467500,184300,385000,289500,539000,1668000,89000,1181000,149300,151900,315000,93600,426000,370000,209696,119000,840000,2211000,99200,130600,249000,114600,74862,519000,395500,359500,828000,196000,47792,232500,60700,1641000,32450,27500,202500,304000,24693,69200,163300,427000,20100,122600,238500,23000,106200,103000,218000,56200,391500,89700,165500,238500,158300,256500,56300,106600,28028,159214,205500,74804,98000,214500,25950,238000,22496,26000,88700,23500,164100,164100,23826,27045,64000,31850,71605,405000,355500,103505,1060000,5520,114700,67500,67200,249500,113200,29387,110400,1064407,58900,30250,142500,84342,103000,15181,108500
20260209,887000,166400,563000,115200,304000,478000,193000,394500,312500,540000,1694000,95400,1193000,151400,153800,330000,93400,435000,380000,219228,129200,933000,2396000,102600,133200,250000,118800,77993,531000,390000,363500,885000,197800,53169,235500,62600,1709000,34550,27950,212500,310500,25052,73400,168500,448000,20400,120800,245000,23500,109700,104400,225500,57500,417000,91600,167800,242500,162600,266000,59300,114200,29081,161945,223500,78029,99600,226000,26750,236500,22834,26600,92600,24200,168500,168600,24235,28220,64000,33300,77685,443500,376500,103515,1095000,5770,114700,69400,69800,252500,118700,30735,116700,1064491,60900,31550,159500,88488,99000,15787,109700
20260210,876000,165800,543000,114300,313500,480500,197700,390500,317000,534000,1710000,94100,1146000,155500,154700,330500,97900,437000,381000,216845,127400,939000,2347000,104000,130900,254000,122200,78088,534000,382000,371000,878000,194900,51675,243500,60800,1701000,35600,27850,200000,321000,25117,73700,172000,461000,21200,122100,245000,24150,111800,101300,221000,58300,431000,92900,169700,243500,161300,275500,60700,112000,28542,162804,235500,78044,100600,218500,28450,246500,22894,27400,95600,24950,170100,171800,24360,28215,64000,32950,77750,449000,377000,103525,1148000,7060,110700,69000,73700,255500,114500,31145,124600,1064575,57700,31100,155000,86625,96800,15787,111600
20260211,860000,167800,532000,116100,309500,509000,200000,392000,316500,537000,1712000,95500,1130000,164500,161800,338000,100900,446000,377000,228283,133400,995000,2401000,127900,129700,257500,125800,78765,549000,390000,372000,918000,190500,51078,251000,61000,1678000,37850,28000,202500,322500,24957,75400,171300,457500,21050,131200,250000,25000,113500,101400,218500,58900,445500,98300,171700,255500,162400,282000,62700,114600,28108,161646,226500,78736,107400,233000,29000,259000,22745,28050,95900,24950,166900,177800,24185,28460,64700,33250,79090,447500,383000,103530,1166000,7480,107400,72100,72700,267000,114800,30815,125100,1064659,57300,31000,153800,85746,93800,15926,111500
20260212,888000,178600,570000,122100,319500,506000,205000,410000,334000,539000,1719000,95500,1131000,168500,166300,342500,106000,446000,385500,227330,134200,966000,2405000,121400,131800,255500,130000,81612,581000,397000,383000,973000,209500,53169,253500,60100,1732000,39150,28150,206000,336500,24843,78000,172200,455500,21350,135000,261000,26150,116300,105800,227500,58800,456000,96200,172500,261000,165500,282000,64300,115400,29406,160987,246500,81579,108000,250500,29150,258000,22611,28550,97100,24800,166400,186700,24071,29485,69000,33800,84800,452500,380500,103535,1219000,7700,108200,72700,73500,263500,119900,31399,128500,1065140,59400,31850,152600,89318,94800,16389,113400
20260213,880000,181200,558000,127600,309500,499000,205500,395000,318000,543000,1710000,96700,1105000,167900,164100,349500,102500,435000,374500,226853,132200,949000,2384000,117200,129800,252500,127600,81498,559000,397500,375500,942000,202500,61334,242500,59800,1670000,38950,27700,201500,324500,24379,86500,173800,460000,21450,136300,256000,26150,113800,103400,224000,57400,436500,95700,170400,255000,176700,272000,64500,114300,29276,157496,257500,81469,106200,248000,30900,257000,22217,27400,101000,24800,171300,182100,23562,29465,65800,33900,84615,469500,390000,103590,1190000,7300,101600,71100,72100,263000,117800,30680,136100,1065219,57500,31550,145500,88663,93000,16418,109200
20260219,894000,190000,566000,133500,358000,513000,209000,403500,319500,574000,1720000,98400,1149000,166500,170000,355500,100300,440500,408000,233049,135200,967000,2453000,121100,140600,253000,126300,84017,570000,422500,389000,990000,201500,70195,253000,62100,1669000,39400,28900,210000,334500,24663,81500,175100,463000,22700,136200,270500,26600,118600,106400,234500,57600,438500,95800,171600,262500,175400,285500,65900,124300,30035,159479,283500,83963,110900,251000,36750,262000,22466,28100,111500,25400,173300,183400,23881,30360,69200,34950,89800,487500,404500,103595,1171000,7930,101700,71700,74300,277500,119800,31120,145900,1065452,59600,32650,146300,91501,91400,16862,111500
20260220,949000,190100,580000,135100,377000,509000,219000,401500,331000,602000,1736000,103500,1242000,168800,171800,381500,102000,443000,402000,230666,138200,1011000,2633000,123600,149900,254500,131300,85918,618000,452000,394000,1047000,200500,70593,256000,63000,1663000,40800,29500,220000,337000,24643,80800,177100,486500,23150,146200,292000,28550,127600,116500,233000,57900,434000,98500,172300,270000,177900,288500,68900,128300,30524,159279,292500,85879,120000,255500,39200,260500,22466,28700,114500,25150,177300,192300,23841,31055,75300,35600,93980,495500,398500,103625,1164000,7800,100500,71600,75600,280000,126800,30995,148300,1065531,58400,32900,149600,92859,93000,17254,111800
20260223,951000,193000,580000,136100,426500,523000,232000,396000,332000,607000,1717000,102000,1236000,168700,172700,379000,101800,445500,391500,231619,144400,1067000,2744000,132600,147200,255500,129100,86555,565000,472000,388000,1122000,204000,68005,271000,62700,1723000,40300,29250,221500,332500,24453,80100,176500,489500,22950,140400,293000,27150,128400,111300,225500,58100,435000,99500,175600,267500,175600,297500,67700,135400,30584,157951,279000,86511,114500,271000,38350,259500,22292,28400,109400,26450,184400,202000,23642,31280,73200,35700,95195,472000,401500,103635,1248000,7500,107200,71500,73700,285000,125100,30705,147800,1065616,60100,34250,164700,92300,93000,17372,117200
20260224,1005000,200000,617000,140900,446000,524000,224000,412500,338000,596000,1723000,101300,1241000,166700,174000,392500,100900,453000,421500,236862,149200,1070000,2758000,134500,143100,255000,126100,88691,553000,457500,399500,1101000,210000,66810,276500,62800,1871000,39100,29000,221500,350500,24458,80900,173400,521000,22950,134900,295500,26350,137700,110800,236000,57900,432500,100000,174700,269500,183600,295000,65700,138500,31553,158105,268000,88632,114100,282500,36400,265000,22297,28450,107900,26500,182600,196000,23672,32045,73400,36500,100005,458000,399000,103640,1232000,8110,111900,70100,75100,287500,132000,31065,161400,1065700,65000,33900,170700,95607,91400,17778,118500
20260225,1018000,203500,647000,142300,465000,572000,246000,426000,347000,594000,1728000,103200,1212000,167700,196100,409000,99500,469500,433000,233049,150600,1065000,2763000,133300,142000,253000,126000,90488,548000,467500,406500,1165000,214500,72585,287500,64300,2115000,39000,28950,222500,387500,24379,81000,179700,509000,23450,133500,298000,26600,131200,111400,246000,57400,495000,99900,178700,280500,182500,302000,65500,155200,31872,158045,270000,90434,112600,291500,36400,266000,22227,28000,110100,28950,186800,195200,23657,32730,75500,37650,104070,467500,396500,103650,1243000,8750,116100,71500,74300,307500,139100,31220,173000,1065779,63300,34000,166300,96126,90900,18109,117700
20260226,1099000,218000,679000,148700,466500,609000,239000,427000,360000,592000,1766000,103800,1194000,165300,206000,422500,99900,529000,449000,230666,160600,1111000,2898000,146700,140000,260500,124900,94605,548000,452000,407500,1215000,275500,73282,345000,63300,2055000,37850,28700,220000,390000,24468,82300,169700,503000,22300,131200,295500,26500,130000,110600,247000,61400,505000,103400,191300,290500,183900,317000,64600,162000,35237,159399,267000,94545,113700,290000,36500,254000,22307,27900,111100,28100,183700,205500,23856,34330,75600,38950,113520,471500,391000,103660,1220000,10050,118500,74300,75900,314500,139200,31534,172500,1066107,65300,35350,170600,105088,94000,18836,117700
20260227,1061000,216500,645000,143800,448500,674000,230000,427000,350500,603000,1778000,106300,1195000,159000,205500,401000,96900,517000,466000,227330,157400,1050000,2823000,145700,141200,254500,121800,93704,530000,450000,413000,1278000,323500,71689,319000,58500,2030000,36000,28950,230500,417500,24508,79800,163100,509000,21350,127100,292500,25750,127700,113600,247000,62300,501000,107700,195000,289500,191500,312500,63800,164700,36036,158839,258500,93624,110000,284500,35500,248500,22337,27150,106800,28100,184300,183100,23771,33910,72200,36400,111280,466000,387500,103695,1221000,10140,127600,74500,72900,323500,136600,30655,156300,1066186,62600,36000,166700,105303,95700,18694,119800
20260303,939000,195100,581000,129200,409000,595000,221500,393000,317000,590000,1681000,96900,1432000,153500,182300,379500,96700,468500,408000,214462,142800,987000,2606000,127600,135400,236000,120100,86321,522000,441500,374500,1152000,282000,66312,285000,50900,1983000,35300,28000,249000,361000,24733,78200,162300,661000,24500,120300,291000,25100,130900,146700,226500,56200,447000,102500,177600,259500,197600,285500,63000,150500,32836,160472,240500,86213,141300,265500,33300,236000,22531,25500,100500,25200,182000,186700,24011,31220,70400,35150,93195,424500,359500,103705,1172000,8900,115000,67600,66800,281500,138500,30595,136500,1066261,58700,32050,150200,97625,90500,17287,110200
20260304,849000,172200,507000,114800,362500,501000,197500,347500,272000,511000,1516000,80600,1323000,137700,156700,330000,88800,399000,351000,188155,125200,871000,2297000,109000,108500,208000,105500,75564,468000,379000,321500,963000,259000,56256,246000,45550,1632000,31800,23500,202000,307000,24758,70300,151600,619000,20500,109800,261500,22400,109000,116000,185200,47050,371500,91300,156200,232000,158500,267000,54900,126900,29066,160008,206500,75516,126500,233000,28800,211000,22566,22200,88000,23200,159100,175500,23946,27300,59000,30900,70500,372500,327000,103705,1040000,7550,98800,57900,58200,244500,113300,29516,113000,1066340,49900,26050,128000,84822,77300,15086,97500
20260305,941000,191600,566000,128600,401500,548000,214000,371500,293000,559000,1647000,90500,1381000,149000,166400,359500,92900,432000,392500,201594,140200,984000,2484000,115400,122100,220000,111200,83200,491500,407000,346500,1073000,315000,64918,263500,48200,1759000,33750,27200,225500,324500,24878,77900,156600,763000,21250,115800,275000,23800,126500,150800,208000,51200,402500,96800,166900,246500,179000,283000,57800,144000,34089,162225,230500,83226,134700,249500,32050,220000,22675,24050,95200,24500,173100,190600,24280,30155,66000,33150,84485,441000,343000,103720,1060000,8540,115600,62700,61700,272000,127700,30281,121200,1066583,59300,29150,143500,100492,95000,16668,106600
20260306,924000,188200,553000,128000,404500,553000,210000,377500,283500,554000,1644000,98000,1481000,147400,167000,358500,91800,444000,410500,202547,140800,968000,2478000,118000,126700,222500,110300,83190,496500,402000,353500,1050000,333500,66810,270000,48800,1752000,33050,27600,233000,326500,24982,76500,154700,834000,21150,114400,279000,23650,124900,158900,215500,53600,409000,94000,163900,243500,183300,306000,59000,156800,34169,163803,230000,83077,129700,249000,32200,226000,22775,24100,95900,24500,169000,188400,24515,30045,73300,33450,84000,435500,353000,103745,1058000,8770,114600,64900,59300,275500,132600,30535,123700,1066668,66700,30250,146800,102241,90000,16649,102900
20260309,836000,173500,509000,121500,382000,507000,200500,359500,270500,576000,1579000,96200,1434000,142600,153400,329000,88500,409000,389000,194446,136200,907000,2389000,113400,123700,218500,107900,77884,474500,400000,336000,980000,305000,63922,250500,44800,1596000,31550,28550,215000,300000,24568,75800,153600,796000,20650,111500,263000,22800,118200,162700,202500,50400,383500,89300,158600,226500,174100,296500,59500,146400,31333,160457,218000,77756,128700,230500,30550,218500,22387,23750,91600,22400,169100,180000,24021,28065,76600,32900,72850,415000,346000,103755,1022000,8810,103600,61600,57000,252000,123500,28762,114000,1066752,60200,28750,138400,93164,83200,15601,98100
20260310,938000,187900,554000,134500,402000,525000,211500,367000,273000,583000,1592000,102500,1455000,147400,161000,351000,89200,423000,403500,196352,144800,941000,2550000,115900,124400,220500,109900,82533,488500,404000,343500,1053000,324000,64321,258000,47600,1625000,32100,27850,207500,311000,24693,77200,154600,759000,20900,113000,269000,23100,119800,156200,210000,51800,399500,94100,162500,234500,174100,301500,60800,152000,33520,162155,220000,82494,117900,243000,31400,237000,22511,24200,93400,24350,166400,183500,24270,29810,75800,31250,82075,426500,351500,103765,1030000,9470,113700,63500,59100,261000,126000,29871,124500,1066832,64600,29650,146000,99129,87700,16531,99900
20260311,955000,190000,565000,138900,406000,530000,226500,369500,283500,590000,1657000,101000,1410000,151300,162000,359500,91100,423000,400000,199211,144400,939000,2533000,117900,133600,222000,113400,83454,497500,420000,345000,1101000,312500,71091,261000,47950,1666000,33350,28800,203000,315500,24673,77900,154600,742000,21000,114900,278000,23600,119500,147700,210500,50900,414000,93300,163500,236500,175400,319000,59900,148800,33160,162250,229500,83430,114600,252500,33300,227500,22501,24300,97800,24600,177800,183200,24275,30170,76400,31800,84000,450000,353500,103775,1120000,9950,110000,65800,59000,263500,129600,30311,120600,1066916,62500,30350,144400,98309,85000,16753,98700
20260312,930000,187900,554000,134000,399500,521000,218500,384000,280500,604000,1625000,103500,1465000,149200,167000,336000,91900,414500,400000,196352,148000,944000,2561000,114000,136700,222000,112500,82832,490000,425000,347500,1143000,317000,70096,254000,47600,1674000,32500,30850,206000,306000,24638,76200,155600,755000,21650,112900,276500,23450,121700,152300,210500,50400,406500,92800,162000,231000,179800,322500,61500,155700,33160,162310,227000,82489,118000,253000,32550,226000,22466,24750,96000,24250,178100,178000,24290,29835,79500,31850,82620,450000,355000,103785,1075000,10460,108800,68200,57600,266500,128600,30281,123000,1067160,63700,30200,143400,98010,85900,16590,98400
20260313,910000,183500,534000,133900,400500,517000,216000,369000,280500,596000,1592000,106500,1488000,148900,164300,331000,90800,404000,388000,195875,149400,929000,2593000,113100,136900,223000,108900,81179,474000,416000,337000,1099000,305500,69199,250000,48300,1628000,32200,30700,198500,297500,24703,75000,153000,723000,21050,112000,262500,23100,112600,144400,190900,50600,412500,90000,160900,223000,182700,342500,59600,164400,32316,162175,219500,81250,108000,250000,31700,244500,22516,23850,95300,24300,173100,177300,24270,29410,73700,32800,79725,429000,361500,103810,1086000,12320,107100,67900,55300,263500,122100,29976,115600,1067244,63300,29950,140600,96846,86500,16312,97800
20260316,974000,188700,562000,138300,413000,506000,212000,366000,278500,583000,1568000,105700,1476000,149300,162000,330500,90000,401000,383000,190633,146600,905000,2517000,114200,131900,218000,108400,82618,465000,409500,333500,1088000,300000,70900,254000,46900,1600000,31900,28750,193200,292000,24728,76300,152500,730000,20950,109900,263000,22850,109300,140000,191200,50200,420000,88600,158500,219000,191200,328500,58900,159600,33060,162510,223500,82609,105400,266000,31750,234500,22541,23550,96600,24650,170200,176700,24320,29870,73800,31350,82055,430000,350000,103820,1038000,11980,105800,65600,54000,263500,123700,30286,116200,1067323,67000,29350,136700,99378,87900,16547,95600
20260317,970000,193900,587000,141000,446500,522000,217000,380500,279500,587000,1587000,104400,1396000,150700,167300,340000,91200,412500,389000,196352,152400,931000,2546000,114500,132700,224000,109900,84260,477500,420000,342500,1110000,301000,69100,255500,48200,1612000,32600,29150,192900,307500,24658,79700,155500,705000,20850,111200,268500,23200,110900,138900,193100,51300,422500,91000,163200,229000,202000,349000,60000,161000,33050,162140,233500,84232,106500,263000,32400,232500,22481,23950,97400,24850,176900,179100,24265,30455,72000,31650,85450,444000,365000,103830,1082000,12110,114300,66600,56300,267500,122300,30221,117400,1067403,67200,29550,139800,99378,85700,16815,98900
20260318,1056000,208500,630000,149100,464000,545000,235000,383500,299000,590000,1626000,107300,1390000,154700,175100,352500,95000,430000,405000,199688,166600,974000,2731000,120000,132900,226500,114500,88975,494000,425000,349500,1189000,311000,69900,268500,49950,1695000,33500,29100,193000,320000,24808,81200,158700,689000,21100,115800,275500,23850,114300,139800,200500,51500,434000,93200,167100,236500,194300,362000,60400,170100,35117,163838,241000,88990,110600,282000,34200,234000,22611,24500,101500,25500,183400,189800,24520,32150,71600,33300,95240,469000,367500,103835,1107000,14870,125100,66800,57900,279500,125600,30780,122100,1067487,74800,30800,154900,105003,87900,17668,98800
20260319,1013000,200500,611000,144200,479500,522000,230500,371000,291000,567000,1585000,106300,1375000,155700,170500,346000,96500,413000,402500,192539,174600,958000,2693000,116200,130000,220500,113200,86366,478500,413500,338000,1149000,307000,66700,286000,48300,1612000,33600,28500,186300,303500,24598,78200,157000,702000,20850,110900,261000,23700,110300,141000,198000,50000,426000,90500,161500,230500,190400,369000,59300,169500,34503,161940,229000,86297,111200,290500,33400,232000,22421,24650,98600,24550,178200,184500,24235,31255,71800,32600,89505,449000,354500,103845,1100000,16170,129500,64900,57000,270500,121600,30540,128000,1067731,77300,30100,151700,103325,87900,17270,97500
20260320,1007000,199400,608000,139200,464500,517000,231500,375500,297500,559000,1601000,109600,1320000,155200,168500,360000,97900,400500,400500,192539,177200,959000,2735000,117900,129100,221500,113200,86277,474500,404500,343500,1186000,309500,67700,296000,49150,1587000,33900,28550,180100,310000,24563,78800,157500,661000,21250,110100,265500,24100,113900,136000,199200,50000,430500,95500,162600,230500,185700,359500,60700,164000,34154,161631,234500,86223,111800,303500,35600,235500,22397,25100,102300,26350,182700,186700,24195,31180,77000,35300,89320,460500,344000,103875,1151000,19110,126800,67600,57400,264500,120700,30840,130000,1067815,82800,30700,159200,103769,88100,17280,98600
20260323,933000,186300,557000,130900,427500,485000,217500,356000,274500,502000,1523000,100700,1278000,145300,161700,329000,89900,381000,376500,179481,164600,913000,2589000,109500,118900,209000,106000,80666,455500,366000,325000,1066000,297000,61900,290000,45600,1486000,31700,26000,168900,290000,24299,74200,151800,640000,19810,105300,240500,23050,105600,124000,186400,46900,395000,86800,152400,216000,169900,324500,57800,154100,32381,159189,211000,80707,106000,273500,32700,228000,22153,23500,94200,24300,169800,176800,23831,29210,76900,35950,77305,415000,290500,103880,1137000,17060,115500,62500,54200,248500,108600,30001,118800,1067895,79200,28200,152700,97415,83500,16159,91200
20260324,986000,189700,595000,134100,437000,492000,222000,392500,281500,516000,1547000,100100,1335000,146900,157900,343500,90000,392500,397500,190252,162600,925000,2701000,114300,122300,213500,106500,83135,480500,379500,339500,1151000,296500,61100,292000,46750,1543000,32300,26400,177900,314000,24304,76600,157600,641000,19930,106100,255000,23150,110100,127300,196400,48200,405500,87500,157100,223000,176300,332500,59300,149900,33300,159603,211000,83087,108400,276500,32950,236500,22163,23800,94600,24850,179800,183700,23886,30035,75900,33800,82305,400000,293000,103890,1203000,16400,120200,63500,56000,251000,114600,30211,121300,1067979,77600,28950,152800,100033,83400,16585,95000
20260325,995000,189000,605000,133600,454500,501000,227500,394000,289000,523000,1585000,102600,1400000,149400,157900,346000,92100,402000,404000,193969,168800,992000,2990000,114700,124700,215500,108700,84136,490000,385000,342000,1250000,300000,67300,313000,46450,1593000,33000,26850,190700,318000,24478,79800,155900,734000,19930,111400,265000,23400,114100,136600,202500,49050,405500,88800,159500,229500,185000,328500,60100,157900,33400,160198,220500,84162,113300,283500,34300,240500,22317,24550,97800,25400,181400,194700,23976,30400,75800,33700,84380,432000,304500,103900,1216000,16410,120300,62500,58100,257000,116700,31145,126700,1068063,88600,30300,165800,101596,82400,16791,97200
20260326,933000,180100,558000,126300,457000,490000,222000,384500,278000,511000,1585000,100900,1369000,152200,154700,336500,93400,398500,396500,193492,166800,965000,2860000,113000,125700,211500,108800,81239,453000,375000,342500,1239000,278000,65300,303000,46000,1546000,33200,26350,189800,314000,24523,80000,155500,735000,19810,114200,266500,23400,111300,129700,200000,48650,387500,87500,156100,227500,188000,310000,59700,152400,31493,160592,216000,81315,112300,277000,33250,241500,22352,24500,94500,24950,178900,175900,24031,29350,78200,32900,78500,418500,304000,103905,1188000,15900,115000,61200,57400,252000,111100,31185,118300,1068307,87700,29000,168600,95902,77900,16288,94700
20260327,922000,179700,544000,126200,434000,495000,223000,394500,269000,498500,1606000,98100,1335000,152200,155800,334000,93500,408500,405500,196352,160200,915000,2676000,112000,123200,212500,110400,80866,443000,367000,343000,1203000,275500,67100,320500,43900,1483000,33600,26000,184200,313000,24364,79900,158000,735000,19660,116400,257500,23550,111400,124100,209000,48800,394000,89000,156300,231500,186500,327000,60800,149800,31403,158550,220000,80827,109700,268000,34250,254500,22212,24650,97600,25300,183900,172900,23736,29235,74500,33100,77690,435000,307000,103935,1183000,17260,110500,61100,58000,257000,111500,30355,117200,1068391,85400,28250,149300,95362,83800,16216,100300
20260330,873000,176300,510000,121100,429000,469500,219500,410000,259500,480000,1530000,94200,1308000,145900,151500,324500,90500,398000,412500,192063,155000,872000,2503000,108300,118200,207000,107200,78332,445500,347000,343000,1112000,260500,62700,308000,42200,1478000,32450,24500,180000,322000,23955,78300,157100,686000,19550,113900,246000,22000,113400,120700,214500,47100,375500,84800,153300,215500,174200,326000,60800,148400,29855,155524,210000,78418,110100,261000,30950,250500,21839,24400,94700,24350,178300,164200,23278,28330,75400,33250,72895,411000,302500,103940,1174000,17340,104500,59000,55000,246000,109300,29631,112500,1068470,82700,27800,142900,91356,80800,15737,97400
20260331,807000,167200,466500,114000,407500,445500,210500,394500,253500,465000,1504000,91800,1249000,141900,145200,301000,87700,378000,408000,187964,143600,832000,2456000,105600,120200,201500,106600,75096,440500,344000,332500,1026000,251000,61600,293500,41650,1422000,32050,24450,169500,299000,24289,76400,159200,611000,19570,111400,239000,21350,108700,114100,203500,45800,358500,82800,150100,207500,164700,337000,60400,142100,28407,156747,202500,75038,105300,256000,29600,255000,22108,23950,92400,23550,179600,163800,23457,27090,71500,35700,66510,410500,299000,103950,1200000,15550,98000,55800,54100,232500,107100,28847,107800,1068555,76700,26700,134900,86820,78500,15095,94800
20260401,893000,189600,501000,127500,444500,488000,227000,407000,273000,451500,1572000,99600,1333000,148300,155300,321000,93300,409000,432000,196352,158800,902000,2653000,112500,127000,210000,112800,81806,454000,372500,346000,1115000,273500,66600,343000,43700,1517000,32900,27000,188800,312500,24488,78500,160000,794000,20350,115700,247000,22000,114500,128800,211500,48250,391000,87200,156100,219000,187900,344500,61400,159900,31483,159159,224000,81743,113100,278500,31850,262000,22282,24700,98400,24700,187600,168000,23836,29560,75700,37900,78830,437500,289500,103960,1316000,19430,108700,59500,56400,244500,113800,30316,117000,1068635,88000,30050,142000,95837,86100,16399,99000
20260402,830000,178400,469500,118600,417000,465500,217000,404500,264000,439000,1585000,93600,1417000,146500,150600,308000,91700,389500,443000,187487,151800,882000,2518000,108800,119300,195800,110400,77844,444000,350500,341000,1021000,256000,61600,328500,41250,1468000,32200,26900,201500,302000,24419,77800,154600,784000,20150,111700,242000,21650,115500,129200,213000,45400,379500,84800,150600,211500,184200,339500,59400,148800,29560,158914,213500,77925,106500,264500,29750,247500,22257,23700,92600,23200,170200,162200,23776,28170,79500,35100,71095,404000,268500,103970,1273000,16440,101800,56500,53900,236500,110900,30086,111000,1068879,80300,28650,132500,90022,83300,15661,94300
20260403,876000,186200,483000,124400,456000,471000,221000,398500,263000,479500,1554000,96600,1449000,145500,150200,312500,91800,388500,438500,186153,153800,883000,2560000,108300,128000,197500,109700,80218,441500,375000,347500,1071000,260000,63100,324500,40300,1484000,31950,27900,210000,304500,24513,80900,156300,860000,20050,112300,245000,21350,118200,135400,211500,45200,380500,86500,152200,210000,182600,327000,59500,151100,30769,159948,212000,80135,111400,268000,29950,243500,22347,23450,93400,23000,178400,162000,23936,28960,85100,40550,75240,412000,270000,103995,1240000,16810,102600,57600,52000,238000,113700,30720,108900,1068958,81200,29200,133600,93074,90600,16106,94100
20260406,886000,193100,487000,129100,462000,469000,226000,412500,269500,471000,1555000,95700,1450000,147900,151600,314000,92900,388500,453500,186630,159800,894000,2633000,109400,122000,196800,112400,81388,444500,371500,349000,1078000,252000,63200,336500,40250,1481000,32400,27000,211000,317000,24548,80400,157300,810000,20100,111300,243000,21600,123200,127600,211000,44850,373000,88400,152400,209000,183100,336000,60200,151900,30834,160397,215000,81305,118100,268000,30450,236500,22382,23650,96200,23150,173900,163000,24006,29410,80600,45650,77285,420500,271000,104005,1208000,17310,104800,57600,53400,237000,115100,30930,107800,1069038,81000,28900,137500,93244,91600,16346,95800
20260407,916000,196500,499000,130900,457000,473000,222000,408500,274000,470000,1586000,94900,1537000,146700,150800,312500,91400,390000,456500,184628,157600,891000,2610000,107100,120900,195900,111200,82404,446500,376000,345500,1049000,253500,61500,325500,39900,1473000,31850,26800,211000,323500,24553,81600,154700,827000,20150,110800,236500,21350,121800,131700,209000,46400,370000,87600,151300,208000,186300,318000,59100,155900,31433,160302,213000,82415,114800,261500,30550,233000,22382,23650,95200,23100,172000,160300,23996,29790,76700,47800,79400,409500,256000,104015,1164000,17350,106000,57100,53300,235500,115500,30975,107200,1069117,82500,28150,134000,94843,87800,16499,95100
20260408,1033000,210500,578000,139600,514000,508000,238500,406000,309000,484500,1598000,101200,1484000,156000,159200,342000,96700,407000,471500,192539,157600,980000,2930000,116700,127700,201500,117100,88606,468000,389500,362500,1204000,280500,67700,347000,43900,1585000,33400,28300,206500,344500,24768,89000,158500,833000,20650,117500,251000,22000,120400,130600,217500,47850,415500,91800,154000,220500,190400,335500,61000,188700,34423,162879,239000,88597,112100,287000,33850,234000,22581,24850,104400,24950,176800,167800,24380,32050,73400,50500,91395,459500,260500,104025,1171000,22550,120100,61400,61500,246500,123800,32293,114700,1069202,88600,31400,147000,104254,94400,17673,99200
20260409,998000,204000,560000,137700,516000,489500,230000,421000,300000,470500,1580000,100000,1451000,154200,150500,339500,96600,401500,480000,192063,157600,980000,2882000,117200,123500,201500,117100,86864,467500,391000,367000,1295000,286000,67700,341000,43400,1526000,33100,28150,203000,355000,24873,93800,163200,887000,20850,116400,254500,21800,124000,137100,218000,47300,393500,90600,148300,213000,199900,365500,61000,183400,33440,163169,232000,86974,119600,280000,33500,234000,22680,25250,103000,24250,185300,162400,24430,31475,73900,51300,87790,447000,255500,104030,1186000,23350,117900,63000,63300,242000,121200,32783,110700,1069441,87400,30400,142500,101631,92600,17457,97600
20260410,1027000,206000,568000,140400,565000,489500,234500,412000,302500,475000,1571000,100200,1507000,158300,149000,354000,98700,402500,481000,190347,157600,999000,2940000,118400,123400,202000,119500,88263,469500,394000,369000,1281000,286000,66500,380000,43400,1581000,34150,28550,210000,356000,25047,93000,164300,921000,21650,115600,252000,22350,122400,133300,217500,47700,391500,93000,148700,218500,199900,393000,62100,179500,33994,164532,241500,88308,120700,293500,34050,237500,22834,25250,106800,24700,186400,169300,24619,31920,75200,51200,90650,453000,254000,104050,1238000,24300,114900,63300,65000,240000,125600,33642,117700,1069526,89900,31700,153500,102905,94800,17659,98500
20260413,1040000,201000,580000,138500,568000,478500,235000,401500,289500,463000,1550000,99300,1530000,156600,147400,349500,98300,391500,477500,186058,179200,1007000,3058000,115300,120100,199000,120000,87491,471500,388500,360000,1294000,276500,65300,361500,42200,1663000,34150,27600,207000,340000,25007,92500,165600,939000,21150,113900,244000,22250,121500,131900,214500,47000,388000,91000,148700,212000,192500,399500,63000,176000,33699,164462,246000,87427,122000,293500,33850,241500,22795,24950,105900,23950,184600,167200,24614,31635,74800,49550,88845,462500,250000,104060,1290000,23750,119700,60900,61400,232500,122500,34266,110100,1069605,86000,32000,172900,102960,96500,17567,98700
20260414,1103000,206500,640000,141400,584000,491500,246000,400000,296000,479000,1536000,99700,1523000,155900,149200,361500,98300,405000,470500,189775,185600,1061000,3042000,120000,124100,201500,120800,90030,489500,396500,361500,1370000,284000,72400,370500,44350,1649000,35000,27900,211500,341500,25272,95500,168100,934000,21000,118300,250000,22400,121600,133100,213000,48100,401000,91400,151500,219500,193300,386000,64200,176700,34548,166654,257500,89996,119100,301500,35200,239000,23043,25250,111400,24700,185600,171500,24944,32555,72400,51800,94185,480000,245500,104075,1254000,23500,124500,62000,61100,239500,123900,35210,111700,1069685,88500,32150,183600,105508,96700,17981,100200
20260415,1136000,211000,665000,144600,614000,508000,258000,408000,307500,474500,1602000,104200,1509000,158200,151500,369500,99800,415500,471000,192539,186800,1050000,2965000,122200,125800,211000,121100,92255,486000,401500,368000,1358000,295000,69700,383000,44350,1660000,35350,28100,210000,354000,25456,98100,170400,893000,21100,117300,255000,22450,121600,131500,217500,49600,416000,93300,178600,220500,190000,413000,64400,179100,35437,168527,255000,92286,117500,343500,35350,244000,23203,25500,111100,24800,184400,164800,25228,33370,72700,52400,99035,466000,255500,104085,1281000,28500,123200,65700,60900,242500,126700,35460,114300,1069769,87000,41250,194300,108550,98600,18330,105700
20260416,1155000,217500,690000,149000,639000,534000,258000,416000,306000,493500,1616000,110800,1519000,162300,157900,371000,99900,427000,478500,199211,188600,1085000,2990000,126000,131900,218500,122500,94291,490000,408000,370000,1335000,292000,71300,379000,45800,1694000,35650,28700,215000,357500,25721,95900,171000,883000,21200,118900,259000,22850,126500,131800,223500,50600,437000,93800,191000,229000,189900,414500,63600,179500,35881,171767,257000,94306,118100,334000,35200,256500,23447,25650,110600,25200,181800,170000,25707,34105,72800,50400,103135,459500,268000,104095,1369000,28600,122700,67100,60400,250500,133600,35914,117200,1070013,93300,42100,189000,110518,103500,18612,106400
20260417,1128000,216000,682000,146600,679000,538000,253500,418000,301500,514000,1601000,108500,1423000,162300,159200,368500,99600,427000,513000,197782,186500,1087000,2980000,124200,130000,216500,123500,93634,480000,419500,385000,1330000,286500,70400,394000,45900,1679000,35700,29050,216000,360000,25880,98300,171300,876000,21100,117700,259500,22550,129400,129500,234500,50000,432000,94800,182500,227500,188400,419500,63900,177000,35681,172686,257000,93664,117300,329500,35300,263500,23591,25350,110000,25050,189000,173300,25841,33840,74800,49550,101915,448000,262500,104115,1376000,28700,120300,66300,59500,250500,131600,36214,117000,1070093,94300,39300,198100,110298,106900,18569,105500
20260420,1166000,214500,701000,146400,680000,527000,253500,429000,300000,524000,1605000,111000,1425000,160900,157400,377000,100000,420000,538000,195875,184200,1087000,3010000,124500,128700,213500,122700,94082,475500,413000,389500,1407000,287000,69000,409500,46100,1665000,35750,28550,218500,365500,25935,96500,171500,921000,21000,116500,255000,22600,128800,130500,236500,48850,423000,93500,179800,226000,186800,414500,62800,174300,36231,173350,261000,94038,115900,332000,35150,261500,23646,25150,109200,25050,195700,172600,25946,34010,76800,49300,102900,443000,255000,104130,1377000,28100,133300,65200,59300,249000,129700,36703,116300,1070178,93000,40400,205500,112297,126700,18690,103000
20260421,1224000,219000,718000,150400,772000,546000,256000,478000,304000,576000,1588000,115700,1391000,160400,160000,386500,99800,447000,645000,193492,184700,1058000,3002000,126600,131200,214000,123000,96491,468000,427500,421500,1409000,295000,68800,425000,46000,1670000,35800,30200,221500,389500,25950,100500,173000,909000,21100,116800,257000,22550,133500,131400,256500,48950,442500,95000,180200,233500,182500,410000,62700,174900,37349,173630,262000,96611,114300,337500,35950,255000,23660,24950,110400,25600,230000,170700,25986,34915,77500,51700,108270,451500,249000,104135,1359000,32850,133200,67000,62100,257000,130500,37213,119000,1070257,100300,41550,205000,115559,122000,19127,102000
20260422,1223000,217500,720000,151300,812000,541000,247500,484500,301000,641000,1561000,115900,1416000,157400,160000,381500,98600,456500,659000,194446,194200,1090000,3084000,132800,135000,214000,119500,96870,461500,463000,418500,1438000,293500,69100,500000,46350,1698000,34900,31800,237500,392000,25985,100300,171000,1020000,20850,115500,264500,22350,134000,134100,257500,48450,444500,95700,180100,235500,185800,434000,61800,168800,37389,174289,258000,96915,114100,355000,35600,265500,23685,24650,109400,25200,232500,172100,26091,35045,80600,50600,108810,444000,250000,104145,1370000,32550,161400,68200,63600,255500,128100,37772,116800,1070337,101200,41050,208500,116857,127900,19210,103500
20260423,1225000,224500,728000,156200,774000,532000,255500,466500,320000,641000,1514000,122600,1425000,158000,158400,396500,99900,442500,630000,196352,217000,1129000,3268000,129900,134400,217500,120900,97920,463000,461000,410500,1442000,293500,67700,500000,46200,1674000,34850,34000,235500,391500,26090,98800,171000,966000,20750,116900,280000,22300,133200,130100,246000,48400,440000,97400,178400,230000,182500,436000,62000,175400,37783,176027,259000,98005,120800,374000,34950,266500,23785,25100,111800,24800,228000,173500,26350,35465,79700,50300,111210,446500,246500,104155,1344000,33250,150200,67800,64200,252000,128100,38626,115400,1070586,98900,40850,211500,117437,137400,19439,103000
20260424,1222000,219500,725000,153700,788000,513000,244500,481000,311500,671000,1528000,127100,1463000,157400,153400,398500,100000,422500,641000,199211,226500,1248000,3552000,127500,134900,214000,123300,97566,456000,476000,415000,1541000,295500,66900,542000,46200,1642000,35050,34400,233000,391500,26170,100000,176200,989000,21100,114500,288000,22350,132900,130400,252000,48050,429500,96000,169800,222500,171400,450000,61700,173000,38158,176960,259000,97587,119400,398500,35100,274500,23855,25300,111600,24850,253500,175000,26485,35295,81300,52500,110215,449500,252000,104180,1315000,32800,153400,66700,62700,245000,131100,39890,114200,1070670,115200,42850,222000,119485,152000,19375,102300
20260427,1292000,224500,789000,160100,794000,524000,250000,464000,312000,673000,1509000,128900,1454000,157400,152600,412000,99700,432500,635000,194446,255500,1306000,3941000,130000,133500,215000,124000,99797,461000,479000,417500,1582000,373500,68700,536000,45850,1642000,33200,33450,231000,379500,26199,98000,177800,950000,20950,114700,284500,22200,130400,126100,249500,48450,441000,95500,169800,229500,171700,449000,61100,171400,40329,178034,260500,99871,115400,426000,35250,276000,23825,24950,112700,24550,280500,171300,26649,36095,81300,54300,115355,453000,250000,104185,1301000,33200,155500,66900,62200,250000,131800,41323,114900,1070750,108800,43550,231500,125245,159000,19803,102400
20260428,1300000,222000,811000,160000,839000,555000,252000,472000,309500,667000,1504000,127800,1395000,158800,155600,414000,99900,447000,680000,197305,261500,1238000,3976000,140000,133900,219500,127000,100255,483000,468500,466500,1583000,367000,68500,577000,44700,1627000,33500,33350,244500,394000,26199,96800,178000,933000,20750,115300,280500,22500,133000,119900,263000,48850,478000,98200,172500,234500,168000,459000,60900,167100,40299,177704,258500,100300,118700,402500,35050,283500,23869,24950,111200,24350,276000,173500,26595,36265,85000,56300,116325,445500,248500,104200,1285000,37150,150600,67500,62200,260000,129100,40174,114700,1070835,109300,45900,222000,125484,154700,19881,102600
20260429,1293000,226000,830000,163500,827000,556000,252000,473000,308500,690000,1473000,129200,1420000,160600,156900,425000,100000,439000,712000,194446,273000,1260000,3982000,135800,132300,220000,127100,101045,464000,472000,469000,1572000,357500,67700,592000,44500,1604000,33500,33000,264000,407500,26215,95600,176500,968000,20750,113900,301000,22550,149800,118100,261000,48400,474000,98300,170200,238500,166300,451000,60500,168600,40355,177705,249000,100975,134300,418500,34600,277500,23885,24550,108700,25100,268500,172200,26600,36550,84900,54300,118075,423500,252500,104210,1314000,36900,146000,66700,61200,258500,132500,39335,113300,1071159,115400,51200,221000,124750,152600,20031,101800
20260430,1286000,220500,841000,158300,832000,531000,249500,460500,298500,685000,1470000,127100,1417000,160500,151800,425000,99900,425000,695000,191109,278000,1252000,3912000,140900,131800,211000,127900,99905,461000,461500,462000,1596000,368000,64800,573000,43550,1579000,33350,32350,268500,397000,26160,95100,178300,941000,20500,111700,310500,22600,146200,117300,252000,47300,450500,99100,166200,227000,169000,424500,60900,161800,40115,177990,240000,99970,134500,453000,33650,265000,23870,24350,107500,24550,265500,167600,26645,36165,87300,53100,115450,398000,263000,104240,1341000,35000,150300,65000,59200,248000,133400,39755,112700,1071323,112800,56300,266000,123850,158500,19934,99900
20260504,1447000,232500,991000,169600,918000,539000,265000,472000,320000,680000,1485000,127200,1465000,157800,154000,475500,98000,431500,705000,188536,294000,1299000,4228000,143200,133000,209000,126600,105295,473500,469500,502000,1705000,378000,70300,595000,44500,1629000,33300,32250,269000,429000,26340,97400,179600,983000,21150,113400,302500,22100,145700,119700,267000,47100,446000,102300,166900,225500,180000,428500,60600,159400,42175,180055,262000,105280,128000,509000,36450,288500,23970,24400,137900,24500,269500,166800,26945,38070,87300,55000,127790,422500,257500,104260,1316000,32150,149000,65900,61500,249500,139900,40955,112300,1071403,114400,60700,333500,130460,161700,20838,99300
20260506,1601000,266000,1089000,189300,912000,550000,298000,482000,375500,648000,1480000,127000,1433000,158900,154600,520000,97300,432500,698000,185581,315500,1389000,4597000,154900,130200,208000,125500,113270,480500,452500,506000,1790000,394500,83800,632000,45050,1747000,32600,31850,262000,423500,26285,95500,175400,979000,20550,111600,285500,21600,146700,122200,288500,46300,441000,103000,170000,220000,176600,422000,58500,163700,45470,181835,291500,113170,122000,531000,38450,284000,23945,25000,149500,24550,260500,162000,27210,40985,83600,53000,147355,484500,246500,104275,1294000,32200,151600,67000,59500,250500,140600,42500,109700,1071488,125400,69200,319500,140020,162000,22184,98500
20260507,1654000,271500,1099000,185400,917000,572000,300000,483000,405000,693000,1468000,136400,1317000,161200,157600,543000,98900,441500,694000,193016,318500,1420000,4601000,148700,129900,207500,128800,115620,490000,467500,535000,1817000,393000,79000,637000,44700,1560000,33200,33700,235000,425000,26550,93200,176700,866000,20950,113200,290000,21750,137800,116700,296000,45250,455500,104600,176600,230500,171800,401500,59500,167400,46165,184085,276000,115630,118200,507000,37700,270000,24200,23900,145200,26350,269500,165000,27560,41845,80700,64400,153105,466000,243500,104280,1264000,33200,147400,67700,64700,256500,139500,43475,113800,1071738,120700,64100,322500,142100,157500,22617,99600
20260508,1686000,268500,1098000,182700,914000,613000,295000,476500,422500,658000,1472000,129600,1307000,161700,164500,550000,98000,509000,678000,189108,313000,1403000,4398000,154100,126100,215000,126500,115810,499000,452000,525000,1735000,390000,79600,624000,44050,1559000,32850,31950,223000,429500,26820,93500,181000,840000,20600,112400,289000,21800,134700,115900,290000,46000,592000,108900,175400,251000,166800,434000,59300,164000,46375,186940,268500,115840,116800,543000,36600,273000,24455,23650,137200,27050,240500,164600,27975,41845,78000,62400,153695,452500,247500,104305,1360000,32850,141100,71000,62100,271500,141300,43450,114100,1071822,123200,72300,331000,143715,168100,22699,99400
20260511,1880000,285500,1187000,194900,900000,646000,299500,468000,452000,685000,1458000,128000,1315000,158800,174700,571000,97200,553000,684000,182340,304000,1362000,4333000,156700,130500,211500,126600,121805,505000,474000,512000,1720000,400000,79400,688000,43200,1528000,32500,33950,219500,423500,26980,98200,180300,875000,20050,112000,293500,21350,132700,116100,280000,44700,635000,105100,173700,251000,169500,438000,58800,165800,49400,190635,266000,121740,110900,541000,36050,284500,24600,23150,135200,25750,257000,162200,28535,44045,75300,58600,170735,459000,241500,104320,1319000,32100,140100,70500,61100,272000,138100,45590,110900,1071902,125800,70500,324000,153085,186700,23793,98600
20260512,1835000,279000,1126000,187000,958000,646000,299500,443000,435000,707000,1443000,125600,1284000,153600,168300,541000,96700,548000,629000,184247,289000,1309000,4197000,184900,122000,204000,123100,119100,505000,464500,479000,1676000,377500,74300,696000,41250,1512000,31800,31400,215000,388500,27280,103400,182100,879000,19800,107500,287000,21350,128500,111700,261000,43550,615000,110400,179300,265500,165900,415500,59900,156000,47605,192205,249500,119170,114300,510000,34000,277500,24860,22550,128000,24850,248500,161500,28765,43185,74000,54900,161650,420000,231500,104330,1331000,30150,128400,73000,59200,266500,142200,46260,109700,1071987,128000,67200,312000,147995,165800,23521,102600
20260513,1976000,284000,1190000,189100,1029000,710000,306000,430000,428500,733000,1410000,120000,1286000,152000,179500,550000,95200,649000,634000,181578,285000,1280000,4197000,191400,121400,201500,122300,122655,498000,460500,478500,1682000,400500,72900,753000,40750,1501000,31150,31050,215000,387500,27410,105800,178000,873000,19830,106500,298500,20800,129700,109600,251500,42950,699000,108700,179300,284000,163500,402000,59300,160700,49910,192870,251500,122690,115300,517000,33550,281000,25000,22050,127900,25750,232000,160800,28875,44305,72500,53000,171900,410500,230500,104335,1295000,28950,133100,73500,59100,282500,140700,46510,112200,1072067,142900,65400,302500,155855,185600,23963,99200
20260514,1970000,296000,1171000,193700,1024000,712000,330000,442000,442000,671000,1449000,117100,1306000,156000,178100,541000,96800,650000,636000,185962,280000,1267000,4025000,217000,120400,213000,126500,124855,538000,437500,486500,1703000,409500,72300,760000,39650,1511000,31800,30150,212500,392500,27595,102700,189000,878000,20100,110100,279000,21300,126700,116100,250500,45950,689000,117000,182900,263000,172200,425000,61600,169300,50065,194920,258000,124770,115000,505000,35000,293500,25160,23600,130000,27300,222000,173000,29180,45140,74600,54700,177100,420000,247000,104345,1439000,32600,132500,86100,61800,286000,145200,47180,123100,1072311,144600,65500,293500,157200,182800,24165,102400
20260515,1819000,270500,1098000,179400,1010000,700000,310000,417000,396500,640000,1419000,110800,1216000,155600,168000,503000,95100,629000,614000,179957,259000,1179000,3745000,240500,118100,203500,119000,117200,554000,416000,467500,1614000,369000,69900,732000,38750,1426000,31250,29300,201500,374000,27765,101300,179800,834000,19890,105800,269500,20900,123500,104300,235500,44000,648000,126000,189000,242000,161100,404000,58700,155000,46300,194300,258000,117285,112100,472500,32550,279000,25280,22450,123200,26050,215500,164500,29075,42310,71900,50600,155000,396000,244000,104370,1444000,28500,128000,86600,62200,279500,141400,46250,119200,1072396,135800,60000,268500,145885,163500,22884,96600
20260518,1840000,281000,1093000,185100,1031000,663000,313500,408000,399500,615000,1386000,112100,1227000,153000,162500,530000,93100,571000,613000,174620,253500,1147000,3730000,217000,115800,200000,114200,117840,554000,410000,463000,1593000,317000,70500,760000,37650,1420000,30650,29550,201000,373000,27360,100500,178200,839000,19960,106300,269000,20650,123300,106100,232000,42450,596000,115400,180600,230000,161700,402000,57000,144900,45615,192025,240500,117965,111500,528000,31950,282000,24945,22300,119900,25550,221000,160600,28740,42565,71300,49500,157350,390000,235000,104380,1366000,29300,131500,81300,61800,270000,126200,45205,111400,1072481,140400,58100,258500,146250,170900,22943,95500
20260519,1745000,275500,1020000,180800,987000,604000,312000,400000,380500,598000,1346000,106000,1286000,152800,154900,519000,93900,525000,587000,173952,243500,1095000,3580000,191700,111900,198100,115300,114315,551000,400000,440500,1500000,288000,66400,793000,39150,1374000,30300,28550,195600,350500,27605,97700,177200,862000,19820,108800,265000,20600,119600,104100,224000,41600,536000,105300,171000,214000,161800,397500,56200,139300,43560,192740,234000,114360,110100,541000,31050,276000,25175,22200,114500,25800,218000,164100,28860,41300,70600,49250,148185,377500,236000,104390,1391000,27050,120900,74800,60400,251500,123000,44125,111600,1072566,134300,53200,245500,140375,157300,22263,93000
20260520,1745000,276000,1029000,177800,1061000,592000,312000,384500,370500,636000,1337000,101300,1249000,151700,149400,526000,94000,535000,570000,170998,238500,1066000,3569000,181000,110500,191500,115600,113340,543000,399000,417000,1478000,287500,62000,760000,36900,1314000,30100,27650,190500,332000,27520,98100,178200,833000,19670,108200,259000,20300,115500,101600,216500,40150,558000,103100,164800,210500,158000,390000,55800,136200,43700,192925,232500,113180,110800,500000,30450,265500,25080,21950,112700,24800,222000,156300,28875,40875,68200,47400,145095,363500,226500,104395,1357000,26650,121600,71200,59300,248000,123000,44880,109200,1072650,133000,52000,245500,140995,162000,22070,91000
20260521,1940000,299500,1179000,187800,1204000,666000,355000,401000,418500,672000,1395000,108400,1248000,155800,167900,576000,94800,670000,616000,180720,271500,1136000,3929000,235000,113600,199500,119400,123060,566000,415000,443500,1600000,332500,66500,838000,39400,1405000,30400,28650,195500,348000,27745,102800,181000,862000,20250,108900,277500,20400,118800,103800,232000,41800,629000,123000,185300,233500,164500,399500,55700,147100,48395,195250,249500,123110,107300,521000,31900,258000,25295,22500,122400,26450,230000,155400,29230,44455,67000,51300,170660,410000,231000,104405,1319000,28350,127800,80200,61800,266000,134600,46710,117700,1072980,146400,56000,276000,154805,181000,23958,94600
20260522,1941000,292500,1185000,187500,1340000,655000,364500,398500,420500,680000,1415000,111600,1261000,160000,164800,642000,98200,646000,647000,189394,281000,1173000,4007000,237000,122200,203000,122100,123350,569000,421000,447500,1593000,320500,67500,864000,39700,1430000,31550,29500,206000,351000,28100,102800,188000,925000,20500,109200,282000,21000,123700,109400,243000,41850,631000,118500,194700,236500,168400,391000,55800,150300,48000,197990,254500,123440,109000,544000,32850,271000,25615,22800,129900,26800,245500,154500,29645,44570,70300,53400,171400,407000,235000,104430,1315000,28550,126100,83200,63300,263000,140500,47770,117700,1073064,151300,54800,282500,155500,181100,23923,97800
20260526,2052000,299000,1181000,187200,1572000,689000,348000,399500,411000,745000,1425000,112600,1251000,157300,167000,656000,96000,664000,642000,185867,285000,1148000,3834000,239500,134700,200000,120000,126755,581000,445000,442000,1781000,329000,66900,1068000,40450,1444000,30950,30450,214000,351000,28085,102100,182100,913000,20200,106500,289500,20850,121700,115000,240500,41450,638000,122700,201500,236000,169900,389500,54200,152000,50190,198200,252500,126935,110100,553000,32000,260500,25600,22400,126800,27450,256500,148600,29670,45800,68300,54600,181075,400500,236000,104450,1296000,29450,139700,82900,63600,273000,148200,49175,116200,1073144,169200,53300,274000,162660,220500,24520,96700
20260527,2243000,307000,1276000,192000,1630000,681000,354500,383500,410500,744000,1384000,108500,1244000,153800,164700,680000,95000,688000,630000,185390,261500,1094000,3681000,235000,134900,198800,118400,130600,577000,440500,423500,1715000,319000,64500,1044000,39500,1396000,30650,29450,207000,331000,28020,100400,179700,875000,19740,104700,285500,20500,115400,109600,229000,40500,765000,118200,261500,229500,165700,385000,53400,143600,50910,199485,244500,130560,108100,508000,31150,255000,25535,21850,124200,26850,241000,144500,29865,47125,65600,51300,191505,391000,233000,104460,1237000,26750,132300,94600,62500,269500,150900,50735,112400,1073229,163500,49550,270000,163570,202000,25284,94700
20260528,2289000,299500,1237000,190900,1849000,677000,357500,442000,399500,704000,1373000,105900,1200000,149700,164300,664000,92800,686000,676000,181101,246500,1047000,3653000,225500,124200,205000,115300,129990,560000,415000,420000,1660000,292500,62000,1134000,39050,1365000,30050,28400,206000,344500,28000,96900,183700,856000,19610,103000,275500,20450,117000,105900,238000,40100,746000,115800,248500,233000,167900,400500,51900,141400,50115,198750,238500,129985,107000,475500,30450,255500,25515,21400,120800,27000,226000,141100,29760,46925,64100,50800,189460,371000,223500,104470,1211000,25450,127500,87600,63000,263500,139200,49355,108500,1073480,164800,47800,253000,160810,194300,25289,93500
20260529,2333000,317000,1233000,202500,2127000,723000,388500,458000,432500,696000,1363000,105600,1173000,150600,169200,676000,93600,768000,688000,183865,241500,1053000,3685000,293000,123300,234000,115100,134815,569000,423000,423500,1972000,282000,61400,1458000,38900,1373000,29700,27950,200500,367000,28300,100600,184700,801000,19560,102900,277500,20200,119200,105000,245500,41950,931000,146600,299000,242500,168300,395500,52800,147000,50450,201945,237500,134960,107400,446000,30200,257500,25800,22400,119800,26800,224000,143100,30250,48515,63800,52900,204400,370500,220000,104490,1205000,26200,129200,113800,66800,272000,133700,50825,110100,1073565,190900,45450,247000,160980,185500,26166,89700
20260601,2363000,349000,1256000,229000,2005000,750000,410000,455000,455000,684000,1377000,106900,1138000,152100,169900,657000,92600,761000,652000,182722,267000,1066000,3811000,380500,124900,271500,113900,141395,604000,404500,413000,2203000,293000,60900,1530000,38650,1375000,29400,27550,213000,363500,28365,112200,185100,776000,19770,106100,281000,20050,116200,102000,231000,42700,938000,165800,362000,232500,163000,426500,53200,138900,52505,203170,246000,141500,104700,466000,31200,249500,25855,22150,124500,25800,233000,141000,30435,51050,61600,50300,225500,381000,216000,104500,1166000,24250,139400,143700,68700,295500,128900,51220,111200,1073735,177800,47600,247500,165410,181400,27403,89100
20260602,2360000,360500,1346000,231500,1813000,729000,480000,442500,485500,673000,1367000,100000,1070000,156600,168800,668000,96400,759000,602000,179100,241500,995000,3544000,392500,116000,280500,117000,141575,641000,383500,399000,1918000,275500,57800,1252000,37750,1322000,29900,27700,203000,355000,28520,125200,184600,726000,19510,106100,276500,20350,116300,97400,222500,42550,898000,140000,300500,221500,147000,401000,53900,134200,52085,204345,241500,141495,108300,425500,30650,252000,26000,22000,120600,25300,227000,145500,30605,51105,59900,49300,224490,364000,213500,104520,1140000,22800,136300,135700,69800,282000,118900,51755,114300,1073820,157500,42500,225000,163875,170100,27428,88400
20260604,2298000,351500,1361000,220000,1716000,700000,438000,422000,535000,651000,1350000,99200,1068000,164200,164300,668000,100100,748000,607000,176500,239500,999000,3488000,328000,115100,267500,120600,138730,730000,379500,402000,1800000,304000,58300,1173000,38700,1316000,30400,28400,192700,352000,28600,108900,175800,733000,19620,106500,280000,20500,116800,96100,221500,42000,839000,129900,268000,211500,141500,405000,54500,136600,52965,206240,250500,138760,114500,435500,31600,254500,26065,22550,127000,25050,220000,144700,30875,50160,60200,49500,215360,372000,215000,104530,1114000,22950,133700,126400,71800,266000,130200,54795,120500,1074075,159000,42350,222500,168300,176400,26920,90500
20260605,2070000,329000,1258000,211000,1757000,700000,412500,414000,460500,664000,1340000,95600,1049000,171600,161100,625000,107500,697000,568000,171400,227000,956000,3380000,303000,112200,255500,123600,131030,695000,379000,390000,1740000,283000,56400,1160000,38100,1265000,31200,27750,191400,349000,28845,106400,179300,726000,19450,107300,271500,20650,114900,94600,209000,40250,836000,122900,252500,209500,139000,389000,54000,131900,49555,205500,246500,130900,112800,410500,31750,257500,26280,23050,123400,24900,222000,142400,30750,47350,58500,48350,189830,364000,209500,104555,1120000,21750,120900,117500,67900,260000,125300,53780,115000,1074160,152400,39950,221000,157180,173800,25427,88100
20260608,1911000,295500,1118000,192500,1664000,639000,375500,388500,408500,621000,1243000,85800,1006000,151500,151400,572000,97100,612000,503000,159400,208000,889000,3196000,268000,103100,279000,112400,119560,670000,358500,359000,1578000,253500,49750,1095000,36000,1149000,28850,26100,175000,321000,28170,106700,177200,696000,18650,102800,248000,20250,104600,86500,187700,38600,752000,113900,236000,192000,125000,366000,53900,116500,44090,197840,216000,119585,108500,371000,29450,244500,25695,22750,110100,23800,207500,136200,29585,43200,54800,44450,158165,330500,197400,104565,1069000,20400,105700,106500,67000,240000,113800,49530,104700,1074240,139700,37250,213500,141910,158800,23258,82400
20260609,2215000,322000,1269000,203500,1970000,639000,393000,396500,429000,612000,1296000,92300,1016000,154800,164300,594000,101200,595000,515000,170000,219500,944000,3467000,248000,102200,257000,119000,130130,655000,362500,364500,1566000,276500,51500,1137000,36100,1212000,30000,25850,180900,329000,27870,108100,184300,725000,19030,109100,241000,20550,105700,86600,193000,39500,687000,112600,252500,198000,127700,405000,53800,122300,49410,198335,231500,130195,110900,387500,31250,244500,25410,24400,117500,24850,210000,143800,29695,47000,56300,46450,185885,357500,206500,104575,1110000,21050,115800,99000,73000,247500,115800,52070,114400,1074325,152600,38700,225000,158600,170300,25156,91900
20260610,2048000,302500,1183000,191500,1805000,602000,368000,385500,407500,641000,1298000,91100,1031000,154000,159700,579000,98200,570000,496500,167300,236000,986000,3437000,224000,110200,227000,117900,123795,616000,385500,363000,1584000,270000,51200,1090000,36400,1186000,29800,26000,189400,323000,27875,105700,185100,790000,18380,108200,242500,20900,103700,91600,187600,38150,683000,108700,225000,195200,137600,410500,55900,130300,46830,195425,229000,123830,110800,390000,30500,232000,25405,24750,112200,25450,229000,142500,29270,44800,58300,47300,167100,342500,205000,104585,1136000,20750,113000,93800,70600,238000,119200,49925,115600,1074410,148400,37450,218500,151495,153700,23997,86400
20260611,2101000,299000,1228000,193500,1805000,597000,365000,384500,410000,646000,1286000,88600,1014000,151500,156000,575000,96900,576000,498500,166200,229500,1033000,3246000,226000,104500,224000,114800,123850,663000,375500,358000,1621000,291000,51100,1072000,35900,1164000,30150,25300,188400,316500,27695,100000,185100,764000,18850,106000,245500,20950,103200,88600,184700,39300,710000,107500,229500,195800,141900,410500,60000,122700,48560,194530,230000,123910,113100,373500,31200,233000,25245,23400,111800,24800,245500,140000,29130,44685,58100,45550,166730,341500,218000,104590,1176000,20450,123200,93000,71100,235500,117600,49510,118400,1074665,156800,36950,213000,158000,155200,24199,88500
20260612,2150000,322500,1358000,207000,1714000,607000,385500,400000,432000,650000,1295000,93100,1078000,161200,166800,593000,99600,607000,539000,173000,222500,1130000,3376000,225500,112700,247000,121000,129270,654000,398000,377000,1896000,361000,52300,1036000,37650,1201000,31150,26900,208500,345000,27880,103000,187800,772000,20050,108900,244000,21800,106100,96000,199400,41500,684000,106500,237000,208500,140900,394000,54800,157500,53000,197890,240500,129575,111400,386500,31750,237000,25420,23750,118800,26600,247500,148200,29645,46715,59400,47600,182370,363500,225000,104615,1145000,21850,122400,92800,72000,241000,116300,52145,119900,1074750,165200,37850,231500,168740,174300,25050,87900
20260615,2288000,337000,1413000,216000,1999000,647000,423000,420500,495000,714000,1332000,99800,1084000,169600,167500,646000,105600,640000,553000,175000,257500,1194000,3752000,243500,123400,248000,129300,136290,676000,422000,395000,1709000,347000,51600,1209000,41400,1253000,32550,28650,213000,360500,28220,105400,188500,845000,21300,111300,268000,22400,112700,99500,210500,40750,746000,118400,239500,216500,147600,416000,55400,145000,53800,202295,251500,136310,113700,419500,32700,236500,25735,23800,122500,30000,255000,152400,30285,49370,59900,52100,203030,367500,218500,104630,1139000,22900,118900,96600,73500,257000,120200,54980,128100,1074835,167700,39950,251000,173050,161200,26320,90200
20260616,2382000,343000,1501000,224000,2048000,640000,431000,410500,497000,698000,1333000,103300,1183000,172000,170200,673000,106700,660000,549000,174500,257500,1114000,3892000,234000,129200,242000,132000,139550,671000,438500,390000,1699000,328500,51300,1236000,39800,1293000,33050,28100,226500,367500,28355,100100,185000,1002000,22150,114400,272000,23100,112500,106400,209000,40450,716000,114100,238000,222000,154900,399500,56600,147800,52450,204385,252500,139520,114100,424000,32850,237000,25840,24150,124600,29300,255500,153400,30605,50410,65300,56700,211510,390000,223000,104640,1143000,27450,123000,92900,71000,253000,125300,55505,127900,1074920,169900,40700,254000,171815,158000,26830,88700
20260617,2521000,346500,1596000,226500,2032000,618000,447000,416000,490000,707000,1370000,103200,1224000,164000,166300,708000,103100,631000,550000,174600,255000,1120000,3855000,234500,133100,243500,126800,142055,679000,434000,384500,1624000,319500,50400,1248000,40500,1261000,32150,28950,219000,361000,28265,99000,187200,950000,22100,114300,262500,22450,109000,105300,209500,40550,691000,112500,232500,220000,155600,408500,55300,139300,53120,202170,240000,141880,109800,433000,32350,247000,25770,23650,123900,28800,246500,151500,30275,51305,59700,52500,219385,369000,235500,104650,1145000,24800,124000,92400,67800,248000,129000,53870,122600,1075005,174200,41150,251000,175955,158500,27400,90400
20260618,2685000,362500,1700000,228500,2200000,601000,469000,400000,485500,684000,1430000,99600,1189000,163100,158800,687000,100800,603000,522000,173600,242000,1087000,3693000,228500,125100,235000,126100,146945,700000,421000,367000,1634000,315500,50700,1283000,39350,1209000,31550,27700,211500,342500,28330,95900,180400,884000,20450,112200,238500,21850,103500,96100,202000,39300,668000,109900,221000,212000,152000,378000,53500,133200,54480,203160,230500,146705,105100,417500,31450,238000,25830,22900,119200,28850,239000,149900,30425,52970,56300,49700,234825,350500,228000,104655,1111000,22950,121400,90000,65600,240000,120900,55030,122500,1075260,167600,39500,241500,182500,154500,28270,88700
20260619,2764000,354000,1780000,222000,2270000,613000,497000,404500,491500,667000,1374000,97900,1122000,158300,154900,724000,100900,612000,555000,170300,259000,1078000,3855000,211500,128400,229500,123500,146910,700000,419000,356500,1631000,295000,48750,1145000,37900,1192000,31050,27550,207000,338000,28355,94900,180000,852000,20150,108100,230500,21450,102400,91100,199500,37750,662000,108900,212000,222500,146500,385500,53300,128600,53750,204330,231000,147250,105300,410000,32000,241500,25820,22150,118900,27950,225000,144900,30600,53055,55000,48650,235130,346000,223500,104680,1103000,21250,115100,85800,66700,241000,115200,56600,121100,1075345,156300,38250,235500,181015,156100,28460,87000
20260622,2919000,353500,1970000,224000,2228000,581000,450500,385500,520000,636000,1295000,94200,1125000,157000,151400,730000,97500,569000,533000,168500,245000,1033000,3834000,227500,116500,222000,119700,148355,685000,397500,346500,1631000,301500,46100,1130000,38000,1147000,29850,26200,203500,323000,28570,94200,174900,848000,19550,105700,224000,20550,100200,89500,192000,36800,624000,109900,208500,204000,148600,373000,52300,127800,55670,207085,221000,148165,107000,394000,30800,225000,26050,21000,114000,27050,209500,141300,31010,53515,53200,49900,239000,337000,213000,104695,1070000,21800,117900,89500,64500,235500,113000,57815,113800,1075430,155000,37300,229500,188345,174000,28585,85500
20260623,2555000,310000,1832000,202500,1990000,511000,425000,362000,455000,588000,1273000,89200,1073000,153700,137400,705000,97700,510000,469000,160500,232500,949000,3616000,202000,104500,202500,115500,132820,646000,364500,322000,1531000,258000,42150,991000,36250,1084000,29450,24300,193600,291500,28245,89900,172600,809000,18590,104600,211000,20250,93700,81900,172900,34250,550000,98600,191600,186900,140400,355500,52400,115100,49260,202790,208000,133380,101500,361500,28750,221500,25745,20250,108000,25900,204500,139000,30375,48125,50300,44850,188990,321500,195100,104700,1072000,19380,108100,80000,61600,214500,105900,56445,109600,1075510,140400,34700,222000,166780,151100,25695,82200
