date,005930_삼성전자,000660_SK하이닉스,005935_삼성전자우,402340_SK스퀘어,009150_삼성전기,373220_LG에너지솔루션,005380_현대차,207940_삼성바이오로직스,105560_KB금융,032830_삼성생명,028260_삼성물산,012450_한화에어로스페이스,034020_두산에너빌리티,055550_신한지주,006400_삼성SDI,329180_HD현대중공업,000270_기아,034730_SK,068270_셀트리온,066570_LG전자,086790_하나금융지주,012330_현대모비스,010120_LS ELECTRIC,035420_NAVER,000810_삼성화재,042700_한미반도체,096770_SK이노베이션,298040_효성중공업,005490_POSCO홀딩스,267260_HD현대일렉트릭,316140_우리금융지주,000150_두산,042660_한화오션,010130_고려아연,009540_HD한국조선해양,138040_메리츠금융지주,011200_HMM,051910_LG화학,015760_한국전력,017670_SK텔레콤,003670_포스코퓨처엠,010950_S-Oil,033780_KT&G,006800_미래에셋증권,003550_LG,010140_삼성중공업,018260_삼성에스디에스,024110_기업은행,079550_LIG디펜스앤에어로스페이스,267250_HD현대,011070_LG이노텍,272210_한화시스템,086280_현대글로비스,035720_카카오,278470_에이피알,030200_KT,047810_한국항공우주,000720_현대건설,064350_현대로템,005830_DB손해보험,003490_대한항공,307950_현대오토에버,443060_HD현대마린솔루션,047050_포스코인터내셔널,071050_한국금융지주,005940_NH투자증권,000500_가온전선,078930_GS,007660_이수페타시스,323410_카카오뱅크,028050_삼성E&A,006260_LS,259960_크래프톤,003230_삼양식품,180640_한진칼,009830_한화솔루션,016360_삼성증권,353200_대덕전자,090430_아모레퍼시픽,161390_한국타이어앤테크놀로지,047040_대우건설,062040_산일전기,064400_LG씨엔에스,021240_코웨이,352820_하이브,128940_한미약품,000880_한화,039490_키움증권,001440_대한전선,032640_LG유플러스,005387_현대차2우B,000990_DB하이텍,326030_SK바이오팜,267270_HD건설기계,000100_유한양행,011790_SKC,377300_카카오페이,175330_JB금융지주,241560_두산밥캣,066970_엘앤에프
20260511,285500,1880000,194900,1187000,900000,468000,646000,1446776,158800,299500,452000,1315000,128000,97200,684000,685000,174700,571000,182340,156700,126600,553000,304000,211500,505000,400000,132700,4333000,512000,1362000,32500,1720000,130500,1528000,474000,112000,20050,423500,43200,98200,280000,110900,180300,79400,105100,33950,173700,21350,875000,293500,688000,116100,251000,44700,438000,58800,169500,165800,219500,162200,25750,635000,257000,75300,266000,36050,265061,77400,140100,23150,58600,541000,284500,1319000,110900,42917,135200,125800,127900,61100,32100,324000,70500,92800,241500,423500,165785,459000,70500,15320,272000,186700,98600,180400,84600,156300,59400,26100,73200,187300
20260512,279000,1835000,187000,1126000,958000,443000,646000,1431891,153600,299500,435000,1284000,125600,96700,629000,707000,168300,541000,184247,184900,123100,548000,289000,204000,505000,377500,128500,4197000,479000,1309000,31800,1676000,122000,1512000,464500,107500,19800,388500,41250,103400,261000,114300,182100,74300,110400,31400,179300,21350,879000,287000,696000,111700,265500,43550,415500,59900,165900,156000,215000,161500,24850,615000,248500,74000,249500,34000,313406,76200,128400,22550,54900,510000,277500,1331000,109700,40559,128000,128000,123200,59200,30150,312000,73000,91800,231500,454500,170707,420000,67200,15730,266500,165800,102600,178900,84900,145000,57600,25700,71800,175000
20260513,284000,1976000,189100,1190000,1029000,430000,710000,1399145,152000,306000,428500,1286000,120000,95200,634000,733000,179500,550000,181578,191400,122300,649000,285000,201500,498000,400500,129700,4197000,478500,1280000,31150,1682000,121400,1501000,460500,106500,19830,387500,40750,105800,251500,115300,178000,72900,108700,31050,179300,20800,873000,298500,753000,109600,284000,42950,402000,59300,163500,160700,215000,160800,25750,699000,232000,72500,251500,33550,280620,71900,133100,22050,53000,517000,281000,1295000,112200,40700,127900,142900,120500,59100,28950,302500,73500,94600,230500,445000,168907,410500,65400,15490,282500,185600,99200,179400,84700,144100,51100,24750,70300,169000
20260514,296000,1970000,193700,1171000,1024000,442000,712000,1437845,156000,330000,442000,1306000,117100,96800,636000,671000,178100,541000,185962,217000,126500,650000,280000,213000,538000,409500,126700,4025000,486500,1267000,31800,1703000,120400,1511000,437500,110100,20100,392500,39650,102700,250500,115000,189000,72300,117000,30150,182900,21300,878000,279000,760000,116100,263000,45950,425000,61600,172200,169300,212500,173000,27300,689000,222000,74600,258000,35000,221718,74700,132500,23600,54700,505000,293500,1439000,123100,45087,130000,144600,130200,61800,32600,293500,86100,96200,247000,449500,174309,420000,65500,16600,286000,182800,102400,171900,89400,146200,57800,25650,71500,171700
20260515,270500,1819000,179400,1098000,1010000,417000,700000,1408076,155600,310000,396500,1216000,110800,95100,614000,640000,168000,503000,179957,240500,119000,629000,259000,203500,554000,369000,123500,3745000,467500,1179000,31250,1614000,118100,1426000,416000,105800,19890,374000,38750,101300,235500,112100,179800,69900,126000,29300,189000,20900,834000,269500,732000,104300,242000,44000,404000,58700,161100,155000,201500,164500,26050,648000,215500,71900,258000,32550,188099,77300,128000,22450,50600,472500,279000,1444000,119200,38295,123200,135800,122000,62200,28500,268500,86600,94700,244000,472500,169747,396000,60000,16210,279500,163500,96600,162400,86000,133500,51100,24950,69700,160200
20260518,281000,1840000,185100,1093000,1031000,408000,663000,1375330,153000,313500,399500,1227000,112100,93100,613000,615000,162500,530000,174620,217000,114200,571000,253500,200000,554000,317000,123300,3730000,463000,1147000,30650,1593000,115800,1420000,410000,106300,19960,373000,37650,100500,232000,111500,178200,70500,115400,29550,180600,20650,839000,269000,760000,106100,230000,42450,402000,57000,161700,144900,201000,160600,25550,596000,221000,71300,240500,31950,211160,74800,131500,22300,49500,528000,282000,1366000,111400,40889,119900,140400,120400,61800,29300,258500,81300,92500,235000,432500,151500,390000,58100,15600,270000,170900,95500,163000,83400,136500,49100,25250,67700,160500
20260519,275500,1745000,180800,1020000,987000,400000,604000,1335638,152800,312000,380500,1286000,106000,93900,587000,598000,154900,519000,173952,191700,115300,525000,243500,198100,551000,288000,119600,3580000,440500,1095000,30300,1500000,111900,1374000,400000,108800,19820,350500,39150,97700,224000,110100,177200,66400,105300,28550,171000,20600,862000,265000,793000,104100,214000,41600,397500,56200,161800,139300,195600,164100,25800,536000,218000,70600,234000,31050,215605,75500,120900,22200,49250,541000,276000,1391000,111600,38955,114500,134300,119900,60400,27050,245500,74800,91100,236000,439500,147658,377500,53200,15560,251500,157300,93000,161400,81300,127800,47250,25650,67200,157000
20260520,276000,1745000,177800,1029000,1061000,384500,592000,1326707,151700,312000,370500,1249000,101300,94000,570000,636000,149400,526000,170998,181000,115600,535000,238500,191500,543000,287500,115500,3569000,417000,1066000,30100,1478000,110500,1314000,399000,108200,19670,332000,36900,98100,216500,110800,178200,62000,103100,27650,164800,20300,833000,259000,760000,101600,210500,40150,390000,55800,158000,136200,190500,156300,24800,558000,222000,68200,232500,30450,194211,73900,121600,21950,47400,500000,265500,1357000,109200,37682,112700,133000,116100,59300,26650,245500,71200,88200,226500,414500,147658,363500,52000,15260,248000,162000,91000,153600,81500,122900,45350,24950,64100,148500
20260521,299500,1940000,187800,1179000,1204000,401000,666000,1384261,155800,355000,418500,1248000,108400,94800,616000,672000,167900,576000,180720,235000,119400,670000,271500,199500,566000,332500,118800,3929000,443500,1136000,30400,1600000,113600,1405000,415000,108900,20250,348000,39400,102800,232000,107300,181000,66500,123000,28650,185300,20400,862000,277500,838000,103800,233500,41800,399500,55700,164500,147100,195500,155400,26450,629000,230000,67000,249500,31900,227275,75400,127800,22500,51300,521000,258000,1319000,117700,38295,122400,146400,117300,61800,28350,276000,80200,93700,231000,436500,161584,410000,56000,15640,266000,181000,94600,159300,84100,136600,47800,25050,67000,155100
20260522,292500,1941000,187500,1185000,1340000,398500,655000,1404107,160000,364500,420500,1261000,111600,98200,647000,680000,164800,642000,189394,237000,122100,646000,281000,203000,569000,320500,123700,4007000,447500,1173000,31550,1593000,122200,1430000,421000,109200,20500,351000,39700,102800,243000,109000,188000,67500,118500,29500,194700,21000,925000,282000,864000,109400,236500,41850,391000,55800,168400,150300,206000,154500,26800,631000,245500,70300,254500,32850,230053,76900,126100,22800,53400,544000,271000,1315000,117700,40276,129900,151300,120000,63300,28550,282500,83200,94200,235000,454000,168667,407000,54800,15760,263000,181100,97800,166000,88300,142100,50000,25150,68800,158900
20260526,299000,2052000,187200,1181000,1572000,399500,689000,1414030,157300,348000,411000,1251000,112600,96000,642000,745000,167000,656000,185867,239500,120000,664000,285000,200000,581000,329000,121700,3834000,442000,1148000,30950,1781000,134700,1444000,445000,106500,20200,351000,40450,102100,240500,110100,182100,66900,122700,30450,201500,20850,913000,289500,1068000,115000,236000,41450,389500,54200,169900,152000,214000,148600,27450,638000,256500,68300,252500,32000,235332,77000,139700,22400,54600,553000,260500,1296000,116200,41927,126800,169200,118700,63600,29450,274000,82900,93700,236000,469000,177910,400500,53300,15510,273000,220500,96700,164500,85800,152400,48550,25300,68000,157600
20260527,307000,2243000,192000,1276000,1630000,383500,681000,1373346,153800,354500,410500,1244000,108500,95000,630000,744000,164700,680000,185390,235000,118400,688000,261500,198800,577000,319000,115400,3681000,423500,1094000,30650,1715000,134900,1396000,440500,104700,19740,331000,39500,100400,229000,108100,179700,64500,118200,29450,261500,20500,875000,285500,1044000,109600,229500,40500,385000,53400,165700,143600,207000,144500,26850,765000,241000,65600,244500,31150,214216,74800,132300,21850,51300,508000,255000,1237000,112400,39946,124200,163500,116600,62500,26750,270000,94600,91500,233000,489000,181151,391000,49550,15140,269500,202000,94700,160900,85200,144500,46750,24350,68100,149700
20260528,299500,2289000,190900,1237000,1849000,442000,677000,1362430,149700,357500,399500,1200000,105900,92800,676000,704000,164300,664000,181101,225500,115300,686000,246500,205000,560000,292500,117000,3653000,420000,1047000,30050,1660000,124200,1365000,415000,103000,19610,344500,39050,96900,238000,107000,183700,62000,115800,28400,248500,20450,856000,275500,1134000,105900,233000,40100,400500,51900,167900,141400,206000,141100,27000,746000,226000,64100,238500,30450,189488,74100,127500,21400,50800,475500,255500,1211000,108500,38389,120800,164800,115400,63000,25450,253000,87600,92400,223500,485500,167106,371000,47800,15070,263500,194300,93500,155200,83600,137200,45100,24100,66800,169200
20260529,317000,2333000,202500,1233000,2127000,458000,723000,1352507,150600,388500,432500,1173000,105600,93600,688000,696000,169200,676000,183865,293000,115100,768000,241500,234000,569000,282000,119200,3685000,423500,1053000,29700,1972000,123300,1373000,423000,102900,19560,367000,38900,100600,245500,107400,184700,61400,146600,27950,299000,20200,801000,277500,1458000,105000,242500,41950,395500,52800,168300,147000,200500,143100,26800,931000,224000,63800,237500,30200,178930,72500,129200,22400,52900,446000,257500,1205000,110100,39474,119800,190900,115100,66800,26200,247000,113800,90000,220000,491000,160503,370500,45450,16130,272000,185500,89700,151500,85000,139300,46550,23900,64700,168300
20260601,349000,2363000,229000,1256000,2005000,455000,750000,1366399,152100,410000,455000,1138000,106900,92600,652000,684000,169900,657000,182722,380500,113900,761000,267000,271500,604000,293000,116200,3811000,413000,1066000,29400,2203000,124900,1375000,404500,106100,19770,363500,38650,112200,231000,104700,185100,60900,165800,27550,362000,20050,776000,281000,1530000,102000,232500,42700,426500,53200,163000,138900,213000,141000,25800,938000,233000,61600,246000,31200,204492,73200,139400,22150,50300,466000,249500,1166000,111200,38295,124500,177800,111300,68700,24250,247500,143700,90000,216000,539000,154741,381000,47600,16420,295500,181400,89100,145000,83400,156500,47400,24100,66000,155000
20260602,360500,2360000,231500,1346000,1813000,442500,729000,1356476,156600,480000,485500,1070000,100000,96400,602000,673000,168800,668000,179100,392500,117000,759000,241500,280500,641000,275500,116300,3544000,399000,995000,29900,1918000,116000,1322000,383500,106100,19510,355000,37750,125200,222500,108300,184600,57800,140000,27700,300500,20350,726000,276500,1252000,97400,221500,42550,401000,53900,147000,134200,203000,145500,25300,898000,227000,59900,241500,30650,214494,72600,136300,22000,49300,425500,252000,1140000,114300,38484,120600,157500,109300,69800,22800,225000,135700,94600,213500,507000,142736,364000,42500,16150,282000,170100,88400,147800,81500,140200,46600,23850,65200,150000
20260604,351500,2298000,220000,1361000,1716000,422000,700000,1339607,164200,438000,535000,1068000,99200,100100,607000,651000,164300,668000,176500,328000,120600,748000,239500,267500,730000,304000,116800,3488000,402000,999000,30400,1800000,115100,1316000,379500,106500,19620,352000,38700,108900,221500,114500,175800,58300,129900,28400,268000,20500,733000,280000,1173000,96100,211500,42000,405000,54500,141500,136600,192700,144700,25050,839000,220000,60200,250500,31600,188099,76300,133700,22550,49500,435500,254500,1114000,120500,37635,127000,159000,111200,71800,22950,222500,126400,93000,215000,491500,156302,372000,42350,15670,266000,176400,90500,148700,80100,155900,46400,25850,68400,150100
20260605,329000,2070000,211000,1258000,1757000,414000,700000,1329684,171600,412500,460500,1049000,95600,107500,568000,664000,161100,625000,171400,303000,123600,697000,227000,255500,695000,283000,114900,3380000,390000,956000,31200,1740000,112200,1265000,379000,107300,19450,349000,38100,106400,209000,112800,179300,56400,122900,27750,252500,20650,726000,271500,1160000,94600,209500,40250,389000,54000,139000,131900,191400,142400,24900,836000,222000,58500,246500,31750,170317,74100,120900,23050,48350,410500,257500,1120000,115000,36220,123400,152400,107500,67900,21750,221000,117500,94200,209500,494000,150419,364000,39950,15320,260000,173800,88100,147700,77500,142300,45250,25750,65800,139900
20260608,295500,1911000,192500,1118000,1664000,388500,639000,1233431,151500,375500,408500,1006000,85800,97100,503000,621000,151400,572000,159400,268000,112400,612000,208000,279000,670000,253500,104600,3196000,359000,889000,28850,1578000,103100,1149000,358500,102800,18650,321000,36000,106700,187700,108500,177200,49750,113900,26100,236000,20250,696000,248000,1095000,86500,192000,38600,366000,53900,125000,116500,175000,136200,23800,752000,207500,54800,216000,29450,158925,69900,105700,22750,44450,371000,244500,1069000,104700,32777,110100,139700,105000,67000,20400,213500,106500,87400,197400,413000,136614,330500,37250,15720,240000,158800,82400,132800,72400,128000,42000,24800,61100,124600
20260609,322000,2215000,203500,1269000,1970000,396500,639000,1286023,154800,393000,429000,1016000,92300,101200,515000,612000,164300,594000,170000,248000,119000,595000,219500,257000,655000,276500,105700,3467000,364500,944000,30000,1566000,102200,1212000,362500,109100,19030,329000,36100,108100,193000,110900,184300,51500,112600,25850,252500,20550,725000,241000,1137000,86600,198000,39500,405000,53800,127700,122300,180900,143800,24850,687000,210000,56300,231500,31250,178930,73800,115800,24400,46450,387500,244500,1110000,114400,33532,117500,152600,112000,73000,21050,225000,99000,92400,206500,428500,139015,357500,38700,14920,247500,170300,91900,143900,76700,135500,44150,25900,63400,129600
20260610,302500,2048000,191500,1183000,1805000,385500,602000,1288008,154000,368000,407500,1031000,91100,98200,496500,641000,159700,579000,167300,224000,117900,570000,236000,227000,616000,270000,103700,3437000,363000,986000,29800,1584000,110200,1186000,385500,108200,18380,323000,36400,105700,187600,110800,185100,51200,108700,26000,225000,20900,790000,242500,1090000,91600,195200,38150,410500,55900,137600,130300,189400,142500,25450,683000,229000,58300,229000,30500,173929,72600,113000,24750,47300,390000,232000,1136000,115600,34522,112200,148400,111800,70600,20750,218500,93800,92000,205000,411500,143096,342500,37450,14730,238000,153700,86400,144200,76900,124100,42500,25500,63300,126400
20260611,299000,2101000,193500,1228000,1805000,384500,597000,1276100,151500,365000,410000,1014000,88600,96900,498500,646000,156000,575000,166200,226000,114800,576000,229500,224000,663000,291000,103200,3246000,358000,1033000,30150,1621000,104500,1164000,375500,106000,18850,316500,35900,100000,184700,113100,185100,51100,107500,25300,229500,20950,764000,245500,1072000,88600,195800,39300,410500,60000,141900,122700,188400,140000,24800,710000,245500,58100,230000,31200,180041,71700,123200,23400,45550,373500,233000,1176000,118400,34852,111800,156800,111800,71100,20450,213000,93000,92000,218000,411000,141176,341500,36950,15390,235500,155200,88500,143100,76400,140000,44800,26000,64400,125800
20260612,322500,2150000,207000,1358000,1714000,400000,607000,1285031,161200,385500,432000,1078000,93100,99600,539000,650000,166800,593000,173000,225500,121000,607000,222500,247000,654000,361000,106100,3376000,377000,1130000,31150,1896000,112700,1201000,398000,108900,20050,345000,37650,103000,199400,111400,187800,52300,106500,26900,237000,21800,772000,244000,1036000,96000,208500,41500,394000,54800,140900,157500,208500,148200,26600,684000,247500,59400,240500,31750,140032,72500,122400,23750,47600,386500,237000,1145000,119900,34899,118800,165200,112000,72000,21850,231500,92800,89000,225000,411000,139615,363500,37850,15950,241000,174300,87900,142600,77200,140300,44650,26700,64700,134000
20260615,337000,2288000,216000,1413000,1999000,420500,647000,1321746,169600,423000,495000,1084000,99800,105600,553000,714000,167500,646000,175000,243500,129300,640000,257500,248000,676000,347000,112700,3752000,395000,1194000,32550,1709000,123400,1253000,422000,111300,21300,360500,41400,105400,210500,113700,188500,51600,118400,28650,239500,22400,845000,268000,1209000,99500,216500,40750,416000,55400,147600,145000,213000,152400,30000,746000,255000,59900,251500,32700,140032,75600,118900,23800,52100,419500,236500,1139000,128100,38700,122500,167700,112500,73500,22900,251000,96600,91300,218500,420500,144297,367500,39950,15800,257000,161200,90200,154500,78900,143100,45500,27550,68300,141700
20260616,343000,2382000,224000,1501000,2048000,410500,640000,1322738,172000,431000,497000,1183000,103300,106700,549000,698000,170200,673000,174500,234000,132000,660000,257500,242000,671000,328500,112500,3892000,390000,1114000,33050,1699000,129200,1293000,438500,114400,22150,367500,39800,100100,209000,114100,185000,51300,114100,28100,238000,23100,1002000,272000,1236000,106400,222000,40450,399500,56600,154900,147800,226500,153400,29300,716000,255500,65300,252500,32850,145867,79200,123000,24150,56700,424000,237000,1143000,127900,42200,124600,169900,110400,71000,27450,254000,92900,91200,223000,425500,150419,390000,40700,16260,253000,158000,88700,154600,78300,144600,46500,28250,69100,141700
20260617,346500,2521000,226500,1596000,2032000,416000,618000,1359453,164000,447000,490000,1224000,103200,103100,550000,707000,166300,708000,174600,234500,126800,631000,255000,243500,679000,319500,109000,3855000,384500,1120000,32150,1624000,133100,1261000,434000,114300,22100,361000,40500,99000,209500,109800,187200,50400,112500,28950,232500,22450,950000,262500,1248000,105300,220000,40550,408500,55300,155600,139300,219000,151500,28800,691000,246500,59700,240000,32350,189488,72900,124000,23650,52500,433000,247000,1145000,122600,41300,123900,174200,109900,67800,24800,251000,92400,91800,235500,446500,154861,369000,41150,15600,248000,158500,90400,155900,79100,142400,46300,27250,66000,140600
20260618,362500,2685000,228500,1700000,2200000,400000,601000,1418991,163100,469000,485500,1189000,99600,100800,522000,684000,158800,687000,173600,228500,126100,603000,242000,235000,700000,315500,103500,3693000,367000,1087000,31550,1634000,125100,1209000,421000,112200,20450,342500,39350,95900,202000,105100,180400,50700,109900,27700,221000,21850,884000,238500,1283000,96100,212000,39300,378000,53500,152000,133200,211500,149900,28850,668000,239000,56300,230500,31450,214216,71300,121400,22900,49700,417500,238000,1111000,122500,38100,119200,167600,106300,65600,22950,241500,90000,91000,228000,425500,145137,350500,39500,15010,240000,154500,88700,144800,78200,125600,46050,26600,65900,127900
20260619,354000,2764000,222000,1780000,2270000,404500,613000,1363423,158300,497000,491500,1122000,97900,100900,555000,667000,154900,724000,170300,211500,123500,612000,259000,229500,700000,295000,102400,3855000,356500,1078000,31050,1631000,128400,1192000,419000,108100,20150,338000,37900,94900,199500,105300,180000,48750,108900,27550,212000,21450,852000,230500,1145000,91100,222500,37750,385500,53300,146500,128600,207000,144900,27950,662000,225000,55000,231000,32000,187543,70000,115100,22150,48650,410000,241500,1103000,121100,38050,118900,156300,104600,66700,21250,235500,85800,87400,223500,411000,138294,346000,38250,14710,241000,156100,87000,136700,76100,119600,44000,26100,65300,128600
20260622,353500,2919000,224000,1970000,2228000,385500,581000,1285031,157000,450500,520000,1125000,94200,97500,533000,636000,151400,730000,168500,227500,119700,569000,245000,222000,685000,301500,100200,3834000,346500,1033000,29850,1631000,116500,1147000,397500,105700,19550,323000,38000,94200,192000,107000,174900,46100,109900,26200,208500,20550,848000,224000,1130000,89500,204000,36800,373000,52300,148600,127800,203500,141300,27050,624000,209500,53200,221000,30800,188099,67600,117900,21000,49900,394000,225000,1070000,113800,37850,114000,155000,100700,64500,21800,229500,89500,86000,213000,403500,135653,337000,37300,14480,235500,174000,85500,132500,73400,119600,42250,25200,64600,125700
20260623,310000,2555000,202500,1832000,1990000,362000,511000,1263200,153700,425000,455000,1073000,89200,97700,469000,588000,137400,705000,160500,202000,115500,510000,232500,202500,646000,258000,93700,3616000,322000,949000,29450,1531000,104500,1084000,364500,104600,18590,291500,36250,89900,172900,101500,172600,42150,98600,24300,191600,20250,809000,211000,991000,81900,186900,34250,355500,52400,140400,115100,193600,139000,25900,550000,204500,50300,208000,28750,184209,65000,108100,20250,44850,361500,221500,1072000,109600,34050,108000,140400,96200,61600,19380,222000,80000,86000,195100,377000,127130,321500,34700,14200,214500,151100,82200,121900,69800,105600,38850,24800,62500,112700
20260624,340500,2580000,213500,1799000,1964000,365500,509000,1374338,151800,433000,481500,1094000,90600,95700,489000,587000,138900,712000,172700,204500,114200,509000,224500,199400,636000,270000,98400,3353000,331500,937000,29250,1545000,106000,1098000,368000,103500,18940,297500,36750,91000,178100,107300,168600,41750,99200,24600,189800,20150,824000,208500,957000,82600,189100,34000,371000,51700,143100,114700,195500,137300,27350,544000,219000,50500,204500,28750,173095,66100,107300,20050,43950,353500,220000,1122000,114000,33600,107500,138100,98000,60300,19480,223000,79300,86300,193900,403000,124609,314000,34150,14000,213000,152400,86600,119100,72300,106800,39500,23800,61700,113700
20260625,358500,2917000,235000,1899000,1997000,352000,503000,1375330,151900,447000,519000,1069000,87800,94500,481000,582000,139500,858000,173100,203000,114000,513000,219000,199700,651000,273000,94400,3280000,323000,950000,29050,1508000,105600,1110000,366000,102400,18660,285500,38800,91400,170200,98200,170500,43450,99400,23800,190600,19950,775000,202500,953000,79000,188100,34250,381000,52000,142200,112600,183000,136000,29100,546000,226500,48400,214000,29100,165871,64200,109600,20450,43200,359500,208000,1143000,120900,33100,110800,133800,97700,59900,19860,229500,78300,87000,187700,394000,128210,337500,33250,14010,219500,158000,88600,115200,71300,109000,40950,23700,60100,107800
20260626,339500,2673000,220500,1720000,1993000,331500,480500,1332661,149300,432500,494500,1011000,81100,91600,455000,564000,135300,815000,165900,195900,109700,486500,203000,196400,636000,257500,89500,3103000,305000,883000,28350,1442000,98000,1056000,345500,100600,18310,271000,37100,90600,160600,93200,167400,40250,98600,23000,189900,19660,735000,192700,931000,73600,180400,33150,363000,52200,141600,103300,169800,131500,28050,507000,216500,45650,200000,27700,182820,62500,107800,19750,41450,334000,204000,1111000,115200,30650,103800,133200,97000,62000,18190,215000,75100,85700,177800,366000,121128,306500,31000,14220,211000,158300,82900,110200,66400,104000,38050,22850,60100,98900
20260629,323000,2628000,210500,1640000,2038000,400500,497000,1436853,153700,408500,471000,1020000,88000,96400,512000,592000,140600,785000,179200,196700,114800,502000,224000,204000,625000,258000,98400,3274000,333000,937000,29100,1478000,105500,1125000,363500,104100,19220,308000,38250,90200,187600,103700,172700,43550,100800,24450,198700,20150,745000,203000,915000,77500,189200,35850,386000,52700,150400,116100,184900,135700,28350,531000,223000,51400,218000,29150,190599,67300,109700,21150,47650,358500,223500,1160000,117100,35300,109700,132100,111500,65100,19810,220500,79200,91300,195300,428000,124969,331000,34450,14570,216500,143600,91100,119200,73800,110400,41400,24850,63000,116900
20260630,334000,2650000,212000,1697000,2184000,362000,495000,1380292,159000,401000,468500,995000,86800,95800,487000,592000,138000,834000,173300,203000,114600,500000,238000,199000,618000,256500,94900,3438000,317000,972000,29000,1487000,100300,1080000,350000,105600,18610,280000,37000,88400,175600,106400,169700,42750,97300,23300,190800,19900,719000,199500,981000,73000,183100,34550,385500,52900,146400,114200,173000,133900,27550,530000,224500,49150,221000,29400,233500,66300,115400,20900,47600,365500,236000,1119000,118000,33950,108500,153600,105700,61900,18840,238500,78800,90300,192100,397500,119687,343000,33900,14000,215500,144200,86600,124800,70200,106600,41050,24800,61700,111500
20260701,314500,2560000,204500,1757000,2205000,348000,487500,1385253,158500,387000,434000,1091000,88500,96400,491000,615000,141500,763000,174500,193300,116400,494000,263500,197400,623000,246500,98000,3718000,315000,1012000,29350,1590000,103300,1095000,358500,106900,18660,280000,37600,88600,170200,109600,167100,43650,96600,23750,197400,20250,770000,210000,907000,77000,197700,34800,408000,53700,154200,119000,189800,136100,27800,524000,226000,51300,228000,29550,300500,73000,132900,20900,51700,399000,245000,1162000,125200,36100,112700,154400,113600,62800,19420,261500,76200,95000,204000,422000,122088,347500,36800,14150,220000,133200,86700,125600,70500,104700,41100,24500,63700,110000
20260702,286000,2187000,188700,1525000,1926000,354000,482000,1395176,165000,370500,406500,1116000,86000,102200,470500,590000,145200,683000,176600,192300,120800,492000,236500,199900,614000,219500,94100,3432000,317500,969000,30200,1447000,104500,1084000,362500,107100,19100,281500,38150,87400,163600,109200,173000,40150,99000,22950,201500,20600,762000,207500,874000,74100,195900,35250,402000,54300,154200,115200,197400,145500,28550,509000,217500,51800,225500,28950,280000,76900,119800,22050,49000,381000,244500,1159000,131200,34900,107900,131000,119400,67300,18350,238000,78300,96100,213500,436000,124489,322500,33700,14340,212000,116800,86600,121700,70100,98900,40600,25500,63600,106700
20260703,309500,2425000,208000,1589000,1989000,362500,492000,1410061,170100,383000,433500,1175000,86200,107300,467500,577000,152000,690000,183600,191000,125600,494000,229500,195800,638000,232500,95000,3323000,320000,945000,30750,1433000,106900,1115000,359500,112900,19170,281500,38250,86400,162200,110200,175100,42750,101100,23500,195400,21300,800000,206500,872000,75500,197000,35500,382500,53700,156600,115300,200500,146800,28850,505000,216000,49300,242000,31400,277500,73000,110100,22250,48100,374000,235500,1111000,134000,32700,119100,129600,121200,67300,18380,221000,74200,95400,205000,461500,125930,348500,32900,14200,214000,120700,86200,118800,70400,102700,40600,26150,64400,106000
20260706,318000,2343000,212500,1495000,1828000,354500,502000,1394184,170900,393500,449500,1159000,85500,107700,451500,583000,160700,667000,175900,185700,124800,515000,218500,196600,674000,226500,96500,3117000,321500,929000,31150,1410000,116100,1113000,365000,112400,19380,276500,39150,86200,159500,116900,172600,44750,101200,23700,193300,21300,815000,209000,855000,80900,196700,35600,378500,54500,161100,115000,195700,145900,28750,494500,208000,50000,249500,33100,283000,78100,101300,22400,48300,353000,234500,1098000,131100,31450,121300,124000,121400,70500,18080,207000,74000,95000,215000,423000,132652,356500,32250,14200,223500,112900,84000,123700,69600,101000,39700,26100,65000,103400
20260707,296000,2201000,199300,1356000,1648000,332000,479500,1411053,173200,375000,424500,1122000,81600,108600,445000,552000,153700,626000,178200,189100,126900,495000,206000,197200,682000,210500,103800,2902000,315500,899000,31550,1320000,89800,1094000,360500,114400,19600,265500,38200,85200,158200,127400,183400,42600,102300,22450,205000,21350,799000,210500,814000,70400,196100,35400,410000,55500,160200,109500,186400,150100,29150,481500,201000,49700,243500,31850,258000,80100,98000,22850,47550,341000,245000,1222000,133800,31400,115600,116700,126500,74100,16820,193400,74000,96800,232000,430000,122208,346000,30550,14990,213000,111800,84900,126100,70300,97000,39500,28000,64800,99500
20260708,277500,2076000,186900,1270000,1479000,315500,462500,1352507,171000,346000,395000,1041000,74000,107300,412000,517000,156800,596000,176800,195800,122300,488500,183500,192700,671000,199200,99800,2689000,304000,814000,30700,1268000,82000,1034000,340000,113700,20050,255000,36750,84000,144700,131600,184300,40500,102500,21150,194300,20950,714000,193700,763000,64900,190400,34650,385500,55400,142000,100700,169100,151400,28150,441500,197600,48750,233500,30650,232500,78600,87800,22000,43500,308500,245000,1146000,136100,29850,111700,105700,124300,73000,15830,178200,71200,91700,230000,409000,112124,334500,28200,14810,211000,111800,82100,125300,69100,88700,38150,26000,61400,91800
20260709,278000,2186000,185600,1327000,1493000,313500,445500,1314800,171400,326000,378500,953000,73200,105000,401500,507000,144800,610000,173100,178000,122600,465000,189400,184400,622000,215500,99000,2770000,297000,815000,30050,1203000,78600,1003000,327500,112900,19320,251500,35200,86700,146000,133500,176400,40250,101300,20950,188300,20500,694000,189400,741000,64700,184300,33650,365500,58000,150000,98900,160600,146500,26700,433000,189300,48700,222500,29250,232500,75600,91800,21600,42050,313500,238500,1103000,126000,30800,106600,112000,116300,70700,16040,179600,69100,85000,216000,401000,109963,315000,27800,15200,200000,116700,80200,121200,67400,91900,37450,24900,60100,91500
20260710,285000,2180000,194300,1409000,1584000,326000,457500,1384261,184400,340500,391500,967000,78100,109200,434000,504000,147500,657000,175200,182400,128500,488000,202500,191300,648000,222000,102900,2924000,313500,851000,31450,1382000,81300,1043000,340500,115000,19740,264000,36200,88700,151800,132100,173500,42200,101300,22350,199600,21250,749000,199500,742000,71700,191600,35350,375000,54200,144300,107200,178900,155800,26750,452000,197200,49500,239000,31600,254500,80200,103800,22900,44100,329000,238000,1139000,134700,31900,112000,120900,123100,71500,17450,189100,71100,89900,220500,389000,112364,336000,30250,14960,204000,121900,82400,130300,68500,94600,38850,26050,62900,100500
20260713,254500,1845000,176900,1161000,1289000,328500,444000,1389222,186200,326000,361000,936000,73200,108600,440000,487500,143500,583000,175100,185600,132600,487500,184500,188000,639000,205500,110200,2666000,308000,788000,31200,1238000,78800,1025000,341500,117000,19550,260500,34250,85700,150700,139500,174300,40000,99300,22050,190200,21150,725000,198000,661000,66500,187800,34750,380000,52700,143500,101500,170000,159100,25850,438000,193600,50600,237000,31150,247500,79500,99600,23300,41100,303500,238000,1110000,131600,32000,108800,113800,121600,69700,16010,169800,68200,91700,213000,381500,110804,323500,28300,14530,200000,110700,79300,127000,68100,88000,39750,28000,61600,101300
20260714,263000,1913000,182200,1190000,1260000,322000,424500,1357469,180000,317000,354000,872000,70900,106500,427500,466000,139600,562000,172800,185400,134000,466000,187700,183200,628000,207500,104900,2677000,303500,797000,30700,1217000,76800,1015000,327000,113600,19760,255000,33950,83900,144300,131400,171000,38750,96400,21250,193000,21100,665000,190100,641000,62600,181700,33850,375000,51600,141100,98000,165400,161000,26500,407500,193500,51300,216500,29800,215000,79000,97900,23100,40150,292500,230000,1072000,111400,29850,101900,117400,120000,68500,15830,168600,66000,94200,206000,356500,106122,308000,28000,14250,199800,113500,74600,122800,66700,84300,37950,26950,63200,90800
20260715,279500,2082000,192000,1382000,1413000,335000,434000,1372353,181600,337500,367000,929000,73000,107300,454000,471000,145000,609000,175700,194000,136800,489500,201500,189600,661000,269500,117000,2868000,314500,823000,31300,1289000,82000,1020000,335000,116900,20100,264500,33900,85000,153200,140400,172500,41750,102400,21850,199300,21250,757000,200500,688000,65800,191200,34900,385500,52000,147500,101400,167700,162500,26650,426000,202000,51400,235000,31100,220500,81800,102100,22600,42550,305000,230000,1072000,112200,30800,111100,143200,120800,71500,16240,179200,68300,95700,208000,384500,108523,331000,29950,14200,199100,120800,78200,129500,69500,90400,40550,27900,63100,95100
20260716,255000,1842000,172000,1212000,1277000,334000,425000,1385253,181100,331000,346000,943000,69700,107900,434500,484000,149700,580000,175800,179000,136800,482000,190000,190000,701000,242500,121400,2789000,311500,797000,31500,1202000,86700,1029000,354000,118300,20050,260500,34050,89700,147600,144900,179900,40050,98800,22300,199300,21600,749000,204500,668000,65500,188600,35900,393000,52400,149200,99000,159000,163000,26500,393000,201000,50900,229000,31000,196700,82800,92000,23000,40850,288000,240500,1069000,113500,27600,107700,138000,124400,73600,15150,170000,65000,96700,208500,386000,111884,322000,27700,14620,198000,109600,79400,130300,70800,85200,40900,27400,64300,92000
20260720,244000,1764000,169200,1177000,1275000,317500,399000,1334646,168800,301500,317500,875000,64800,101800,401000,448500,140000,579000,172600,167200,133400,472500,179300,185900,602000,222000,116900,2539000,302500,752000,30550,1119000,83200,956000,340000,113000,20150,253000,33000,84700,136800,146700,179400,37050,95000,20950,185800,21200,695000,197600,602000,61100,186500,35050,368000,53500,143900,91000,147200,159000,25350,371500,198100,50600,216500,29500,174100,83200,84400,22550,39200,265500,222500,1053000,105900,26750,101700,120700,117300,70100,14540,160100,61800,92400,203000,372000,104681,307000,25550,14500,187100,102000,76800,121100,69200,78400,39700,26450,59800,83600
20260721,259000,1836000,181000,1253000,1310000,317000,399000,1384261,174000,316000,343500,899000,66800,104700,416500,451500,144600,596000,171600,173200,132600,479500,189100,193000,618000,224000,116300,2578000,303000,778000,30500,1123000,81900,955000,338000,113000,20100,250500,33700,85100,138600,141600,178200,37250,97300,21250,191500,20550,672000,198000,629000,60600,189700,35300,365000,52700,142500,93800,153100,161700,25350,376500,184300,52600,219000,29750,181100,82500,88600,22200,41300,275000,234500,1117000,102800,26600,103100,120500,119700,70900,14800,164800,62500,93500,198400,372500,104081,305500,26550,14400,189700,104700,77600,122200,69600,79300,40800,26000,60700,82800
20260722,260500,1830000,185100,1230000,1345000,321000,418000,1361438,175100,320000,354000,891000,69200,104500,419000,464500,146800,624000,170100,182700,131600,513000,190600,196900,630000,215000,118400,2679000,303000,795000,30650,1215000,83900,994000,353500,114400,20300,252000,33900,94100,141100,141700,176600,37600,99100,21600,196000,20700,667000,212000,647000,61900,194800,35500,357500,52300,149300,98600,155800,165400,24900,401500,200500,51700,215000,29050,209500,84200,91600,21550,41300,284500,231000,1109000,101500,27150,101600,119000,116900,72400,15270,166700,64600,91800,199600,369000,109123,303500,27450,14640,195300,105900,76800,127000,70200,79700,41200,26600,63700,82400
20260723,270000,1919000,191100,1221000,1448000,348000,432000,1368384,176300,329500,360000,958000,73200,103800,467000,498000,149800,655000,172200,187500,130500,524000,223500,220000,638000,216000,132200,2866000,323500,869000,30900,1276000,89900,1043000,381000,116600,21000,271500,35600,99500,152200,149800,179600,39200,101600,23650,218000,21050,736000,231500,679000,69700,204500,37150,370000,52700,164100,108900,166500,165400,25750,430000,215000,56600,221500,30000,217000,93600,93400,22100,46650,321500,237500,1127000,104900,30000,104900,123200,119000,76700,16340,183600,69900,90700,211000,389000,113685,314500,31000,14790,205500,110100,79700,140300,71400,87800,43350,25550,69300,89100
20260724,249500,1759000,177100,1109000,1326000,329500,401000,1506314,171500,318000,342000,979000,72100,104400,428000,485500,130500,630000,177600,169200,132400,482000,202000,207500,644000,200000,130100,2681000,313000,810000,30850,1191000,87900,1075000,372000,123300,21650,259000,35400,100000,141600,151200,182600,36900,97900,22900,209500,21350,762000,222500,625000,68200,207000,36200,354000,54100,158100,106200,158400,167900,25450,379000,209500,56300,213000,29050,188900,95300,87000,22050,47600,307000,242500,1151000,105000,30000,100300,109500,118000,70500,15300,170800,64500,91800,212000,392000,115245,298500,28100,14740,196100,100000,80600,132700,74900,81800,41900,26900,62400,81900
20260727,254000,1816000,179800,1096000,1325000,333000,403000,1533106,172600,311500,339500,899000,70900,105000,431000,486500,130400,623000,178700,172300,130600,463500,200000,225000,645000,204500,116700,2625000,316000,797000,33100,1197000,88800,1029000,378500,125600,20650,260000,36200,97900,143600,136400,182600,37050,97700,22650,217500,21350,696000,210500,614000,63000,204500,37050,354500,54400,146200,103600,132500,163400,26450,394000,206000,52700,212500,29250,182600,91600,85800,22150,47650,305000,248000,1220000,110700,26200,101400,109400,123500,69800,15180,166400,67000,92300,225000,390500,112604,300000,28500,14710,196000,98700,81900,134600,72000,81500,44750,28750,64200,81500
20260728,220000,1550000,158200,925000,1114000,314000,364000,1537075,165200,285000,305000,875000,64700,100900,382000,451000,121800,541000,177400,157500,123000,440000,175500,210000,609000,179500,112700,2324000,299000,705000,31750,1046000,81000,950000,354000,118100,20000,240500,33650,82200,132900,129500,181700,33050,93100,20700,200500,20400,697000,194600,514000,61200,190800,35650,333500,53900,143000,94300,122600,159000,25250,341500,192000,50400,193700,27500,151800,87500,71400,21300,44150,268000,244000,1183000,109000,23950,93000,91300,118800,66700,13430,145800,61800,91200,188800,374500,104201,272000,25150,14620,182200,84800,79500,122800,70700,71800,41950,27300,60400,71600
20260729,208500,1401000,153400,850000,1029000,300500,353500,1467614,160100,265500,285500,810000,60800,98300,364000,434000,120400,489000,180000,150500,120400,445000,163800,201500,587000,167600,109500,2006000,288500,586000,32050,999000,74600,923000,335000,117600,20250,232500,33100,78600,122100,126400,182600,30700,92200,19400,197300,20200,620000,187700,458000,54200,188300,35300,325000,53800,117500,84600,120100,154700,24800,338000,181200,48550,183500,25950,122400,84100,64000,21150,39750,243500,244000,1220000,111300,22850,87900,80900,121900,65900,12020,127800,59300,90600,170300,322000,100599,256500,22200,14410,179100,74900,75600,118300,70300,65100,39350,26250,58400,65600
20260730,207000,1322000,151000,799000,879000,320000,351000,1515245,167400,264000,294000,865000,60200,100800,358500,448000,120800,468500,190000,148000,124600,445000,150300,194700,618000,167600,116600,1894000,300500,583000,32700,900000,79300,925000,368500,124100,20650,245500,33050,78200,130200,130100,185800,30200,96400,20550,198700,20450,641000,193900,424000,55100,191700,36150,315000,52800,120700,81700,120500,162900,24650,315500,180700,51100,181700,26600,107600,86500,59200,21800,41000,223500,259000,1243000,108500,23500,90300,74500,134000,65100,11200,120800,58200,91200,163000,311500,100599,258500,20800,15360,180000,71200,77600,114200,74000,64200,39900,26900,57600,67000
20260731,262500,1718000,191000,1038000,1142000,328000,388000,1473568,168500,311500,351500,917000,67100,100700,397000,481000,131900,557000,186700,162100,125400,476000,184800,208000,632000,214500,110500,2417000,312500,684000,33600,1170000,85200,999000,384500,124000,20950,258000,34800,81400,137700,127300,179100,34550,101100,21350,206000,20650,699000,199600,514000,62500,200000,37400,320000,51900,127300,94600,133700,157000,25900,364500,184000,52200,206500,28500,134200,89000,74500,22100,43800,267000,243000,1168000,111700,25500,99800,96800,130000,67600,12780,143200,62500,91500,168800,333500,100599,293500,23200,14780,201000,83100,79000,124900,73500,72200,42600,26450,59800,73300
20260803,239500,1567000,178000,1025000,1181000,316000,393000,1412045,169500,287500,329000,919000,67700,102700,389500,470500,129600,523000,182200,158800,126900,493500,188400,207500,616000,202500,108000,2495000,303500,673000,33350,1238000,83000,1020000,368500,120300,20750,247000,34500,82000,136800,121700,175600,33250,99700,20900,203000,20250,699000,198600,513000,63100,199900,37200,338000,52200,123700,95600,129700,156600,26200,382500,182900,51300,196900,27600,135600,84600,74500,21850,44400,273000,235000,1151000,119000,24800,97000,96700,129800,66800,13300,145600,62500,92200,174300,345500,100599,274000,23950,14840,198100,80900,78400,126500,73600,72800,42950,27100,60400,72700
20260804,240000,1577000,176400,1060000,1185000,328500,392500,1464637,168800,278000,322500,1004000,73000,102300,419500,483000,129600,518000,185800,165500,127600,481500,197000,226500,620000,203000,111300,2655000,313000,716000,33200,1274000,87500,1044000,374000,119500,21200,256500,35150,91400,142800,125800,175600,34050,102000,21650,219500,20350,801000,208500,525000,69100,200000,37900,359500,52300,137500,101500,139900,154800,26100,394000,184900,54000,202500,27850,146500,96900,79600,21850,47750,300500,238000,1219000,120400,26800,98600,97800,131900,67700,15200,152900,68100,94300,181000,378000,100599,284000,25500,14930,198100,85000,79800,127100,74800,78100,43800,27050,62700,77500
20260805,246000,1668000,183900,1119000,1356000,335500,404500,1479522,170700,294000,347500,1007000,77000,103600,429000,509000,133000,562000,190300,179500,128600,503000,212000,229000,637000,209000,109200,2985000,317000,772000,33350,1260000,91900,1095000,396000,120400,21100,255500,35700,93000,146200,122500,176000,35200,106800,22200,230500,20200,798000,219000,601000,72400,205500,38150,357500,52500,146500,110100,147700,155600,26900,414500,193100,54400,209500,28250,158900,95000,84700,21550,49100,329000,229000,1210000,122500,30150,97600,106300,131300,67700,16230,167200,73300,92800,181000,380000,100599,292500,28450,14920,204500,90000,82000,141900,75100,81400,41550,27800,64300,79800
20260806,230500,1495000,172100,970000,1229000,345000,400000,1502345,171500,287500,334000,1054000,76400,107400,427000,507000,133600,509000,195000,175200,133300,508000,202500,226000,648000,200500,108600,2708000,319000,761000,33500,1188000,90700,1234000,400000,125700,21400,261000,35950,91100,147500,124900,182700,34550,104500,22100,232500,20350,702000,219000,554000,70100,207500,38300,378000,53500,150100,112600,144200,159800,27500,417000,195800,55400,204000,28300,155100,98800,83100,21600,49450,328500,230000,1233000,127200,30400,95400,99500,137800,70500,16870,161400,72100,96600,180700,391000,100599,290500,27400,15000,202500,88600,83500,141900,77800,80300,41800,28250,64000,79800
20260807,231000,1422000,170100,939000,1278000,360000,395500,1544021,175800,275500,336500,1097000,77100,110000,459000,506000,134900,508000,199300,185000,134700,496500,201000,210000,645000,192300,120300,2832000,331000,762000,34800,1191000,89400,1106000,398500,126300,21800,276000,35600,88200,155800,137600,188800,33900,108100,22050,221500,20750,741000,225000,552000,70700,207500,39900,384500,53300,154200,109900,146900,165900,27150,412000,196400,58000,188000,27800,147700,98900,82300,22000,48100,317000,241500,1306000,118900,33900,91000,103800,141800,70500,16410,157300,72600,95700,185000,392500,100599,277500,27100,14960,200500,84100,85400,138100,80600,81200,42000,28850,63600,90200
20260810,230000,1420000,172000,949000,1274000,367500,408000,1556921,171700,280500,336000,1152000,79900,106400,481500,532000,135500,513000,201000,190000,130400,505000,208500,211500,630000,205500,124500,2934000,336000,764000,33350,1233000,94400,1235000,404000,123500,21450,278000,35700,85000,165500,139600,185700,36400,107600,22550,222500,20250,823000,226000,555000,77200,203000,39550,387000,52400,154100,110600,150200,162300,26850,431500,204500,56700,193900,28250,156500,97300,93000,22150,48800,330000,242000,1288000,116700,35250,93200,107600,135800,70000,17030,183800,73600,94300,183900,407500,100599,297500,28900,14950,201500,91900,88700,143800,82000,86300,44200,28650,64900,101000
20260811,239500,1425000,180200,945000,1262000,354500,403000,1596613,166600,289500,344500,1098000,77900,104500,459500,503000,134300,524000,210500,181700,127700,495500,203000,214000,641000,213000,124100,2831000,326500,739000,33800,1177000,89000,1229000,398000,123800,21650,274000,35200,86000,156900,141600,179900,35500,108300,21800,237000,20150,760000,224500,549000,72900,201500,40700,385500,52800,135500,112300,141400,164500,26650,432500,200000,56100,198100,28350,157200,97500,87800,22200,48950,322500,244000,1254000,117900,36350,92700,104700,137300,65500,17320,184700,75600,97600,180300,413000,100599,300000,28300,15590,199400,93200,90500,142000,85600,85300,44900,28750,63800,98500
20260812,255500,1504000,186100,1024000,1335000,358500,409500,1537075,166000,302500,357500,1156000,80300,103800,485500,496000,135600,545000,202000,205000,127900,498500,208500,215500,628000,217500,122400,2892000,325000,782000,33000,1254000,90100,1215000,380500,119000,21350,275500,35450,87800,160000,141500,177400,36500,109600,21750,235500,20150,788000,230500,604000,75600,199700,39550,397000,52700,144100,113800,146500,159000,26500,433000,200000,55800,200500,28550,162000,101000,90100,21750,49300,337000,235000,1204000,118200,35700,93100,107200,135700,70100,17830,189100,77300,95800,179500,396000,100599,299000,29450,14880,200500,95100,88200,138500,83100,87000,43950,27950,63600,99400
20260813,268000,1593000,187800,1117000,1503000,365500,418500,1551960,168100,291500,365000,1185000,80900,106600,487000,496000,137400,553000,202000,206500,131000,511000,214000,226500,611000,226000,121700,3017000,325500,785000,33300,1262000,90700,1233000,371500,118600,21050,275500,33100,91100,165900,140900,173800,38050,113700,22000,237000,20000,837000,229000,615000,79600,204500,40100,399500,52500,151200,113700,147600,166600,26100,449000,200500,54300,199700,28350,167000,107400,96800,22150,49000,326000,234500,1219000,119000,36550,92500,113000,134500,71500,18400,188000,78400,97200,176400,398500,100599,297000,30100,14700,201500,99700,87600,139500,82500,89200,44700,29350,64900,102600
20260814,274500,1645000,195600,1154000,1558000,369500,453000,1536083,168500,301000,369000,1160000,82600,107400,516000,510000,141700,585000,201000,215000,133000,547000,206500,228000,615000,229000,128700,2954000,334000,803000,33700,1276000,95800,1196000,386000,116700,21250,280500,33250,100500,170500,147600,176000,37650,120000,22300,243500,20400,815000,235500,654000,80300,211000,40000,390500,53400,146400,115800,146900,176800,26300,489500,196800,53300,204000,28750,167100,117000,95600,22200,49800,323500,238000,1270000,120000,35400,93000,119100,135700,71600,18010,182500,79900,98200,179400,398500,100599,300500,29950,15060,213000,102800,87300,138600,83700,89800,45150,28000,66100,109700
20260818,268500,1662000,188300,1135000,1440000,351000,435000,1519214,168500,310500,369000,1146000,77900,106500,488000,489500,137200,590000,195500,208000,130700,518000,209000,217000,626000,229000,131500,2984000,324500,785000,33750,1250000,90900,1219000,374500,117200,22650,270500,32600,99800,160400,153600,176600,36350,112700,21250,228500,20450,795000,234500,633000,79900,206500,38250,396500,54300,140000,110100,143200,182000,25250,451000,204000,51400,191600,27500,162500,119300,102900,21950,47900,343500,226500,1334000,118900,34000,88800,117600,132200,69100,17170,179200,73900,96500,171800,392000,100599,283500,28700,14930,207000,97600,85200,133500,79600,86200,42850,27900,64300,105400
20260819,247500,1500000,173700,1004000,1387000,357500,414000,1532114,166400,276000,347000,1177000,76200,105000,487000,474000,133000,551000,194100,201500,127500,509000,202000,208000,613000,221000,128900,2908000,320000,752000,33500,1193000,88100,1145000,367000,115200,21700,266000,30850,98000,160300,151600,175500,34700,110200,20600,226000,20300,796000,228000,603000,76000,203500,37400,383500,52600,135700,116500,136300,187500,25050,436500,209500,50700,183100,26050,157800,119700,104400,21500,48500,333000,221500,1304000,116300,34650,85000,114200,133100,68100,17200,175700,71000,93500,172200,388500,100599,265500,28000,14730,198600,93600,85300,129200,79600,83400,41250,27200,61800,105000
20260820,271000,1691000,191200,1123000,1396000,358000,417500,1561883,160000,297000,374000,1167000,75900,101100,499500,475500,131100,568000,194100,202500,123400,507000,199200,219500,622000,225500,125900,2857000,321500,746000,31550,1178000,88500,1238000,360500,115200,21200,264000,31800,96600,163300,142600,171900,36100,110400,20800,233000,19950,787000,221500,587000,75300,199800,38700,386000,52100,134700,113800,137200,177400,25050,459500,203000,52300,186800,26500,164900,113600,105000,21200,48050,313500,222500,1397000,114500,35200,92400,113400,136600,66500,16710,179200,73800,93400,173400,399000,100599,275500,28350,14660,198700,96900,86500,121900,83400,86300,44950,26400,58800,108000
20260821,281500,1730000,207000,1123000,1316000,343500,415000,1539060,164300,328500,395500,1085000,73300,104100,478000,453000,130900,586000,192300,194500,128800,496000,187000,222000,661000,213500,124800,2721000,310000,718000,31750,1078000,84200,1237000,348500,115400,21600,252500,31750,102200,154900,141100,172300,34500,107700,20200,228000,20000,695000,213000,550000,70300,196700,35800,385000,52400,130000,105600,130100,177800,25800,448000,197700,50600,184500,26100,158200,116200,99300,21300,45150,293500,222000,1366000,117900,32050,92000,104300,138000,66000,15930,164800,71600,95900,167900,415500,100599,268000,26650,14870,196100,89700,83700,115500,82300,83400,42500,26600,57900,104500
20260824,257000,1671000,189300,1076000,1318000,362000,414000,1560891,163100,285500,364500,1105000,73000,103300,515000,455500,131500,549000,194000,199800,128700,498500,192300,223500,636000,209000,130100,2792000,327500,720000,31950,1085000,83400,1344000,353500,115400,22850,273000,31500,102300,170900,141200,173200,34750,113500,20100,228000,20200,717000,212000,570000,70100,198800,35800,409500,52500,130700,105600,134200,180500,26000,457500,206500,53600,183300,25950,157500,114600,100600,21600,44800,288500,224000,1404000,121500,32150,86600,104600,139900,66800,15760,165100,72300,97500,174600,540000,100599,267500,26700,14870,195200,87100,86400,127100,84300,85100,44800,27250,60000,121600
20260825,257000,1678000,194500,1060000,1362000,349500,421000,1572798,166400,285000,367000,1102000,80700,106500,519000,464500,134900,556000,189600,200500,130800,498000,195400,220500,648000,217500,125000,2755000,332000,719000,32600,1101000,86600,1427000,362500,120800,22650,263000,32700,98900,167800,139900,175400,35800,112600,20450,227000,20250,718000,215500,602000,72700,213500,36050,440500,53000,130900,121300,133600,182500,26300,456000,208000,53900,191500,26600,161500,121800,106900,21600,45850,294500,223000,1430000,122300,32350,88400,110800,143300,66900,17620,169300,73000,98700,172200,501000,118100,276000,27500,14910,202000,92700,84400,134800,83300,85900,46100,27500,61100,120400
20260826,261500,1688000,196800,1058000,1330000,351000,408000,1586690,166600,309500,387500,1087000,85800,107400,516000,464500,131400,554000,193400,200500,133200,464000,201500,220000,680000,219500,111200,2797000,328000,733000,33000,1180000,87300,1372000,360500,118000,21350,263500,34800,99600,168700,141000,174700,36300,114400,20700,228000,20350,710000,217000,583000,73400,204500,36350,442000,53300,132100,130400,136400,186700,28150,414500,220500,52500,191200,26650,169200,127700,110800,21500,48250,293500,228000,1507000,128800,32900,88500,107000,143500,68300,19100,176900,74100,100000,179100,530000,118900,278500,28200,14900,201000,91500,91600,139800,86700,88300,46300,27800,62300,122200
20260827,266000,1730000,194300,1068000,1385000,370500,398000,1581729,168100,307000,375500,1150000,85900,108800,569000,470000,126100,556000,191300,198300,133600,451500,219500,216500,682000,222000,112000,3079000,339500,821000,32950,1214000,89600,1372000,360500,119000,21450,274500,33950,99100,184000,136700,174500,36100,114500,21000,234000,20500,745000,216000,597000,77900,203500,36000,434500,53900,137600,129300,138600,184000,28200,413500,221000,52500,191400,26600,211500,123200,112800,21600,50100,313000,219500,1480000,126600,33400,88300,111300,142400,65600,20000,201500,74400,98300,178500,504000,130200,279500,29800,14740,198700,95400,88000,140600,82700,90100,46900,28000,61900,129800
20260828,257000,1653000,186800,1028000,1421000,370000,399500,1474560,171600,310000,375000,1157000,88200,109700,571000,457000,128000,543000,190700,201500,136000,450500,214500,220500,687000,219500,116900,3153000,337500,814000,33900,1238000,88500,1375000,354500,122000,21700,277000,32550,98600,186300,149200,176300,36150,116300,21200,243000,20850,734000,218000,611000,75800,205000,36850,461500,54500,133100,128900,139100,187400,28700,416000,221000,52700,191300,26650,204000,129200,112800,21850,48750,313000,222500,1547000,131300,33750,88500,107600,150600,66400,19690,202500,75800,100400,180000,509000,134900,278500,29700,15020,192400,93900,88000,136600,84900,91300,47350,29050,63100,134800
20260831,260000,1674000,186500,1037000,1458000,378000,403500,1506314,173300,306000,376500,1102000,82500,108900,577000,449500,131000,545000,188900,216500,136300,453500,207500,217000,665000,220500,125500,2963000,338500,781000,33800,1263000,88000,1277000,348500,122200,21450,280000,31900,94200,200500,150100,178100,34700,119400,20900,240000,20700,694000,219000,642000,73200,207500,36550,464500,53400,131000,123300,136200,181100,28100,421500,207500,53700,192200,26550,210000,127100,114000,21850,47100,311500,227000,1531000,133000,33850,88000,112700,147200,66600,18190,196100,77200,96900,179400,492500,135500,277500,29400,14990,190600,95000,87300,133300,83700,90300,46450,28350,62300,146700
20260901,261000,1693000,190300,1067000,1430000,367000,400500,1508299,171200,309500,390500,1058000,81400,111100,569000,453000,131200,586000,188000,206500,137400,443500,204500,215000,677000,215000,135300,2916000,341000,769000,34550,1206000,87900,1251000,353500,125400,21350,282000,32350,94600,191300,151700,174900,34900,120300,21000,245000,20900,685000,219000,590000,70600,209500,36500,432500,54000,127200,120700,130300,192600,28750,406000,203000,55300,191000,26500,208500,124700,111100,21950,45800,310000,231000,1492000,129800,33100,88300,111500,146300,67400,16820,195600,75800,97800,178000,492000,128300,282000,28650,15220,190800,94400,89000,129600,82700,88700,45900,29250,62100,131200
20260902,250500,1613000,185500,982000,1400000,347500,378000,1489445,169100,294000,373000,1025000,76600,110500,538000,422000,124400,545000,186300,200500,134900,415500,195700,209000,657000,213500,131500,2765000,330000,711000,34500,1121000,82000,1216000,329500,129800,20800,269000,31250,91400,176000,150900,174400,33000,118500,19940,233000,20850,655000,209500,567000,66900,195000,35100,419000,53800,122600,112600,122900,190900,28900,385500,199000,53200,185400,26050,201000,120000,112000,21900,43700,296500,221000,1475000,139100,30300,85200,108900,142300,65600,16280,183800,74500,98700,175700,474000,126500,274000,27550,14890,180000,89200,86300,124700,81300,83600,44750,30550,60200,124700
20260903,250000,1596000,184100,981000,1348000,365500,383500,1465630,177900,303000,372000,1047000,79200,114500,539000,435000,127400,545000,187100,199700,139500,423500,192100,207500,702000,210500,130800,2725000,342000,706000,34650,1125000,86500,1224000,344000,136900,21350,287000,32450,89000,183800,147900,174700,33200,118300,21650,226000,21150,665000,213500,556000,68000,202000,35350,406000,53800,125000,119500,126400,203000,29150,384500,205500,55500,186600,26300,208500,118900,106000,21800,46100,292000,218000,1424000,133800,29900,86600,101600,142500,66500,16750,186500,72500,98200,176000,460500,133700,268500,26950,14810,184600,88100,86400,135300,81400,83900,44800,31600,62800,120900
20260904,255500,1647000,191600,1041000,1401000,358500,383500,1435861,172000,297500,367000,1055000,79200,110300,548000,436500,126500,573000,188100,201500,134300,422000,195300,213500,663000,230000,138300,2732000,337000,714000,33200,1142000,86800,1222000,348500,135500,21050,282000,32150,92500,183600,157300,172500,34450,121100,21400,238000,20700,652000,240500,562000,68800,206000,36200,394000,54300,126500,119700,126800,195700,30200,395000,210500,54700,188800,26650,212000,123900,111100,21950,45850,299500,216500,1417000,146000,30050,86800,99500,143300,65400,16850,191700,74100,99400,178500,473500,137400,270500,27400,14760,184800,89900,86600,140000,81400,84300,47300,31000,62800,121300
20260907,270000,1783000,199600,1125000,1454000,362500,393000,1454714,175900,312000,384000,1039000,87900,113900,541000,449000,128400,611000,186300,214000,138900,432000,207000,218000,656000,240500,137900,2965000,335500,763000,34200,1271000,87300,1224000,351500,133700,21450,279500,32750,93800,182600,157600,170300,34700,124500,21400,242500,20900,659000,243500,586000,70600,210000,36550,384000,54900,129400,126900,127200,192400,30350,402000,212000,54700,190900,26900,234500,125600,111900,22050,48000,316500,218000,1330000,148900,29650,87700,103600,140800,65400,18410,198900,76300,97700,180800,475500,139000,272500,28650,15090,187500,100800,85000,140000,80700,88000,46750,31400,63700,114500
20260908,269500,1793000,198400,1131000,1370000,348500,385000,1428914,173700,308000,382000,1027000,89500,113200,530000,444500,125400,603000,183100,205000,136800,415000,200500,214500,647000,244500,138000,2834000,328500,728000,34050,1247000,86100,1213000,346500,130800,21150,270000,34100,92400,180600,159400,169800,35050,118900,21300,230000,20800,666000,246500,545000,69700,203000,35400,377000,54300,127800,131400,126300,187300,30100,385500,212500,54300,192500,26650,227500,124500,110300,21900,49150,302500,213500,1291000,148400,29150,87300,99900,140000,64200,19970,201000,73400,99800,181400,471000,138300,273000,28750,14880,185600,103400,83200,138600,79100,86700,46500,31300,62700,113700
20260909,269500,1856000,197500,1138000,1404000,371000,388000,1440822,172000,303500,376000,1047000,91700,110600,574000,463500,126800,602000,183100,204500,134000,417500,211500,210000,641000,250500,153500,2931000,337000,751000,33500,1299000,88100,1227000,356000,125000,20850,285000,33750,91300,192100,165900,168400,35050,119100,21600,224500,20600,670000,255000,553000,71100,202500,35050,368500,53100,129100,133600,126100,186100,29800,392500,210500,58000,192800,26550,265500,122100,112300,21600,50800,330000,209000,1265000,143500,30800,87200,106100,138300,63100,19450,210500,72100,97800,174200,494500,142000,273500,31100,14910,184700,111500,83800,143000,80000,92000,46950,31100,63600,127000
20260910,269000,1853000,203000,1135000,1400000,365000,389000,1412045,173400,309500,379500,1067000,89900,110300,561000,453500,127000,612000,180800,206500,135300,415500,206000,208000,647000,253000,153100,2891000,339000,746000,34000,1322000,85500,1224000,351500,127400,20850,280500,32750,90400,193000,154900,169100,34750,118000,21350,227000,20500,680000,245500,557000,72400,204000,34900,361000,52000,133100,131200,123900,186200,29550,394500,229500,57300,193400,26300,250000,117900,113000,21350,50400,321500,208500,1264000,136900,30250,87400,102500,138500,63100,19750,196200,72300,96200,171300,481500,138600,274500,29700,14760,183400,115200,83400,141200,78900,92100,48450,31450,63000,123100
20260911,259500,1812000,193300,1089000,1400000,360000,382500,1404107,177900,307500,367000,1081000,90800,112900,545000,479000,126600,585000,178200,199500,137800,415500,204500,206500,686000,231000,144800,2854000,334000,747000,35100,1356000,85600,1179000,365500,128400,20850,273000,33100,90900,185300,150000,171800,33450,112500,21400,222500,20850,678000,247500,543000,70900,208500,34500,372000,52700,130500,134900,124100,191700,28950,390000,247000,57700,193600,26300,254000,119000,109900,21350,51000,319500,212500,1278000,139500,29800,87400,100000,140500,62300,19890,198600,71900,95200,173000,464000,137300,278000,29500,14890,180500,105800,79400,142500,79400,89600,46250,31750,61600,120000
20260914,249000,1697000,183400,1000000,1337000,351500,371500,1409068,181600,298000,358500,1137000,87000,114600,532000,479000,124200,570000,178800,198200,140800,400000,199300,204000,675000,225000,136700,2803000,326000,739000,36850,1255000,85900,1163000,363500,132000,21250,268000,31950,90100,178900,148600,173100,33150,113200,22100,218500,20900,705000,246500,514000,75000,207000,34650,369000,53200,133000,128200,124400,192500,29850,373500,239000,56600,193700,26400,245500,116400,107400,21600,50800,312000,212000,1310000,138700,28700,87500,97000,146000,60700,18760,198000,70700,100500,175700,474000,143700,276000,28300,15040,175500,111300,79100,139800,79100,87100,46900,32250,61600,114100
20260915,248500,1690000,187100,1000000,1317000,365500,367000,1401130,175800,285500,347000,1063000,86200,112200,547000,453500,121800,550000,177500,202000,137600,394500,194700,206000,661000,222500,141700,2689000,332000,700000,36350,1289000,82400,1138000,339000,126500,20650,271500,31350,88000,189300,148700,170800,32050,114300,20700,220500,20350,671000,225000,506000,69700,204500,34500,361500,53000,129000,128100,121400,188700,29350,370000,232000,54900,191200,25850,240000,115100,104600,21150,50800,303500,210500,1277000,138100,28550,86900,96700,144000,58600,19130,187500,71000,101500,173100,496500,137100,268500,27900,14850,173700,116700,78100,134500,79300,87300,45750,32200,60000,114700
20260916,253500,1759000,194600,1020000,1381000,367000,362000,1398153,176700,283500,353500,1055000,83800,112100,544000,440500,120700,551000,177200,200000,136700,383000,199400,201500,661000,226000,136300,2806000,326500,707000,36300,1387000,81300,1134000,332500,125000,20350,271000,30850,88100,188200,144100,172000,31750,112200,20200,217500,20200,666000,215500,515000,68800,200500,33500,353000,52800,125100,124300,119500,187000,29050,363000,236500,54800,186900,25400,249500,112000,107600,20800,50500,303500,203000,1261000,135600,28500,85600,101700,144600,57800,18570,196300,69700,107400,169900,502000,137700,267000,27900,14650,171300,125000,78200,133600,77300,85700,40500,32950,59400,111000
20260917,252500,1745000,193300,1008000,1330000,365000,363000,1385253,179200,280500,355500,1097000,85400,113300,539000,469500,120900,539000,180300,197900,137500,381000,202000,199000,666000,225500,139400,2861000,326500,712000,36300,1405000,83600,1123000,348500,126400,20750,268000,31000,87600,182200,152200,173800,31800,111800,21500,216000,20150,708000,222500,507000,77500,206000,33500,353000,53400,130400,125300,122300,192800,29400,364000,242000,57800,185600,25400,260500,114000,106000,20700,51100,304000,203000,1288000,139500,28400,86000,100700,143100,58900,18490,201000,69100,107500,165600,515000,138000,263000,28300,14680,173000,124500,79200,142100,77500,86800,40000,31550,60500,111300
20260918,261000,1857000,196100,1079000,1388000,364000,365000,1387238,174900,283500,351000,1078000,84900,110100,541000,460000,121900,545000,179400,198400,133100,379000,211500,197700,648000,236000,136600,2915000,323000,725000,36100,1447000,82900,1124000,337500,126900,20800,267000,30750,89200,183900,149500,172000,31650,111900,20800,219500,20050,744000,208000,532000,80000,203500,33550,367000,53000,129800,124800,122500,186900,29300,369500,246000,57300,182300,25550,327000,113900,103700,20450,51800,325500,205000,1300000,138800,28400,85300,103200,143400,60600,18910,211500,70600,101100,165900,503000,132500,262500,31450,14050,171100,126100,77700,139800,75900,87700,40250,30850,59000,111000
20260921,274000,1868000,208000,1127000,1429000,352000,359000,1391207,177500,291000,367500,1067000,85300,113100,533000,450500,120000,575000,181400,202500,135700,373000,209000,197900,651000,236500,140700,2917000,317000,714000,36450,1432000,81800,1123000,339000,129900,21100,258500,30850,87000,178100,153900,173800,31950,111300,20600,224500,20000,725000,211000,519000,76500,203000,33200,366000,53100,129600,125600,118800,188300,28850,361000,233500,57800,184400,26300,318500,113300,110300,20100,52000,322500,200000,1276000,138500,27600,88200,101900,145000,58600,18290,205000,69500,99500,162500,505000,131300,264500,29700,14490,173400,131900,77600,136700,75600,88000,39900,31000,58100,107500
20260922,276500,1840000,211500,1133000,1486000,350500,360500,1380292,175700,291000,367000,1057000,86500,113200,529000,455500,118500,588000,178500,216500,136000,372500,212000,201000,655000,240000,141000,2901000,317500,714000,35750,1473000,81600,1110000,339500,128900,21200,254000,30850,87300,184200,154300,177300,32850,116500,20600,226000,20000,704000,207000,542000,77400,203000,34150,361500,53100,130300,131300,117100,185900,31400,385000,243000,56700,186300,26100,321500,110600,112900,20200,51200,326500,202000,1252000,143500,27450,90700,112300,142000,57500,18800,205000,71600,99800,156300,502000,132300,262000,31600,14570,175500,130700,76900,137500,75100,88400,40950,30800,58300,108400
20260923,285500,1862000,220000,1190000,1507000,351500,353500,1355484,173200,294500,367000,1021000,81700,109300,521000,441000,115400,611000,177400,209000,133100,367500,205500,194700,648000,243500,149200,2896000,311500,708000,35350,1512000,79600,1116000,332500,125600,20800,252500,30250,87100,179900,155600,174300,32250,111900,20250,220500,20400,692000,205500,535000,73900,196900,33450,368500,52700,127500,121100,115900,184600,31500,377500,239000,55300,186400,26000,318500,110700,118900,19920,49350,321500,198000,1215000,140100,29200,91100,119400,142500,57300,17440,205500,69400,99800,156800,520000,130000,266000,30950,14640,177300,132000,75900,129700,74100,89400,40650,30150,57700,109100
20260928,270000,1768000,207000,1100000,1499000,364000,354500,1389222,174200,296000,345500,1034000,82000,111300,533000,442000,117600,578000,178300,214500,135300,373000,204500,197700,661000,234500,158200,2780000,316500,693000,36400,1423000,80000,1102000,332000,133400,21250,262500,30700,88200,185200,162200,175400,31800,114000,20100,219000,20900,693000,209000,578000,72400,199100,34150,368500,52900,129600,124600,115700,190900,31700,376000,245500,56900,181900,26050,300500,113800,112300,20500,50000,313000,202000,1215000,141300,33350,88800,123300,142700,59900,18680,201000,70200,101600,161900,504000,131700,257000,29900,14770,180200,127100,76200,129000,74700,91600,41150,31200,58100,114300
20260929,272500,1765000,204000,1118000,1528000,352500,350000,1374338,173500,290500,345000,1012000,79700,110500,511000,429000,116000,586000,178900,213500,135300,367000,205000,194800,653000,252000,145900,2804000,304000,681000,36400,1381000,78600,1064000,323500,132700,21000,250000,30100,86200,175400,157800,177200,31150,111400,19330,216500,20700,678000,201500,585000,71900,197500,33700,362500,52900,127400,117000,112300,191600,31400,370000,237500,54400,179000,26250,314500,108700,118000,20250,47150,315500,198700,1225000,136200,32500,88500,130200,142700,59800,17370,206000,69300,101500,158700,507000,127200,255500,29500,14800,177300,139800,74900,124800,73000,92000,40100,30900,55200,109000
20260930,268500,1776000,195200,1139000,1513000,357000,345000,1380292,168800,282000,341500,1007000,81600,106100,515000,433500,112800,588000,177700,212500,130000,367000,205000,193700,633000,256500,148800,2773000,306000,662000,34900,1368000,78800,1070000,323500,126300,20850,251000,29950,85600,178800,161700,176200,30950,110800,19700,219000,20200,682000,202500,564000,75000,196800,33550,366000,52300,126200,117500,111600,185000,32000,369500,238000,56900,177000,26000,315000,107200,115100,19890,47700,308500,194900,1213000,132400,33900,88400,132500,138400,59000,17740,212500,68800,99400,156600,499000,125500,251500,29650,14530,175000,136600,74400,123500,72800,99300,39850,29100,54600,112100
20261001,276000,1833000,204500,1155000,1561000,360500,349000,1417999,166000,284000,347000,1034000,82100,103800,517000,431500,113300,587000,183600,211500,128300,382000,206000,191200,626000,268500,139600,2822000,306500,673000,33250,1384000,78500,1069000,325500,127200,21150,257000,30150,86300,182700,148800,174700,32150,109800,19720,223000,20150,724000,197500,584000,78900,198400,33550,366000,51800,127100,117200,112500,183100,31200,380000,237000,55300,179500,26500,318000,102200,123400,19760,47350,298000,199700,1224000,133800,34250,90300,149400,135700,58900,17760,213500,70700,99300,156200,497500,124200,262500,30150,14540,175400,142500,76700,119600,74800,104800,40050,28350,54700,113400
20261002,276000,1841000,201000,1160000,1581000,371000,346500,1354000,167400,289000,346000,1072000,81100,104800,529000,426000,112900,584000,182600,216000,129100,383500,209500,192200,626000,272000,154000,2785000,311000,678000,33500,1341000,78800,1080000,326000,128800,21500,262500,30050,88400,186900,166200,176900,31650,111100,19960,219500,20200,762000,201000,574000,82900,201500,33450,366000,51900,133500,114400,116500,182800,30600,382500,233500,56600,181200,26950,329000,106400,121200,19700,47750,298500,199100,1211000,132300,36100,90400,147800,132700,59900,17610,227000,71900,101600,155300,506000,128900,259500,31500,14550,175000,140800,75800,117900,74100,106500,40150,29000,55200,113900
20261006,272000,1778000,198200,1159000,1673000,388000,348000,1310000,167200,285000,342500,1028000,81400,103600,571000,421000,112600,586000,182400,231000,128800,380500,216500,191100,635000,277500,156900,2807000,317000,685000,33400,1464000,77300,1106000,318500,129900,21450,278000,30300,88300,203500,165000,176400,31950,115400,19700,219500,20200,707000,195500,640000,81700,201000,33450,360500,51500,129200,113300,112300,182900,31100,387500,226500,57200,178100,26650,327500,105000,131800,20100,48100,298500,200500,1203000,133600,37100,89100,157800,132500,60400,17730,233500,73200,100800,157100,520000,126400,253000,31700,14560,179500,139500,76600,118200,76200,111500,40450,28650,55400,123900
