cycle_id,ts,code,name,fact_score,sentiment,tick_power,consecutive_days,change_rate,engine_signal,engine_reason
14923440,2026-10-01 09:02:10,002710,TCC스틸,0.3,7,96.71,1,12.05,WATCH,1차 필터(AND) 조건 미충족
14923440,2026-10-01 09:02:10,000660,SK하이닉스,0.7,6,74.55,4,-1.18,WATCH,1차 필터(AND) 조건 미충족
14923446,2026-10-01 09:13:06,008970,KBI동양철관,0.4,6,70.85,2,0.54,WATCH,1차 필터(AND) 조건 미충족
14923446,2026-10-01 09:13:06,005930,삼성전자,0.3,-4,113.75,4,-0.09,WATCH,1차 필터(AND) 조건 미충족
14923446,2026-10-01 09:13:06,047040,대우건설,0.6,5,39.33,4,-0.34,WATCH,1차 필터(AND) 조건 미충족
14923446,2026-10-01 09:13:06,002710,TCC스틸,0.3,7,67.42,1,4.28,WATCH,1차 필터(AND) 조건 미충족
14923446,2026-10-01 09:13:06,009830,한화솔루션,0.4,2,146.81,4,0.74,HOLD,보유 유지 (수익률: 6.54%)
14923446,2026-10-01 09:13:06,034020,두산에너빌리티,0.7,7,48.74,3,0.61,WATCH,1차 필터(AND) 조건 미충족
14923446,2026-10-01 09:13:06,439960,코스모로보틱스,0.0,0,164.63,1,1.73,WATCH,1차 필터(AND) 조건 미충족
14923446,2026-10-01 09:13:06,468670,브릴스,0.1,-8,69.77,1,155.13,WATCH,1차 필터(AND) 조건 미충족
14923446,2026-10-01 09:13:06,266690,덕산넵코어스,0.2,-3,102.67,2,1.06,WATCH,1차 필터(AND) 조건 미충족
14923446,2026-10-01 09:13:06,486510,글로벌테크놀로지,0.1,-5,85.53,3,-4.29,WATCH,1차 필터(AND) 조건 미충족
14923446,2026-10-01 09:13:06,000660,SK하이닉스,0.7,6,106.79,4,0.11,WATCH,1차 필터(AND) 조건 미충족
14923451,2026-10-01 09:22:57,008970,KBI동양철관,0.4,4,73.89,2,3.64,WATCH,1차 필터(AND) 조건 미충족
14923451,2026-10-01 09:22:57,047040,대우건설,0.3,1,45.3,4,-1.07,WATCH,1차 필터(AND) 조건 미충족
14923451,2026-10-01 09:22:57,005930,삼성전자,0.3,-4,109.27,4,-0.65,WATCH,1차 필터(AND) 조건 미충족
14923451,2026-10-01 09:22:57,009830,한화솔루션,0.2,0,114.23,4,-2.36,HOLD,보유 유지 (수익률: 3.26%)
14923451,2026-10-01 09:22:57,002710,TCC스틸,0.3,7,65.67,1,1.14,WATCH,1차 필터(AND) 조건 미충족
14923451,2026-10-01 09:22:57,034020,두산에너빌리티,0.5,5,49.7,3,0.12,WATCH,1차 필터(AND) 조건 미충족
14923451,2026-10-01 09:22:57,439960,코스모로보틱스,0.1,-3,118.61,1,13.96,WATCH,1차 필터(AND) 조건 미충족
14923451,2026-10-01 09:22:57,266690,덕산넵코어스,0.2,-1,108.34,2,4.73,WATCH,1차 필터(AND) 조건 미충족
14923451,2026-10-01 09:22:57,468670,브릴스,0.0,-5,67.48,1,138.46,WATCH,1차 필터(AND) 조건 미충족
14923451,2026-10-01 09:22:57,486510,글로벌테크놀로지,0.1,1,82.72,3,-3.04,WATCH,1차 필터(AND) 조건 미충족
14923451,2026-10-01 09:22:57,000660,SK하이닉스,0.7,6,117.85,4,-0.56,WATCH,1차 필터(AND) 조건 미충족
14923456,2026-10-01 09:33:33,008970,KBI동양철관,0.2,3,72.54,2,1.82,WATCH,1차 필터(AND) 조건 미충족
14923456,2026-10-01 09:33:33,005930,삼성전자,0.3,-4,89.27,4,-1.3,WATCH,1차 필터(AND) 조건 미충족
14923456,2026-10-01 09:33:33,047040,대우건설,0.3,2,50.54,4,-1.13,WATCH,1차 필터(AND) 조건 미충족
14923456,2026-10-01 09:33:33,009830,한화솔루션,0.3,1,110.52,4,0.0,HOLD,보유 유지 (수익률: 5.76%)
14923456,2026-10-01 09:33:33,002710,TCC스틸,0.3,7,66.94,1,1.36,WATCH,1차 필터(AND) 조건 미충족
14923456,2026-10-01 09:33:33,034020,두산에너빌리티,0.4,5,46.7,3,-0.25,WATCH,1차 필터(AND) 조건 미충족
14923456,2026-10-01 09:33:33,439960,코스모로보틱스,0.1,-3,103.61,1,8.24,WATCH,1차 필터(AND) 조건 미충족
14923456,2026-10-01 09:33:33,266690,덕산넵코어스,0.2,2,102.2,2,6.45,WATCH,1차 필터(AND) 조건 미충족
14923456,2026-10-01 09:33:33,468670,브릴스,0.1,-5,74.61,1,144.1,WATCH,1차 필터(AND) 조건 미충족
14923456,2026-10-01 09:33:33,486510,글로벌테크놀로지,0.2,1,99.93,3,1.73,WATCH,1차 필터(AND) 조건 미충족
14923456,2026-10-01 09:33:33,000660,SK하이닉스,0.5,6,109.35,4,-1.35,WATCH,1차 필터(AND) 조건 미충족
14923460,2026-10-01 09:41:39,008970,KBI동양철관,0.2,3,70.72,2,-2.43,WATCH,1차 필터(AND) 조건 미충족
14923460,2026-10-01 09:41:39,005930,삼성전자,0.3,-4,93.47,4,-0.74,WATCH,1차 필터(AND) 조건 미충족
14923460,2026-10-01 09:41:39,047040,대우건설,0.3,2,53.59,4,-0.73,WATCH,1차 필터(AND) 조건 미충족
14923460,2026-10-01 09:41:39,009830,한화솔루션,0.4,1,111.58,4,0.66,HOLD,보유 유지 (수익률: 6.46%)
14923460,2026-10-01 09:41:39,002710,TCC스틸,0.3,7,64.4,1,0.29,WATCH,1차 필터(AND) 조건 미충족
14923460,2026-10-01 09:41:39,034020,두산에너빌리티,0.4,5,54.53,3,0.37,WATCH,1차 필터(AND) 조건 미충족
14923460,2026-10-01 09:41:39,439960,코스모로보틱스,0.2,-3,102.1,1,9.84,WATCH,1차 필터(AND) 조건 미충족
14923460,2026-10-01 09:41:39,266690,덕산넵코어스,0.2,0,94.56,2,2.17,WATCH,1차 필터(AND) 조건 미충족
14923460,2026-10-01 09:41:39,468670,브릴스,0.2,-2,73.59,1,130.26,WATCH,1차 필터(AND) 조건 미충족
14923460,2026-10-01 09:41:39,486510,글로벌테크놀로지,0.3,1,90.16,3,-1.78,WATCH,1차 필터(AND) 조건 미충족
14923460,2026-10-01 09:41:39,000660,SK하이닉스,0.5,6,105.28,4,-0.06,WATCH,1차 필터(AND) 조건 미충족
14923465,2026-10-01 09:52:25,008970,KBI동양철관,0.2,3,73.08,2,-1.48,WATCH,1차 필터(AND) 조건 미충족
14923465,2026-10-01 09:52:25,005930,삼성전자,0.1,0,99.88,4,-0.19,WATCH,1차 필터(AND) 조건 미충족
14923465,2026-10-01 09:52:25,047040,대우건설,0.4,3,57.21,4,0.11,WATCH,1차 필터(AND) 조건 미충족
14923465,2026-10-01 09:52:25,009830,한화솔루션,0.4,1,106.42,4,0.15,HOLD,보유 유지 (수익률: 5.91%)
14923465,2026-10-01 09:52:25,002710,TCC스틸,0.5,4,65.49,1,0.36,WATCH,1차 필터(AND) 조건 미충족
14923465,2026-10-01 09:52:25,092790,넥스틸,0.3,0,42.29,1,-4.38,WATCH,1차 필터(AND) 조건 미충족
14923465,2026-10-01 09:52:25,034020,두산에너빌리티,0.4,5,57.04,3,0.74,WATCH,1차 필터(AND) 조건 미충족
14923465,2026-10-01 09:52:25,439960,코스모로보틱스,0.1,-3,103.63,1,16.36,WATCH,1차 필터(AND) 조건 미충족
14923465,2026-10-01 09:52:25,266690,덕산넵코어스,0.2,1,92.97,2,2.5,WATCH,1차 필터(AND) 조건 미충족
14923465,2026-10-01 09:52:25,468670,브릴스,0.1,-5,73.75,1,126.41,WATCH,1차 필터(AND) 조건 미충족
14923465,2026-10-01 09:52:25,490470,세미파이브,0.3,2,127.82,2,11.93,WATCH,1차 필터(AND) 조건 미충족
14923465,2026-10-01 09:52:25,486510,글로벌테크놀로지,0.3,1,90.71,3,-1.94,WATCH,1차 필터(AND) 조건 미충족
14923465,2026-10-01 09:52:25,000660,SK하이닉스,0.5,4,108.11,4,0.17,WATCH,1차 필터(AND) 조건 미충족
14923470,2026-10-01 10:02:47,008970,KBI동양철관,0.3,7,78.74,2,0.54,WATCH,1차 필터(AND) 조건 미충족
14923470,2026-10-01 10:02:47,005930,삼성전자,0.1,0,106.33,4,0.19,WATCH,1차 필터(AND) 조건 미충족
14923470,2026-10-01 10:02:47,047040,대우건설,0.2,5,58.39,4,-0.34,WATCH,1차 필터(AND) 조건 미충족
14923470,2026-10-01 10:02:47,084010,대한제강,0.7,8,32.03,1,23.36,WATCH,1차 필터(AND) 조건 미충족
14923470,2026-10-01 10:02:47,009830,한화솔루션,0.3,2,104.01,4,-0.59,HOLD,보유 유지 (수익률: 5.13%)
14923470,2026-10-01 10:02:47,002710,TCC스틸,0.5,7,65.36,1,0.29,WATCH,1차 필터(AND) 조건 미충족
14923470,2026-10-01 10:02:47,092790,넥스틸,0.4,3,43.41,1,-4.24,WATCH,1차 필터(AND) 조건 미충족
14923470,2026-10-01 10:02:47,034020,두산에너빌리티,0.4,5,60.76,3,1.16,WATCH,1차 필터(AND) 조건 미충족
14923470,2026-10-01 10:02:47,439960,코스모로보틱스,0.1,-2,104.69,1,20.48,WATCH,1차 필터(AND) 조건 미충족
14923470,2026-10-01 10:02:47,266690,덕산넵코어스,0.3,2,93.15,2,4.12,WATCH,1차 필터(AND) 조건 미충족
14923470,2026-10-01 10:02:47,490470,세미파이브,0.6,7,124.24,2,13.85,WATCH,1차 필터(AND) 조건 미충족
14923470,2026-10-01 10:02:47,468670,브릴스,0.2,0,72.5,1,116.92,WATCH,1차 필터(AND) 조건 미충족
14923470,2026-10-01 10:02:47,486510,글로벌테크놀로지,0.0,7,86.1,3,-3.82,WATCH,1차 필터(AND) 조건 미충족
14923470,2026-10-01 10:02:47,000660,SK하이닉스,0.5,4,109.67,4,0.62,WATCH,1차 필터(AND) 조건 미충족
14923476,2026-10-01 10:14:13,008970,KBI동양철관,0.3,3,78.17,2,0.34,WATCH,1차 필터(AND) 조건 미충족
14923476,2026-10-01 10:14:13,018880,한온시스템,0.1,1,92.38,2,1.99,WATCH,1차 필터(AND) 조건 미충족
14923476,2026-10-01 10:14:13,005930,삼성전자,0.1,0,111.48,4,0.19,WATCH,1차 필터(AND) 조건 미충족
14923476,2026-10-01 10:14:13,047040,대우건설,0.4,2,60.77,4,0.06,WATCH,1차 필터(AND) 조건 미충족
14923476,2026-10-01 10:14:13,009830,한화솔루션,0.3,-1,101.78,4,-0.74,HOLD,보유 유지 (수익률: 4.98%)
14923476,2026-10-01 10:14:13,002710,TCC스틸,0.5,0,65.72,1,0.21,WATCH,1차 필터(AND) 조건 미충족
14923476,2026-10-01 10:14:13,092790,넥스틸,0.2,-2,44.23,1,-3.68,WATCH,1차 필터(AND) 조건 미충족
14923476,2026-10-01 10:14:13,034020,두산에너빌리티,0.4,5,61.84,3,1.23,WATCH,1차 필터(AND) 조건 미충족
14923476,2026-10-01 10:14:13,439960,코스모로보틱스,0.2,-5,100.1,1,13.16,WATCH,1차 필터(AND) 조건 미충족
14923476,2026-10-01 10:14:13,266690,덕산넵코어스,0.2,-2,91.69,2,2.5,WATCH,1차 필터(AND) 조건 미충족
14923476,2026-10-01 10:14:13,490470,세미파이브,0.6,5,118.37,2,13.85,WATCH,1차 필터(AND) 조건 미충족
14923476,2026-10-01 10:14:13,468670,브릴스,0.1,-4,76.15,1,124.87,WATCH,1차 필터(AND) 조건 미충족
14923476,2026-10-01 10:14:13,486510,글로벌테크놀로지,0.1,3,83.6,3,-4.35,WATCH,1차 필터(AND) 조건 미충족
14923476,2026-10-01 10:14:13,012210,삼미금속,0.2,-5,69.79,1,-0.9,WATCH,1차 필터(AND) 조건 미충족
14923476,2026-10-01 10:14:13,000660,SK하이닉스,0.5,4,110.05,4,0.62,WATCH,1차 필터(AND) 조건 미충족
14923480,2026-10-01 10:22:22,008970,KBI동양철관,0.2,3,78.05,2,0.47,WATCH,1차 필터(AND) 조건 미충족
14923480,2026-10-01 10:22:22,018880,한온시스템,0.1,-2,93.02,2,2.7,WATCH,1차 필터(AND) 조건 미충족
14923480,2026-10-01 10:22:22,005930,삼성전자,0.3,0,113.87,4,0.0,WATCH,1차 필터(AND) 조건 미충족
14923480,2026-10-01 10:22:22,047040,대우건설,0.4,2,61.09,4,-0.06,WATCH,1차 필터(AND) 조건 미충족
14923480,2026-10-01 10:22:22,084010,대한제강,0.4,4,39.56,1,21.44,WATCH,1차 필터(AND) 조건 미충족
14923480,2026-10-01 10:22:22,009830,한화솔루션,0.3,-1,101.72,4,-0.59,HOLD,보유 유지 (수익률: 5.13%)
14923480,2026-10-01 10:22:22,002710,TCC스틸,0.4,-1,65.03,1,-0.29,WATCH,1차 필터(AND) 조건 미충족
14923480,2026-10-01 10:22:22,092790,넥스틸,0.3,-3,44.07,1,-4.31,WATCH,1차 필터(AND) 조건 미충족
14923480,2026-10-01 10:22:22,034020,두산에너빌리티,0.4,5,61.17,3,0.98,WATCH,1차 필터(AND) 조건 미충족
14923480,2026-10-01 10:22:22,439960,코스모로보틱스,0.1,-5,99.62,1,16.89,WATCH,1차 필터(AND) 조건 미충족
14923480,2026-10-01 10:22:22,266690,덕산넵코어스,0.2,1,92.43,2,3.62,WATCH,1차 필터(AND) 조건 미충족
14923480,2026-10-01 10:22:22,490470,세미파이브,0.5,3,117.1,2,13.57,WATCH,1차 필터(AND) 조건 미충족
14923480,2026-10-01 10:22:22,468670,브릴스,0.2,-6,74.8,1,118.46,WATCH,1차 필터(AND) 조건 미충족
14923480,2026-10-01 10:22:22,486510,글로벌테크놀로지,0.1,5,81.3,3,-5.29,WATCH,1차 필터(AND) 조건 미충족
14923480,2026-10-01 10:22:22,012210,삼미금속,0.2,-5,69.53,1,-1.56,WATCH,1차 필터(AND) 조건 미충족
14923480,2026-10-01 10:22:22,000660,SK하이닉스,0.5,4,110.21,4,0.11,WATCH,1차 필터(AND) 조건 미충족
14923485,2026-10-01 10:32:35,008970,KBI동양철관,0.5,5,77.28,2,0.0,WATCH,1차 필터(AND) 조건 미충족
14923485,2026-10-01 10:32:35,018880,한온시스템,0.2,1,92.44,2,2.56,WATCH,1차 필터(AND) 조건 미충족
14923485,2026-10-01 10:32:35,005930,삼성전자,0.4,-2,114.86,4,-0.19,WATCH,1차 필터(AND) 조건 미충족
14923485,2026-10-01 10:32:35,460860,동국제강,0.3,4,74.32,1,6.35,WATCH,1차 필터(AND) 조건 미충족
14923485,2026-10-01 10:32:35,047040,대우건설,0.4,3,62.39,4,0.06,WATCH,1차 필터(AND) 조건 미충족
14923485,2026-10-01 10:32:35,084010,대한제강,0.5,6,40.08,1,22.08,WATCH,1차 필터(AND) 조건 미충족
14923485,2026-10-01 10:32:35,009830,한화솔루션,0.3,2,96.45,4,-1.62,HOLD,보유 유지 (수익률: 4.04%)
14923485,2026-10-01 10:32:35,002710,TCC스틸,0.5,3,63.36,1,-1.07,WATCH,1차 필터(AND) 조건 미충족
14923485,2026-10-01 10:32:35,092790,넥스틸,0.2,-3,41.21,1,-5.14,WATCH,1차 필터(AND) 조건 미충족
14923485,2026-10-01 10:32:35,034020,두산에너빌리티,0.4,5,61.47,3,0.74,WATCH,1차 필터(AND) 조건 미충족
14923485,2026-10-01 10:32:35,439960,코스모로보틱스,0.1,-5,101.91,1,19.95,WATCH,1차 필터(AND) 조건 미충족
14923485,2026-10-01 10:32:35,266690,덕산넵코어스,0.1,2,91.95,2,2.89,WATCH,1차 필터(AND) 조건 미충족
14923485,2026-10-01 10:32:35,490470,세미파이브,0.6,6,107.34,2,11.11,WATCH,1차 필터(AND) 조건 미충족
14923485,2026-10-01 10:32:35,468670,브릴스,0.2,-4,76.38,1,125.64,WATCH,1차 필터(AND) 조건 미충족
14923485,2026-10-01 10:32:35,486510,글로벌테크놀로지,0.1,1,81.99,3,-4.35,WATCH,1차 필터(AND) 조건 미충족
14923485,2026-10-01 10:32:35,012210,삼미금속,0.2,-5,68.47,1,-2.3,WATCH,1차 필터(AND) 조건 미충족
14923485,2026-10-01 10:32:35,000660,SK하이닉스,0.5,4,109.56,4,-0.11,WATCH,1차 필터(AND) 조건 미충족
14923491,2026-10-01 10:43:14,008970,KBI동양철관,0.5,5,76.99,2,0.27,WATCH,1차 필터(AND) 조건 미충족
14923491,2026-10-01 10:43:14,018880,한온시스템,0.1,1,92.49,2,2.41,WATCH,1차 필터(AND) 조건 미충족
14923491,2026-10-01 10:43:14,005030,부산주공,0.3,4,0.0,3,15.91,WATCH,1차 필터(AND) 조건 미충족
14923491,2026-10-01 10:43:14,005930,삼성전자,0.4,-2,116.53,4,-0.28,WATCH,1차 필터(AND) 조건 미충족
14923491,2026-10-01 10:43:14,460860,동국제강,0.2,2,74.36,1,6.67,WATCH,1차 필터(AND) 조건 미충족
14923491,2026-10-01 10:43:14,047040,대우건설,0.4,3,65.28,4,0.45,WATCH,1차 필터(AND) 조건 미충족
14923491,2026-10-01 10:43:14,084010,대한제강,0.3,5,40.49,1,23.23,WATCH,1차 필터(AND) 조건 미충족
14923491,2026-10-01 10:43:14,009830,한화솔루션,0.2,0,94.46,4,-1.25,HOLD,보유 유지 (수익률: 4.43%)
14923491,2026-10-01 10:43:14,002710,TCC스틸,0.5,3,66.67,1,-0.64,WATCH,1차 필터(AND) 조건 미충족
14923491,2026-10-01 10:43:14,092790,넥스틸,0.2,-3,41.79,1,-5.0,WATCH,1차 필터(AND) 조건 미충족
14923491,2026-10-01 10:43:14,034020,두산에너빌리티,0.4,5,63.45,3,1.35,WATCH,1차 필터(AND) 조건 미충족
14923491,2026-10-01 10:43:14,439960,코스모로보틱스,0.1,-4,101.78,1,19.55,WATCH,1차 필터(AND) 조건 미충족
14923491,2026-10-01 10:43:14,266690,덕산넵코어스,0.3,2,91.1,2,3.17,WATCH,1차 필터(AND) 조건 미충족
14923491,2026-10-01 10:43:14,490470,세미파이브,0.5,3,107.06,2,10.56,WATCH,1차 필터(AND) 조건 미충족
14923491,2026-10-01 10:43:14,468670,브릴스,0.1,-2,77.14,1,124.1,WATCH,1차 필터(AND) 조건 미충족
14923491,2026-10-01 10:43:14,486510,글로벌테크놀로지,0.0,3,81.54,3,-5.03,WATCH,1차 필터(AND) 조건 미충족
14923491,2026-10-01 10:43:14,012210,삼미금속,0.2,-5,68.52,1,-1.89,WATCH,1차 필터(AND) 조건 미충족
14923491,2026-10-01 10:43:14,000660,SK하이닉스,0.7,6,108.66,4,-0.23,WATCH,1차 필터(AND) 조건 미충족
14923496,2026-10-01 10:54:31,008970,KBI동양철관,0.5,5,75.52,2,-1.82,WATCH,1차 필터(AND) 조건 미충족
14923496,2026-10-01 10:54:31,018880,한온시스템,0.1,-2,92.04,2,2.27,WATCH,1차 필터(AND) 조건 미충족
14923496,2026-10-01 10:54:31,005030,부산주공,0.3,3,0.0,3,15.91,WATCH,1차 필터(AND) 조건 미충족
14923496,2026-10-01 10:54:31,005930,삼성전자,0.2,-5,115.74,4,-2.73,WATCH,1차 필터(AND) 조건 미충족
14923496,2026-10-01 10:54:31,047040,대우건설,0.4,3,72.13,4,0.96,WATCH,1차 필터(AND) 조건 미충족
14923496,2026-10-01 10:54:31,460860,동국제강,0.4,4,75.31,1,7.09,WATCH,1차 필터(AND) 조건 미충족
14923496,2026-10-01 10:54:31,084010,대한제강,0.3,5,40.98,1,23.75,WATCH,1차 필터(AND) 조건 미충족
14923496,2026-10-01 10:54:31,009830,한화솔루션,0.3,1,96.41,4,0.0,HOLD,보유 유지 (수익률: 5.76%)
14923496,2026-10-01 10:54:31,002710,TCC스틸,0.5,3,67.9,1,-0.07,WATCH,1차 필터(AND) 조건 미충족
14923496,2026-10-01 10:54:31,003160,디아이,0.7,5,0.0,1,7.22,WATCH,1차 필터(AND) 조건 미충족
14923496,2026-10-01 10:54:31,092790,넥스틸,0.2,-4,41.63,1,-5.62,WATCH,1차 필터(AND) 조건 미충족
14923496,2026-10-01 10:54:31,034020,두산에너빌리티,0.4,5,65.29,3,1.1,WATCH,1차 필터(AND) 조건 미충족
14923496,2026-10-01 10:54:31,439960,코스모로보틱스,0.1,-6,103.68,1,23.27,WATCH,1차 필터(AND) 조건 미충족
14923496,2026-10-01 10:54:31,266690,덕산넵코어스,0.3,2,90.46,2,2.5,WATCH,1차 필터(AND) 조건 미충족
14923496,2026-10-01 10:54:31,490470,세미파이브,0.5,3,106.06,2,11.38,WATCH,1차 필터(AND) 조건 미충족
14923496,2026-10-01 10:54:31,468670,브릴스,0.1,0,75.67,1,117.44,WATCH,1차 필터(AND) 조건 미충족
14923496,2026-10-01 10:54:31,486510,글로벌테크놀로지,0.1,3,81.3,3,-4.45,WATCH,1차 필터(AND) 조건 미충족
14923496,2026-10-01 10:54:31,012210,삼미금속,0.2,-5,68.41,1,-2.13,WATCH,1차 필터(AND) 조건 미충족
14923496,2026-10-01 10:54:31,000660,SK하이닉스,0.7,6,106.44,4,-0.39,WATCH,1차 필터(AND) 조건 미충족
14923500,2026-10-01 11:02:02,008970,KBI동양철관,0.5,5,75.76,2,-1.35,WATCH,1차 필터(AND) 조건 미충족
14923500,2026-10-01 11:02:02,005930,삼성전자,0.2,-2,118.01,4,-0.28,WATCH,1차 필터(AND) 조건 미충족
14923500,2026-10-01 11:02:02,047040,대우건설,0.4,3,72.77,4,0.85,WATCH,1차 필터(AND) 조건 미충족
14923500,2026-10-01 11:02:02,009830,한화솔루션,0.3,1,95.23,4,-0.44,HOLD,보유 유지 (수익률: 5.29%)
14923500,2026-10-01 11:02:02,002710,TCC스틸,0.5,3,67.75,1,-0.29,WATCH,1차 필터(AND) 조건 미충족
14923500,2026-10-01 11:02:02,034020,두산에너빌리티,0.6,7,66.74,3,1.23,WATCH,1차 필터(AND) 조건 미충족
14923500,2026-10-01 11:02:02,439960,코스모로보틱스,0.1,-6,101.39,1,19.81,WATCH,1차 필터(AND) 조건 미충족
14923500,2026-10-01 11:02:02,266690,덕산넵코어스,0.2,3,88.01,2,0.39,WATCH,1차 필터(AND) 조건 미충족
14923500,2026-10-01 11:02:02,490470,세미파이브,0.7,6,105.6,2,10.84,WATCH,1차 필터(AND) 조건 미충족
14923500,2026-10-01 11:02:02,468670,브릴스,0.3,1,74.98,1,105.9,WATCH,1차 필터(AND) 조건 미충족
14923500,2026-10-01 11:02:02,486510,글로벌테크놀로지,0.1,3,82.46,3,-3.82,WATCH,1차 필터(AND) 조건 미충족
14923500,2026-10-01 11:02:02,000660,SK하이닉스,0.7,6,106.07,4,0.11,WATCH,1차 필터(AND) 조건 미충족
14923506,2026-10-01 11:12:46,008970,KBI동양철관,0.3,5,76.41,2,-1.62,WATCH,1차 필터(AND) 조건 미충족
14923506,2026-10-01 11:12:46,005930,삼성전자,0.2,2,122.9,4,-0.09,WATCH,1차 필터(AND) 조건 미충족
14923506,2026-10-01 11:12:46,047040,대우건설,0.4,3,73.52,4,0.62,WATCH,1차 필터(AND) 조건 미충족
14923506,2026-10-01 11:12:46,009830,한화솔루션,0.4,3,95.0,4,-0.44,HOLD,보유 유지 (수익률: 5.29%)
14923506,2026-10-01 11:12:46,002710,TCC스틸,0.3,4,67.53,1,-0.29,WATCH,1차 필터(AND) 조건 미충족
14923506,2026-10-01 11:12:46,034020,두산에너빌리티,0.6,7,67.31,3,1.23,WATCH,1차 필터(AND) 조건 미충족
14923506,2026-10-01 11:12:46,439960,코스모로보틱스,0.1,-6,99.47,1,18.35,WATCH,1차 필터(AND) 조건 미충족
14923506,2026-10-01 11:12:46,266690,덕산넵코어스,0.1,1,88.08,2,1.56,WATCH,1차 필터(AND) 조건 미충족
14923506,2026-10-01 11:12:46,490470,세미파이브,0.7,6,105.75,2,11.11,WATCH,1차 필터(AND) 조건 미충족
14923506,2026-10-01 11:12:46,468670,브릴스,0.1,-2,74.11,1,99.74,WATCH,1차 필터(AND) 조건 미충족
14923506,2026-10-01 11:12:46,486510,글로벌테크놀로지,0.1,2,82.53,3,-3.14,WATCH,1차 필터(AND) 조건 미충족
14923506,2026-10-01 11:12:46,000660,SK하이닉스,0.7,6,104.2,4,0.17,WATCH,1차 필터(AND) 조건 미충족
14923510,2026-10-01 11:22:12,008970,KBI동양철관,0.3,5,76.29,2,-1.69,WATCH,1차 필터(AND) 조건 미충족
14923510,2026-10-01 11:22:12,005930,삼성전자,0.2,2,125.92,4,0.19,WATCH,1차 필터(AND) 조건 미충족
14923510,2026-10-01 11:22:12,047040,대우건설,0.4,5,73.6,4,0.62,WATCH,1차 필터(AND) 조건 미충족
14923510,2026-10-01 11:22:12,009830,한화솔루션,0.3,-3,93.04,4,-1.03,HOLD,보유 유지 (수익률: 4.66%)
14923510,2026-10-01 11:22:12,002710,TCC스틸,0.3,4,67.05,1,-0.86,WATCH,1차 필터(AND) 조건 미충족
14923510,2026-10-01 11:22:12,034020,두산에너빌리티,0.6,7,67.98,3,1.35,WATCH,1차 필터(AND) 조건 미충족
14923510,2026-10-01 11:22:12,439960,코스모로보틱스,0.1,-6,99.75,1,20.61,WATCH,1차 필터(AND) 조건 미충족
14923510,2026-10-01 11:22:12,266690,덕산넵코어스,0.3,1,88.46,2,1.33,WATCH,1차 필터(AND) 조건 미충족
14923510,2026-10-01 11:22:12,468670,브릴스,0.1,-6,74.0,1,100.51,WATCH,1차 필터(AND) 조건 미충족
14923510,2026-10-01 11:22:12,490470,세미파이브,0.7,6,105.11,2,10.02,WATCH,1차 필터(AND) 조건 미충족
14923510,2026-10-01 11:22:12,486510,글로벌테크놀로지,0.2,3,81.67,3,-4.08,WATCH,1차 필터(AND) 조건 미충족
14923510,2026-10-01 11:22:12,000660,SK하이닉스,0.7,6,105.42,4,0.28,WATCH,1차 필터(AND) 조건 미충족
14923515,2026-10-01 11:32:50,008970,KBI동양철관,0.3,6,76.25,2,-1.55,WATCH,1차 필터(AND) 조건 미충족
14923515,2026-10-01 11:32:50,005930,삼성전자,0.2,1,132.94,4,0.56,WATCH,1차 필터(AND) 조건 미충족
14923515,2026-10-01 11:32:50,047040,대우건설,0.4,5,75.37,4,0.79,WATCH,1차 필터(AND) 조건 미충족
14923515,2026-10-01 11:32:50,009830,한화솔루션,0.4,2,93.06,4,-0.88,HOLD,보유 유지 (수익률: 4.82%)
14923515,2026-10-01 11:32:50,002710,TCC스틸,0.3,4,66.98,1,-1.36,WATCH,1차 필터(AND) 조건 미충족
14923515,2026-10-01 11:32:50,034020,두산에너빌리티,0.5,7,69.67,3,1.35,WATCH,1차 필터(AND) 조건 미충족
14923515,2026-10-01 11:32:50,439960,코스모로보틱스,0.1,-5,100.91,1,22.07,WATCH,1차 필터(AND) 조건 미충족
14923515,2026-10-01 11:32:50,266690,덕산넵코어스,0.2,2,88.49,2,1.95,WATCH,1차 필터(AND) 조건 미충족
14923515,2026-10-01 11:32:50,468670,브릴스,0.1,-8,73.5,1,99.23,WATCH,1차 필터(AND) 조건 미충족
14923515,2026-10-01 11:32:50,490470,세미파이브,0.4,5,103.99,2,10.02,WATCH,1차 필터(AND) 조건 미충족
14923515,2026-10-01 11:32:50,486510,글로벌테크놀로지,0.2,3,81.43,3,-4.03,WATCH,1차 필터(AND) 조건 미충족
14923515,2026-10-01 11:32:50,000660,SK하이닉스,0.7,6,110.88,4,1.13,WATCH,1차 필터(AND) 조건 미충족
14923521,2026-10-01 11:43:31,008970,KBI동양철관,0.3,6,75.91,2,-2.63,WATCH,1차 필터(AND) 조건 미충족
14923521,2026-10-01 11:43:31,005930,삼성전자,0.2,0,138.57,4,0.56,WATCH,1차 필터(AND) 조건 미충족
14923521,2026-10-01 11:43:31,047040,대우건설,0.4,5,77.18,4,0.79,WATCH,1차 필터(AND) 조건 미충족
14923521,2026-10-01 11:43:31,009830,한화솔루션,0.4,2,92.07,4,-1.18,HOLD,보유 유지 (수익률: 4.51%)
14923521,2026-10-01 11:43:31,002710,TCC스틸,0.3,4,67.82,1,-0.86,WATCH,1차 필터(AND) 조건 미충족
14923521,2026-10-01 11:43:31,034020,두산에너빌리티,0.7,7,70.08,3,1.47,WATCH,1차 필터(AND) 조건 미충족
14923521,2026-10-01 11:43:31,439960,코스모로보틱스,0.3,-8,100.92,1,21.14,WATCH,1차 필터(AND) 조건 미충족
14923521,2026-10-01 11:43:31,266690,덕산넵코어스,0.4,3,88.03,2,1.06,WATCH,1차 필터(AND) 조건 미충족
14923521,2026-10-01 11:43:31,468670,브릴스,0.3,-5,73.84,1,99.49,WATCH,1차 필터(AND) 조건 미충족
14923521,2026-10-01 11:43:31,490470,세미파이브,0.7,7,102.54,2,9.47,WATCH,1차 필터(AND) 조건 미충족
14923521,2026-10-01 11:43:31,486510,글로벌테크놀로지,0.2,-4,80.62,3,-4.61,WATCH,1차 필터(AND) 조건 미충족
14923521,2026-10-01 11:43:31,000660,SK하이닉스,0.7,6,109.9,4,1.07,WATCH,1차 필터(AND) 조건 미충족
14923525,2026-10-01 11:52:11,008970,KBI동양철관,0.3,6,76.06,2,-2.09,WATCH,1차 필터(AND) 조건 미충족
14923525,2026-10-01 11:52:11,005930,삼성전자,0.2,1,140.94,4,0.93,WATCH,1차 필터(AND) 조건 미충족
14923525,2026-10-01 11:52:11,047040,대우건설,0.5,7,80.08,4,0.96,WATCH,1차 필터(AND) 조건 미충족
14923525,2026-10-01 11:52:11,009830,한화솔루션,0.4,2,91.87,4,-0.74,HOLD,보유 유지 (수익률: 4.98%)
14923525,2026-10-01 11:52:11,002710,TCC스틸,0.3,4,67.75,1,-1.14,WATCH,1차 필터(AND) 조건 미충족
14923525,2026-10-01 11:52:11,034020,두산에너빌리티,0.7,7,72.38,3,1.59,WATCH,1차 필터(AND) 조건 미충족
14923525,2026-10-01 11:52:11,439960,코스모로보틱스,0.3,-5,100.49,1,21.14,WATCH,1차 필터(AND) 조건 미충족
14923525,2026-10-01 11:52:11,266690,덕산넵코어스,0.1,0,86.69,2,0.28,WATCH,1차 필터(AND) 조건 미충족
14923525,2026-10-01 11:52:11,468670,브릴스,0.3,1,75.68,1,101.28,WATCH,1차 필터(AND) 조건 미충족
14923525,2026-10-01 11:52:11,490470,세미파이브,0.7,7,102.95,2,10.56,WATCH,1차 필터(AND) 조건 미충족
14923525,2026-10-01 11:52:11,486510,글로벌테크놀로지,0.2,-4,78.88,3,-6.28,WATCH,1차 필터(AND) 조건 미충족
14923525,2026-10-01 11:52:11,000660,SK하이닉스,0.6,8,108.67,4,1.18,WATCH,1차 필터(AND) 조건 미충족
14923530,2026-10-01 12:02:42,008970,KBI동양철관,0.3,2,75.99,2,-2.16,WATCH,1차 필터(AND) 조건 미충족
14923530,2026-10-01 12:02:42,005930,삼성전자,0.1,0,145.41,4,0.84,WATCH,1차 필터(AND) 조건 미충족
14923530,2026-10-01 12:02:42,047040,대우건설,0.5,7,80.99,4,1.07,WATCH,1차 필터(AND) 조건 미충족
14923530,2026-10-01 12:02:42,009830,한화솔루션,0.4,2,91.13,4,-1.18,HOLD,보유 유지 (수익률: 4.51%)
14923530,2026-10-01 12:02:42,002710,TCC스틸,0.3,4,67.91,1,-1.14,WATCH,1차 필터(AND) 조건 미충족
14923530,2026-10-01 12:02:42,439960,코스모로보틱스,0.2,-5,100.52,1,21.54,WATCH,1차 필터(AND) 조건 미충족
14923530,2026-10-01 12:02:42,266690,덕산넵코어스,0.3,1,86.7,2,0.95,WATCH,1차 필터(AND) 조건 미충족
14923530,2026-10-01 12:02:42,468670,브릴스,0.2,-3,72.7,1,86.67,WATCH,1차 필터(AND) 조건 미충족
14923530,2026-10-01 12:02:42,490470,세미파이브,0.6,3,103.63,2,10.29,WATCH,1차 필터(AND) 조건 미충족
14923530,2026-10-01 12:02:42,486510,글로벌테크놀로지,0.1,-2,78.92,3,-5.13,WATCH,1차 필터(AND) 조건 미충족
14923530,2026-10-01 12:02:42,000660,SK하이닉스,0.6,8,112.14,4,1.46,WATCH,1차 필터(AND) 조건 미충족
14923530,2026-10-01 12:02:42,034020,두산에너빌리티,0.7,7,74.04,3,1.72,WATCH,1차 필터(AND) 조건 미충족
14923536,2026-10-01 12:12:59,008970,KBI동양철관,0.3,3,76.16,2,-2.36,WATCH,1차 필터(AND) 조건 미충족
14923536,2026-10-01 12:12:59,005930,삼성전자,0.1,-2,149.21,4,1.12,WATCH,1차 필터(AND) 조건 미충족
14923536,2026-10-01 12:12:59,047040,대우건설,0.5,7,80.67,4,0.73,WATCH,1차 필터(AND) 조건 미충족
14923536,2026-10-01 12:12:59,009830,한화솔루션,0.4,1,90.13,4,-1.33,HOLD,보유 유지 (수익률: 4.35%)
14923536,2026-10-01 12:12:59,002710,TCC스틸,0.3,4,67.6,1,-1.21,WATCH,1차 필터(AND) 조건 미충족
14923536,2026-10-01 12:12:59,439960,코스모로보틱스,0.2,-5,99.17,1,19.15,WATCH,1차 필터(AND) 조건 미충족
14923536,2026-10-01 12:12:59,266690,덕산넵코어스,0.3,1,86.47,2,0.61,WATCH,1차 필터(AND) 조건 미충족
14923536,2026-10-01 12:12:59,468670,브릴스,0.2,-5,72.17,1,83.59,WATCH,1차 필터(AND) 조건 미충족
14923536,2026-10-01 12:12:59,490470,세미파이브,0.6,3,103.34,2,9.74,WATCH,1차 필터(AND) 조건 미충족
14923536,2026-10-01 12:12:59,486510,글로벌테크놀로지,0.3,2,78.8,3,-4.61,WATCH,1차 필터(AND) 조건 미충족
14923536,2026-10-01 12:12:59,000660,SK하이닉스,0.7,4,112.45,4,1.86,WATCH,1차 필터(AND) 조건 미충족
14923536,2026-10-01 12:12:59,034020,두산에너빌리티,0.7,7,73.76,3,1.47,WATCH,1차 필터(AND) 조건 미충족
14923540,2026-10-01 12:22:14,008970,KBI동양철관,0.2,3,75.98,2,-2.49,WATCH,1차 필터(AND) 조건 미충족
14923540,2026-10-01 12:22:14,005930,삼성전자,0.1,-2,148.09,4,1.02,WATCH,1차 필터(AND) 조건 미충족
14923540,2026-10-01 12:22:14,047040,대우건설,0.5,7,81.16,4,0.79,WATCH,1차 필터(AND) 조건 미충족
14923540,2026-10-01 12:22:14,009830,한화솔루션,0.3,1,88.65,4,-1.47,HOLD,보유 유지 (수익률: 4.20%)
14923540,2026-10-01 12:22:14,002710,TCC스틸,0.3,4,67.1,1,-1.64,WATCH,1차 필터(AND) 조건 미충족
14923540,2026-10-01 12:22:14,439960,코스모로보틱스,0.1,-7,98.79,1,18.88,WATCH,1차 필터(AND) 조건 미충족
14923540,2026-10-01 12:22:14,266690,덕산넵코어스,0.3,1,87.17,2,1.78,WATCH,1차 필터(AND) 조건 미충족
14923540,2026-10-01 12:22:14,468670,브릴스,0.1,-5,71.58,1,76.92,WATCH,1차 필터(AND) 조건 미충족
14923540,2026-10-01 12:22:14,490470,세미파이브,0.6,3,104.76,2,10.97,WATCH,1차 필터(AND) 조건 미충족
14923540,2026-10-01 12:22:14,486510,글로벌테크놀로지,0.0,-1,78.49,3,-5.76,WATCH,1차 필터(AND) 조건 미충족
14923540,2026-10-01 12:22:14,000660,SK하이닉스,0.5,4,111.27,4,1.58,WATCH,1차 필터(AND) 조건 미충족
14923540,2026-10-01 12:22:14,034020,두산에너빌리티,0.7,7,74.91,3,1.47,WATCH,1차 필터(AND) 조건 미충족
14923546,2026-10-01 12:32:55,008970,KBI동양철관,0.5,6,74.5,2,-4.25,WATCH,1차 필터(AND) 조건 미충족
14923546,2026-10-01 12:32:55,005930,삼성전자,0.1,-2,151.31,4,0.93,WATCH,1차 필터(AND) 조건 미충족
14923546,2026-10-01 12:32:55,047040,대우건설,0.6,7,83.45,4,1.07,WATCH,1차 필터(AND) 조건 미충족
14923546,2026-10-01 12:32:55,009830,한화솔루션,0.3,0,89.19,4,-1.03,HOLD,보유 유지 (수익률: 4.66%)
14923546,2026-10-01 12:32:55,002710,TCC스틸,0.3,4,66.91,1,-1.78,WATCH,1차 필터(AND) 조건 미충족
14923546,2026-10-01 12:32:55,439960,코스모로보틱스,0.2,-5,98.21,1,19.15,WATCH,1차 필터(AND) 조건 미충족
14923546,2026-10-01 12:32:55,266690,덕산넵코어스,0.2,1,86.84,2,0.5,WATCH,1차 필터(AND) 조건 미충족
14923546,2026-10-01 12:32:55,396300,HT로보틱스,0.6,3,104.55,2,16.08,WATCH,1차 필터(AND) 조건 미충족
14923546,2026-10-01 12:32:55,468670,브릴스,0.1,-7,73.42,1,81.03,WATCH,1차 필터(AND) 조건 미충족
14923546,2026-10-01 12:32:55,490470,세미파이브,0.6,3,104.84,2,11.38,WATCH,1차 필터(AND) 조건 미충족
14923546,2026-10-01 12:32:55,486510,글로벌테크놀로지,0.0,-1,77.69,3,-6.49,WATCH,1차 필터(AND) 조건 미충족
14923546,2026-10-01 12:32:55,000660,SK하이닉스,0.7,5,110.29,4,1.35,WATCH,1차 필터(AND) 조건 미충족
14923546,2026-10-01 12:32:55,034020,두산에너빌리티,0.7,7,75.17,3,1.47,WATCH,1차 필터(AND) 조건 미충족
14923551,2026-10-01 12:43:33,008970,KBI동양철관,0.3,2,74.16,2,-4.32,WATCH,1차 필터(AND) 조건 미충족
14923551,2026-10-01 12:43:33,005930,삼성전자,0.1,0,149.69,4,1.12,WATCH,1차 필터(AND) 조건 미충족
14923551,2026-10-01 12:43:33,047040,대우건설,0.6,7,83.73,4,1.01,WATCH,1차 필터(AND) 조건 미충족
14923551,2026-10-01 12:43:33,009830,한화솔루션,0.3,0,89.41,4,-0.59,HOLD,보유 유지 (수익률: 5.13%)
14923551,2026-10-01 12:43:33,002710,TCC스틸,0.3,4,67.36,1,-1.71,WATCH,1차 필터(AND) 조건 미충족
14923551,2026-10-01 12:43:33,034020,두산에너빌리티,0.7,7,75.3,3,1.35,WATCH,1차 필터(AND) 조건 미충족
14923551,2026-10-01 12:43:33,439960,코스모로보틱스,0.2,-5,98.43,1,20.08,WATCH,1차 필터(AND) 조건 미충족
14923551,2026-10-01 12:43:33,266690,덕산넵코어스,0.2,1,86.32,2,0.44,WATCH,1차 필터(AND) 조건 미충족
14923551,2026-10-01 12:43:33,396300,HT로보틱스,0.4,5,100.84,2,14.23,WATCH,1차 필터(AND) 조건 미충족
14923551,2026-10-01 12:43:33,468670,브릴스,0.2,-7,72.72,1,69.23,WATCH,1차 필터(AND) 조건 미충족
14923551,2026-10-01 12:43:33,490470,세미파이브,0.6,3,105.33,2,11.66,WATCH,1차 필터(AND) 조건 미충족
14923551,2026-10-01 12:43:33,486510,글로벌테크놀로지,0.1,1,77.29,3,-6.44,WATCH,1차 필터(AND) 조건 미충족
14923551,2026-10-01 12:43:33,000660,SK하이닉스,0.6,4,109.3,4,1.41,WATCH,1차 필터(AND) 조건 미충족
14923552,2026-10-01 12:46:33,008970,KBI동양철관,0.3,2,74.07,2,-4.79,WATCH,1차 필터(AND) 조건 미충족
14923552,2026-10-01 12:46:33,005930,삼성전자,0.2,1,152.76,4,1.4,WATCH,1차 필터(AND) 조건 미충족
14923552,2026-10-01 12:46:33,047040,대우건설,0.6,7,83.26,4,0.73,WATCH,1차 필터(AND) 조건 미충족
14923552,2026-10-01 12:46:33,009830,한화솔루션,0.3,-1,89.35,4,-0.59,HOLD,보유 유지 (수익률: 5.13%)
14923552,2026-10-01 12:46:33,002710,TCC스틸,0.3,4,67.23,1,-1.85,WATCH,1차 필터(AND) 조건 미충족
14923552,2026-10-01 12:46:33,034020,두산에너빌리티,0.7,7,75.43,3,1.35,WATCH,1차 필터(AND) 조건 미충족
14923552,2026-10-01 12:46:33,439960,코스모로보틱스,0.1,-3,98.39,1,19.81,WATCH,1차 필터(AND) 조건 미충족
14923552,2026-10-01 12:46:33,266690,덕산넵코어스,0.2,1,86.16,2,0.11,WATCH,1차 필터(AND) 조건 미충족
14923552,2026-10-01 12:46:33,396300,HT로보틱스,0.4,5,100.79,2,14.79,WATCH,1차 필터(AND) 조건 미충족
14923552,2026-10-01 12:46:33,468670,브릴스,0.2,-6,73.04,1,70.51,WATCH,1차 필터(AND) 조건 미충족
14923552,2026-10-01 12:46:33,490470,세미파이브,0.6,3,105.42,2,11.66,WATCH,1차 필터(AND) 조건 미충족
14923552,2026-10-01 12:46:33,486510,글로벌테크놀로지,0.1,1,76.58,3,-6.7,WATCH,1차 필터(AND) 조건 미충족
14923552,2026-10-01 12:46:33,000660,SK하이닉스,0.6,4,109.49,4,1.69,WATCH,1차 필터(AND) 조건 미충족
14923555,2026-10-01 12:51:45,008970,KBI동양철관,0.3,2,74.23,2,-4.72,WATCH,1차 필터(AND) 조건 미충족
14923555,2026-10-01 12:51:45,005930,삼성전자,0.1,1,155.09,4,1.58,WATCH,1차 필터(AND) 조건 미충족
14923555,2026-10-01 12:51:45,047040,대우건설,0.3,7,83.61,4,0.73,WATCH,1차 필터(AND) 조건 미충족
14923555,2026-10-01 12:51:45,009830,한화솔루션,0.2,-2,88.46,4,-0.88,HOLD,보유 유지 (수익률: 4.82%)
14923555,2026-10-01 12:51:45,002710,TCC스틸,0.3,4,67.35,1,-1.57,WATCH,1차 필터(AND) 조건 미충족
14923555,2026-10-01 12:51:45,034020,두산에너빌리티,0.4,6,76.08,3,1.23,WATCH,1차 필터(AND) 조건 미충족
14923555,2026-10-01 12:51:45,439960,코스모로보틱스,0.1,-3,98.67,1,20.74,WATCH,1차 필터(AND) 조건 미충족
14923555,2026-10-01 12:51:45,266690,덕산넵코어스,0.2,1,85.78,2,-0.11,WATCH,1차 필터(AND) 조건 미충족
14923555,2026-10-01 12:51:45,396300,HT로보틱스,0.3,5,100.59,2,14.79,WATCH,1차 필터(AND) 조건 미충족
14923555,2026-10-01 12:51:45,468670,브릴스,0.2,-4,74.1,1,77.18,WATCH,1차 필터(AND) 조건 미충족
14923555,2026-10-01 12:51:45,490470,세미파이브,0.4,7,105.05,2,11.11,WATCH,1차 필터(AND) 조건 미충족
14923555,2026-10-01 12:51:45,486510,글로벌테크놀로지,0.1,1,76.22,3,-7.28,WATCH,1차 필터(AND) 조건 미충족
14923555,2026-10-01 12:51:45,000660,SK하이닉스,0.4,3,109.61,4,1.75,WATCH,1차 필터(AND) 조건 미충족
14923561,2026-10-01 13:02:47,008970,KBI동양철관,0.3,2,74.42,2,-4.72,WATCH,1차 필터(AND) 조건 미충족
14923561,2026-10-01 13:02:47,005930,삼성전자,0.1,1,160.89,4,2.05,WATCH,1차 필터(AND) 조건 미충족
14923561,2026-10-01 13:02:47,047040,대우건설,0.5,5,83.98,4,0.79,WATCH,1차 필터(AND) 조건 미충족
14923561,2026-10-01 13:02:47,009830,한화솔루션,0.3,-3,87.72,4,-1.18,HOLD,보유 유지 (수익률: 4.51%)
14923561,2026-10-01 13:02:47,002710,TCC스틸,0.3,4,67.38,1,-1.0,WATCH,1차 필터(AND) 조건 미충족
14923561,2026-10-01 13:02:47,034020,두산에너빌리티,0.4,6,76.89,3,1.35,WATCH,1차 필터(AND) 조건 미충족
14923561,2026-10-01 13:02:47,439960,코스모로보틱스,0.2,-6,100.75,1,24.07,WATCH,1차 필터(AND) 조건 미충족
14923561,2026-10-01 13:02:47,266690,덕산넵코어스,0.2,-2,83.71,2,-4.0,WATCH,1차 필터(AND) 조건 미충족
14923561,2026-10-01 13:02:47,396300,HT로보틱스,0.3,5,99.18,2,13.86,WATCH,1차 필터(AND) 조건 미충족
14923561,2026-10-01 13:02:47,468670,브릴스,0.1,-8,73.2,1,66.67,WATCH,1차 필터(AND) 조건 미충족
14923561,2026-10-01 13:02:47,490470,세미파이브,0.6,5,104.82,2,10.84,WATCH,1차 필터(AND) 조건 미충족
14923561,2026-10-01 13:02:47,486510,글로벌테크놀로지,0.1,-5,76.01,3,-7.38,WATCH,1차 필터(AND) 조건 미충족
14923561,2026-10-01 13:02:47,010170,대한광통신,0.5,3,100.62,4,1.5,WATCH,1차 필터(AND) 조건 미충족
14923561,2026-10-01 13:02:47,000660,SK하이닉스,0.6,4,112.74,4,2.03,WATCH,1차 필터(AND) 조건 미충족
14923566,2026-10-01 13:13:13,008970,KBI동양철관,0.4,5,74.52,2,-5.06,WATCH,1차 필터(AND) 조건 미충족
14923566,2026-10-01 13:13:13,005930,삼성전자,0.2,2,162.9,4,2.14,WATCH,1차 필터(AND) 조건 미충족
14923566,2026-10-01 13:13:13,047040,대우건설,0.6,4,84.56,4,0.68,WATCH,1차 필터(AND) 조건 미충족
14923566,2026-10-01 13:13:13,009830,한화솔루션,0.3,-2,87.91,4,-0.88,HOLD,보유 유지 (수익률: 4.82%)
14923566,2026-10-01 13:13:13,002710,TCC스틸,0.3,4,67.02,1,-1.43,WATCH,1차 필터(AND) 조건 미충족
14923566,2026-10-01 13:13:13,439960,코스모로보틱스,0.3,-7,99.79,1,21.81,WATCH,1차 필터(AND) 조건 미충족
14923566,2026-10-01 13:13:13,396300,HT로보틱스,0.3,5,99.08,2,13.68,WATCH,1차 필터(AND) 조건 미충족
14923566,2026-10-01 13:13:13,266690,덕산넵코어스,0.2,-2,83.56,2,-3.67,WATCH,1차 필터(AND) 조건 미충족
14923566,2026-10-01 13:13:13,036540,SFA반도체,0.5,7,109.81,1,2.04,WATCH,1차 필터(AND) 조건 미충족
14923566,2026-10-01 13:13:13,468670,브릴스,0.1,-5,74.05,1,68.97,WATCH,1차 필터(AND) 조건 미충족
14923566,2026-10-01 13:13:13,490470,세미파이브,0.7,6,104.86,2,10.84,WATCH,1차 필터(AND) 조건 미충족
14923566,2026-10-01 13:13:13,486510,글로벌테크놀로지,0.2,-4,75.89,3,-6.86,WATCH,1차 필터(AND) 조건 미충족
14923566,2026-10-01 13:13:13,010170,대한광통신,0.5,3,100.43,4,1.62,WATCH,1차 필터(AND) 조건 미충족
14923566,2026-10-01 13:13:13,000660,SK하이닉스,0.6,6,113.29,4,2.03,WATCH,1차 필터(AND) 조건 미충족
14923566,2026-10-01 13:13:13,034020,두산에너빌리티,0.4,6,77.25,3,1.35,WATCH,1차 필터(AND) 조건 미충족
14923571,2026-10-01 13:23:27,008970,KBI동양철관,0.1,0,75.29,2,-3.91,WATCH,1차 필터(AND) 조건 미충족
14923571,2026-10-01 13:23:27,005930,삼성전자,0.2,0,158.33,4,1.68,WATCH,1차 필터(AND) 조건 미충족
14923571,2026-10-01 13:23:27,047040,대우건설,0.6,4,85.02,4,0.73,WATCH,1차 필터(AND) 조건 미충족
14923571,2026-10-01 13:23:27,009830,한화솔루션,0.3,-2,89.39,4,-0.15,HOLD,보유 유지 (수익률: 5.60%)
14923571,2026-10-01 13:23:27,002710,TCC스틸,0.3,4,67.47,1,-1.14,WATCH,1차 필터(AND) 조건 미충족
14923571,2026-10-01 13:23:27,034020,두산에너빌리티,0.4,6,75.79,3,1.1,WATCH,1차 필터(AND) 조건 미충족
14923571,2026-10-01 13:23:27,439960,코스모로보틱스,0.1,-8,98.78,1,21.28,WATCH,1차 필터(AND) 조건 미충족
14923571,2026-10-01 13:23:27,396300,HT로보틱스,0.4,8,98.01,2,13.86,WATCH,1차 필터(AND) 조건 미충족
14923571,2026-10-01 13:23:27,266690,덕산넵코어스,0.2,-2,83.25,2,-3.89,WATCH,1차 필터(AND) 조건 미충족
14923571,2026-10-01 13:23:27,036540,SFA반도체,0.5,6,109.17,1,1.39,WATCH,1차 필터(AND) 조건 미충족
14923571,2026-10-01 13:23:27,468670,브릴스,0.1,-7,74.81,1,73.85,WATCH,1차 필터(AND) 조건 미충족
14923571,2026-10-01 13:23:27,490470,세미파이브,0.6,5,105.01,2,11.38,WATCH,1차 필터(AND) 조건 미충족
14923571,2026-10-01 13:23:27,486510,글로벌테크놀로지,0.1,-2,76.03,3,-6.6,WATCH,1차 필터(AND) 조건 미충족
14923571,2026-10-01 13:23:27,010170,대한광통신,0.5,3,101.71,4,1.56,WATCH,1차 필터(AND) 조건 미충족
14923571,2026-10-01 13:23:27,000660,SK하이닉스,0.7,7,112.77,4,1.97,WATCH,1차 필터(AND) 조건 미충족
14923575,2026-10-01 13:32:34,008970,KBI동양철관,0.2,3,75.68,2,-3.84,WATCH,1차 필터(AND) 조건 미충족
14923575,2026-10-01 13:32:34,005930,삼성전자,0.3,0,160.72,4,2.14,WATCH,1차 필터(AND) 조건 미충족
14923575,2026-10-01 13:32:34,047040,대우건설,0.4,5,85.71,4,0.68,WATCH,1차 필터(AND) 조건 미충족
14923575,2026-10-01 13:32:34,009830,한화솔루션,0.3,-2,89.39,4,-0.29,HOLD,보유 유지 (수익률: 5.44%)
14923575,2026-10-01 13:32:34,002710,TCC스틸,0.3,4,68.09,1,-0.21,WATCH,1차 필터(AND) 조건 미충족
14923575,2026-10-01 13:32:34,034020,두산에너빌리티,0.4,6,75.57,3,0.98,WATCH,1차 필터(AND) 조건 미충족
14923575,2026-10-01 13:32:34,439960,코스모로보틱스,0.1,-8,97.49,1,19.68,WATCH,1차 필터(AND) 조건 미충족
14923575,2026-10-01 13:32:34,396300,HT로보틱스,0.5,7,97.0,2,12.94,WATCH,1차 필터(AND) 조건 미충족
14923575,2026-10-01 13:32:34,266690,덕산넵코어스,0.2,-2,82.07,2,-4.84,WATCH,1차 필터(AND) 조건 미충족
14923575,2026-10-01 13:32:34,468670,브릴스,0.1,-7,74.78,1,68.72,WATCH,1차 필터(AND) 조건 미충족
14923575,2026-10-01 13:32:34,036540,SFA반도체,0.6,4,107.92,1,1.21,WATCH,1차 필터(AND) 조건 미충족
14923575,2026-10-01 13:32:34,490470,세미파이브,0.7,6,104.86,2,11.11,WATCH,1차 필터(AND) 조건 미충족
14923575,2026-10-01 13:32:34,486510,글로벌테크놀로지,0.2,-5,75.28,3,-7.23,WATCH,1차 필터(AND) 조건 미충족
14923575,2026-10-01 13:32:34,010170,대한광통신,0.5,3,100.9,4,1.2,WATCH,1차 필터(AND) 조건 미충족
14923575,2026-10-01 13:32:34,000660,SK하이닉스,0.7,5,113.43,4,2.08,WATCH,1차 필터(AND) 조건 미충족
14923581,2026-10-01 13:42:58,008970,KBI동양철관,0.2,3,76.53,2,-2.7,WATCH,1차 필터(AND) 조건 미충족
14923581,2026-10-01 13:42:58,005930,삼성전자,0.1,1,157.39,4,1.68,WATCH,1차 필터(AND) 조건 미충족
14923581,2026-10-01 13:42:58,047040,대우건설,0.3,3,86.29,4,0.68,WATCH,1차 필터(AND) 조건 미충족
14923581,2026-10-01 13:42:58,009830,한화솔루션,0.3,-2,90.07,4,-0.15,HOLD,보유 유지 (수익률: 5.60%)
14923581,2026-10-01 13:42:58,002710,TCC스틸,0.3,4,68.84,1,0.07,WATCH,1차 필터(AND) 조건 미충족
14923581,2026-10-01 13:42:58,034020,두산에너빌리티,0.4,4,77.76,3,1.04,WATCH,1차 필터(AND) 조건 미충족
14923581,2026-10-01 13:42:58,439960,코스모로보틱스,0.1,-5,95.83,1,17.82,WATCH,1차 필터(AND) 조건 미충족
14923581,2026-10-01 13:42:58,396300,HT로보틱스,0.3,2,94.09,2,11.09,WATCH,1차 필터(AND) 조건 미충족
14923581,2026-10-01 13:42:58,266690,덕산넵코어스,0.2,-2,81.64,2,-5.01,WATCH,1차 필터(AND) 조건 미충족
14923581,2026-10-01 13:42:58,468670,브릴스,0.1,-3,76.76,1,77.44,WATCH,1차 필터(AND) 조건 미충족
14923581,2026-10-01 13:42:58,036540,SFA반도체,0.3,3,107.38,1,0.93,WATCH,1차 필터(AND) 조건 미충족
14923581,2026-10-01 13:42:58,490470,세미파이브,0.7,6,104.91,2,11.66,WATCH,1차 필터(AND) 조건 미충족
14923581,2026-10-01 13:42:58,486510,글로벌테크놀로지,0.2,-5,74.4,3,-9.27,WATCH,1차 필터(AND) 조건 미충족
14923581,2026-10-01 13:42:58,010170,대한광통신,0.5,3,99.05,4,0.96,WATCH,1차 필터(AND) 조건 미충족
14923581,2026-10-01 13:42:58,000660,SK하이닉스,0.4,3,112.85,4,1.91,WATCH,1차 필터(AND) 조건 미충족
14923586,2026-10-01 13:52:54,008970,KBI동양철관,0.2,3,77.44,2,-1.55,WATCH,1차 필터(AND) 조건 미충족
14923586,2026-10-01 13:52:54,005930,삼성전자,0.1,2,157.13,4,1.86,WATCH,1차 필터(AND) 조건 미충족
14923586,2026-10-01 13:52:54,047040,대우건설,0.3,3,86.34,4,0.62,WATCH,1차 필터(AND) 조건 미충족
14923586,2026-10-01 13:52:54,009830,한화솔루션,0.3,-2,90.21,4,-0.29,HOLD,보유 유지 (수익률: 5.44%)
14923586,2026-10-01 13:52:54,002710,TCC스틸,0.3,4,69.32,1,0.07,WATCH,1차 필터(AND) 조건 미충족
14923586,2026-10-01 13:52:54,034020,두산에너빌리티,0.4,4,77.29,3,0.74,WATCH,1차 필터(AND) 조건 미충족
14923586,2026-10-01 13:52:54,439960,코스모로보틱스,0.1,-5,95.96,1,19.68,WATCH,1차 필터(AND) 조건 미충족
14923586,2026-10-01 13:52:54,396300,HT로보틱스,0.6,3,94.36,2,12.57,WATCH,1차 필터(AND) 조건 미충족
14923586,2026-10-01 13:52:54,266690,덕산넵코어스,0.2,-2,81.7,2,-4.28,WATCH,1차 필터(AND) 조건 미충족
14923586,2026-10-01 13:52:54,468670,브릴스,0.3,-5,76.49,1,72.82,WATCH,1차 필터(AND) 조건 미충족
14923586,2026-10-01 13:52:54,036540,SFA반도체,0.3,3,106.84,1,0.65,WATCH,1차 필터(AND) 조건 미충족
14923586,2026-10-01 13:52:54,490470,세미파이브,0.7,7,106.35,2,12.48,WATCH,1차 필터(AND) 조건 미충족
14923586,2026-10-01 13:52:54,486510,글로벌테크놀로지,0.2,-5,74.27,3,-8.95,WATCH,1차 필터(AND) 조건 미충족
14923586,2026-10-01 13:52:54,010170,대한광통신,0.5,5,97.29,4,0.54,WATCH,1차 필터(AND) 조건 미충족
14923586,2026-10-01 13:52:54,000660,SK하이닉스,0.4,4,113.55,4,2.03,WATCH,1차 필터(AND) 조건 미충족
14923591,2026-10-01 14:03:07,008970,KBI동양철관,0.2,3,77.02,2,-1.96,WATCH,1차 필터(AND) 조건 미충족
14923591,2026-10-01 14:03:07,005930,삼성전자,0.1,2,158.49,4,2.05,WATCH,1차 필터(AND) 조건 미충족
14923591,2026-10-01 14:03:07,047040,대우건설,0.3,4,87.06,4,0.68,WATCH,1차 필터(AND) 조건 미충족
14923591,2026-10-01 14:03:07,002710,TCC스틸,0.3,4,69.19,1,0.0,WATCH,1차 필터(AND) 조건 미충족
14923591,2026-10-01 14:03:07,034020,두산에너빌리티,0.4,4,77.97,3,0.86,WATCH,1차 필터(AND) 조건 미충족
14923591,2026-10-01 14:03:07,439960,코스모로보틱스,0.1,-5,95.88,1,19.41,WATCH,1차 필터(AND) 조건 미충족
14923591,2026-10-01 14:03:07,468670,브릴스,0.1,-3,75.65,1,67.95,WATCH,1차 필터(AND) 조건 미충족
14923591,2026-10-01 14:03:07,266690,덕산넵코어스,0.2,1,81.22,2,-5.06,WATCH,1차 필터(AND) 조건 미충족
14923591,2026-10-01 14:03:07,490470,세미파이브,0.7,7,106.68,2,12.48,WATCH,1차 필터(AND) 조건 미충족
14923591,2026-10-01 14:03:07,486510,글로벌테크놀로지,0.1,2,74.6,3,-7.54,WATCH,1차 필터(AND) 조건 미충족
14923591,2026-10-01 14:03:07,000660,SK하이닉스,0.4,3,113.64,4,2.14,WATCH,1차 필터(AND) 조건 미충족
14923596,2026-10-01 14:13:18,008970,KBI동양철관,0.2,3,76.92,2,-0.94,WATCH,1차 필터(AND) 조건 미충족
14923596,2026-10-01 14:13:18,005930,삼성전자,0.1,2,162.52,4,2.14,WATCH,1차 필터(AND) 조건 미충족
14923596,2026-10-01 14:13:18,047040,대우건설,0.3,4,84.96,4,0.34,WATCH,1차 필터(AND) 조건 미충족
14923596,2026-10-01 14:13:18,002710,TCC스틸,0.3,4,69.51,1,-0.57,WATCH,1차 필터(AND) 조건 미충족
14923596,2026-10-01 14:13:18,034020,두산에너빌리티,0.6,6,77.68,3,0.61,WATCH,1차 필터(AND) 조건 미충족
14923596,2026-10-01 14:13:18,439960,코스모로보틱스,0.1,-5,95.21,1,18.22,WATCH,1차 필터(AND) 조건 미충족
14923596,2026-10-01 14:13:18,468670,브릴스,0.2,-5,74.8,1,61.03,WATCH,1차 필터(AND) 조건 미충족
14923596,2026-10-01 14:13:18,266690,덕산넵코어스,0.2,1,81.24,2,-4.84,WATCH,1차 필터(AND) 조건 미충족
14923596,2026-10-01 14:13:18,490470,세미파이브,0.7,7,106.33,2,11.66,WATCH,1차 필터(AND) 조건 미충족
14923596,2026-10-01 14:13:18,486510,글로벌테크놀로지,0.2,-3,73.79,3,-9.63,WATCH,1차 필터(AND) 조건 미충족
14923596,2026-10-01 14:13:18,000660,SK하이닉스,0.5,2,118.44,4,2.7,WATCH,1차 필터(AND) 조건 미충족
14923601,2026-10-01 14:23:06,008970,KBI동양철관,0.2,3,77.21,2,-1.01,WATCH,1차 필터(AND) 조건 미충족
14923601,2026-10-01 14:23:06,005930,삼성전자,0.3,3,163.73,4,2.42,WATCH,1차 필터(AND) 조건 미충족
14923601,2026-10-01 14:23:06,047040,대우건설,0.5,5,83.34,4,0.17,WATCH,1차 필터(AND) 조건 미충족
14923601,2026-10-01 14:23:06,002710,TCC스틸,0.3,4,69.7,1,-0.43,WATCH,1차 필터(AND) 조건 미충족
14923601,2026-10-01 14:23:06,034020,두산에너빌리티,0.6,4,76.86,3,0.61,WATCH,1차 필터(AND) 조건 미충족
14923601,2026-10-01 14:23:06,439960,코스모로보틱스,0.1,-5,95.14,1,17.82,WATCH,1차 필터(AND) 조건 미충족
14923601,2026-10-01 14:23:06,468670,브릴스,0.1,-3,75.31,1,63.59,WATCH,1차 필터(AND) 조건 미충족
14923601,2026-10-01 14:23:06,266690,덕산넵코어스,0.2,1,79.84,2,-6.9,WATCH,1차 필터(AND) 조건 미충족
14923601,2026-10-01 14:23:06,490470,세미파이브,0.7,7,106.75,2,11.93,WATCH,1차 필터(AND) 조건 미충족
14923601,2026-10-01 14:23:06,486510,글로벌테크놀로지,0.2,-3,72.6,3,-11.26,WATCH,1차 필터(AND) 조건 미충족
14923601,2026-10-01 14:23:06,000660,SK하이닉스,0.4,2,120.17,4,3.04,WATCH,1차 필터(AND) 조건 미충족
14923606,2026-10-01 14:33:11,008970,KBI동양철관,0.2,3,78.1,2,-1.01,WATCH,1차 필터(AND) 조건 미충족
14923606,2026-10-01 14:33:11,005930,삼성전자,0.2,1,162.52,4,2.51,WATCH,1차 필터(AND) 조건 미충족
14923606,2026-10-01 14:33:11,047040,대우건설,0.3,3,80.25,4,-0.56,WATCH,1차 필터(AND) 조건 미충족
14923606,2026-10-01 14:33:11,002710,TCC스틸,0.3,4,69.83,1,-0.64,WATCH,1차 필터(AND) 조건 미충족
14923606,2026-10-01 14:33:11,034020,두산에너빌리티,0.6,6,73.72,3,0.37,WATCH,1차 필터(AND) 조건 미충족
14923606,2026-10-01 14:33:11,439960,코스모로보틱스,0.1,-5,94.02,1,16.76,WATCH,1차 필터(AND) 조건 미충족
14923606,2026-10-01 14:33:11,396300,HT로보틱스,0.3,4,94.1,2,14.05,WATCH,1차 필터(AND) 조건 미충족
14923606,2026-10-01 14:33:11,468670,브릴스,0.1,-3,74.91,1,59.49,WATCH,1차 필터(AND) 조건 미충족
14923606,2026-10-01 14:33:11,266690,덕산넵코어스,0.1,0,79.44,2,-7.12,WATCH,1차 필터(AND) 조건 미충족
14923606,2026-10-01 14:33:11,490470,세미파이브,0.5,5,106.72,2,11.93,WATCH,1차 필터(AND) 조건 미충족
14923606,2026-10-01 14:33:11,486510,글로벌테크놀로지,0.1,-2,72.6,3,-10.89,WATCH,1차 필터(AND) 조건 미충족
14923606,2026-10-01 14:33:11,000660,SK하이닉스,0.4,2,120.67,4,3.04,WATCH,1차 필터(AND) 조건 미충족
14923611,2026-10-01 14:43:18,008970,KBI동양철관,0.1,1,77.9,2,-0.74,WATCH,1차 필터(AND) 조건 미충족
14923611,2026-10-01 14:43:18,005930,삼성전자,0.3,3,160.46,4,2.23,WATCH,1차 필터(AND) 조건 미충족
14923611,2026-10-01 14:43:18,047040,대우건설,0.3,3,80.26,4,-0.28,WATCH,1차 필터(AND) 조건 미충족
14923611,2026-10-01 14:43:18,002710,TCC스틸,0.3,4,69.5,1,-0.64,WATCH,1차 필터(AND) 조건 미충족
14923611,2026-10-01 14:43:18,034020,두산에너빌리티,0.6,6,74.23,3,0.37,WATCH,1차 필터(AND) 조건 미충족
14923611,2026-10-01 14:43:18,439960,코스모로보틱스,0.1,-5,93.63,1,16.22,WATCH,1차 필터(AND) 조건 미충족
14923611,2026-10-01 14:43:18,468670,브릴스,0.1,-5,74.87,1,60.0,WATCH,1차 필터(AND) 조건 미충족
14923611,2026-10-01 14:43:18,266690,덕산넵코어스,0.2,1,78.87,2,-8.51,WATCH,1차 필터(AND) 조건 미충족
14923611,2026-10-01 14:43:18,490470,세미파이브,0.5,5,106.82,2,12.21,WATCH,1차 필터(AND) 조건 미충족
14923611,2026-10-01 14:43:18,486510,글로벌테크놀로지,0.1,-2,72.33,3,-11.2,WATCH,1차 필터(AND) 조건 미충족
14923611,2026-10-01 14:43:18,000660,SK하이닉스,0.3,4,120.49,4,2.82,WATCH,1차 필터(AND) 조건 미충족
14923616,2026-10-01 14:53:20,008970,KBI동양철관,0.1,1,78.1,2,-0.47,WATCH,1차 필터(AND) 조건 미충족
14923616,2026-10-01 14:53:20,005930,삼성전자,0.3,1,162.04,4,2.61,WATCH,1차 필터(AND) 조건 미충족
14923616,2026-10-01 14:53:20,047040,대우건설,0.3,3,80.71,4,0.0,WATCH,1차 필터(AND) 조건 미충족
14923616,2026-10-01 14:53:20,002710,TCC스틸,0.3,4,69.55,1,-0.93,WATCH,1차 필터(AND) 조건 미충족
14923616,2026-10-01 14:53:20,034020,두산에너빌리티,0.6,6,75.47,3,0.61,WATCH,1차 필터(AND) 조건 미충족
14923616,2026-10-01 14:53:20,439960,코스모로보틱스,0.1,-5,93.09,1,15.96,WATCH,1차 필터(AND) 조건 미충족
14923616,2026-10-01 14:53:20,396300,HT로보틱스,0.7,2,93.38,2,13.49,WATCH,1차 필터(AND) 조건 미충족
14923616,2026-10-01 14:53:20,468670,브릴스,0.1,-4,74.39,1,56.67,WATCH,1차 필터(AND) 조건 미충족
14923616,2026-10-01 14:53:20,266690,덕산넵코어스,0.2,-3,79.19,2,-7.45,WATCH,1차 필터(AND) 조건 미충족
14923616,2026-10-01 14:53:20,490470,세미파이브,0.8,3,107.02,2,12.21,WATCH,1차 필터(AND) 조건 미충족
14923616,2026-10-01 14:53:20,486510,글로벌테크놀로지,0.1,-2,74.5,3,-7.49,WATCH,1차 필터(AND) 조건 미충족
14923616,2026-10-01 14:53:20,010170,대한광통신,0.7,2,102.78,4,1.86,WATCH,1차 필터(AND) 조건 미충족
14923616,2026-10-01 14:53:20,000660,SK하이닉스,0.4,2,120.02,4,2.93,WATCH,1차 필터(AND) 조건 미충족
14923621,2026-10-01 15:03:28,008970,KBI동양철관,0.1,1,78.47,2,-0.34,WATCH,1차 필터(AND) 조건 미충족
14923621,2026-10-01 15:03:28,005930,삼성전자,0.3,1,161.11,4,2.61,WATCH,1차 필터(AND) 조건 미충족
14923621,2026-10-01 15:03:28,047040,대우건설,0.3,3,80.55,4,0.17,WATCH,1차 필터(AND) 조건 미충족
14923621,2026-10-01 15:03:28,009830,한화솔루션,0.2,-2,96.11,4,1.03,HOLD,보유 유지 (수익률: 6.85%)
14923621,2026-10-01 15:03:28,002710,TCC스틸,0.3,4,70.28,1,-0.07,WATCH,1차 필터(AND) 조건 미충족
14923621,2026-10-01 15:03:28,034020,두산에너빌리티,0.6,6,76.47,3,0.74,WATCH,1차 필터(AND) 조건 미충족
14923621,2026-10-01 15:03:28,439960,코스모로보틱스,0.1,-8,93.02,1,15.43,WATCH,1차 필터(AND) 조건 미충족
14923621,2026-10-01 15:03:28,396300,HT로보틱스,0.3,3,92.8,2,12.94,WATCH,1차 필터(AND) 조건 미충족
14923621,2026-10-01 15:03:28,468670,브릴스,0.2,-7,75.01,1,58.46,WATCH,1차 필터(AND) 조건 미충족
14923621,2026-10-01 15:03:28,266690,덕산넵코어스,0.2,-3,79.07,2,-7.4,WATCH,1차 필터(AND) 조건 미충족
14923621,2026-10-01 15:03:28,490470,세미파이브,0.8,3,107.06,2,12.07,WATCH,1차 필터(AND) 조건 미충족
14923621,2026-10-01 15:03:28,486510,글로벌테크놀로지,0.1,0,74.08,3,-9.27,WATCH,1차 필터(AND) 조건 미충족
14923621,2026-10-01 15:03:28,010170,대한광통신,0.4,5,103.61,4,1.86,WATCH,1차 필터(AND) 조건 미충족
14923621,2026-10-01 15:03:28,000660,SK하이닉스,0.3,4,119.71,4,2.98,WATCH,1차 필터(AND) 조건 미충족
14923626,2026-10-01 15:14:35,008970,KBI동양철관,0.1,1,78.41,2,-1.42,WATCH,1차 필터(AND) 조건 미충족
14923626,2026-10-01 15:14:35,005930,삼성전자,0.2,3,157.36,4,2.33,WATCH,1차 필터(AND) 조건 미충족
14923626,2026-10-01 15:14:35,047040,대우건설,0.3,3,80.19,4,0.11,WATCH,1차 필터(AND) 조건 미충족
14923626,2026-10-01 15:14:35,009830,한화솔루션,0.2,-2,96.13,4,1.18,HOLD,보유 유지 (수익률: 7.00%)
14923626,2026-10-01 15:14:35,034020,두산에너빌리티,0.6,6,74.65,3,0.49,WATCH,1차 필터(AND) 조건 미충족
14923626,2026-10-01 15:14:35,002710,TCC스틸,0.3,4,70.13,1,-0.21,WATCH,1차 필터(AND) 조건 미충족
14923626,2026-10-01 15:14:35,439960,코스모로보틱스,0.1,-8,93.03,1,14.49,WATCH,1차 필터(AND) 조건 미충족
14923626,2026-10-01 15:14:35,396300,HT로보틱스,0.3,3,92.58,2,12.94,WATCH,1차 필터(AND) 조건 미충족
14923626,2026-10-01 15:14:35,468670,브릴스,0.1,-4,74.6,1,55.38,WATCH,1차 필터(AND) 조건 미충족
14923626,2026-10-01 15:14:35,266690,덕산넵코어스,0.2,-3,79.41,2,-6.51,WATCH,1차 필터(AND) 조건 미충족
14923626,2026-10-01 15:14:35,490470,세미파이브,0.8,3,106.62,2,11.93,WATCH,1차 필터(AND) 조건 미충족
14923626,2026-10-01 15:14:35,486510,글로벌테크놀로지,0.0,-5,73.46,3,-10.47,WATCH,1차 필터(AND) 조건 미충족
14923626,2026-10-01 15:14:35,010170,대한광통신,0.4,7,103.41,4,1.74,WATCH,1차 필터(AND) 조건 미충족
14923626,2026-10-01 15:14:35,000660,SK하이닉스,0.3,5,118.71,4,2.98,WATCH,1차 필터(AND) 조건 미충족
14923630,2026-10-01 15:22:00,008970,KBI동양철관,0.1,1,78.36,2,-2.43,WATCH,1차 필터(AND) 조건 미충족
14923630,2026-10-01 15:22:00,005930,삼성전자,0.2,3,159.28,4,2.61,WATCH,1차 필터(AND) 조건 미충족
14923630,2026-10-01 15:22:00,047040,대우건설,0.3,5,80.49,4,0.11,WATCH,1차 필터(AND) 조건 미충족
14923630,2026-10-01 15:22:00,009830,한화솔루션,0.2,-2,96.61,4,0.88,HOLD,보유 유지 (수익률: 6.69%)
14923630,2026-10-01 15:22:00,034020,두산에너빌리티,0.6,6,73.76,3,0.49,WATCH,1차 필터(AND) 조건 미충족
14923630,2026-10-01 15:22:00,439960,코스모로보틱스,0.1,-8,93.06,1,15.03,WATCH,1차 필터(AND) 조건 미충족
14923630,2026-10-01 15:22:00,396300,HT로보틱스,0.2,3,92.62,2,12.2,WATCH,1차 필터(AND) 조건 미충족
14923630,2026-10-01 15:22:00,468670,브릴스,0.1,-4,75.01,1,57.18,WATCH,1차 필터(AND) 조건 미충족
14923630,2026-10-01 15:22:00,266690,덕산넵코어스,0.2,-3,78.9,2,-8.01,WATCH,1차 필터(AND) 조건 미충족
14923630,2026-10-01 15:22:00,490470,세미파이브,0.8,3,106.74,2,11.93,WATCH,1차 필터(AND) 조건 미충족
14923630,2026-10-01 15:22:00,486510,글로벌테크놀로지,0.0,-5,73.09,3,-12.25,WATCH,1차 필터(AND) 조건 미충족
14923630,2026-10-01 15:22:00,010170,대한광통신,0.4,7,103.6,4,1.86,WATCH,1차 필터(AND) 조건 미충족
14923630,2026-10-01 15:22:00,002710,TCC스틸,0.3,4,69.88,1,-0.29,WATCH,1차 필터(AND) 조건 미충족
14923630,2026-10-01 15:22:00,000660,SK하이닉스,0.4,7,119.22,4,3.1,WATCH,1차 필터(AND) 조건 미충족
14923635,2026-10-01 15:32:06,008970,KBI동양철관,0.2,-3,78.36,2,-2.23,WATCH,비거래 시간대 분석
14923635,2026-10-01 15:32:06,005930,삼성전자,0.7,6,159.28,4,2.79,WATCH,비거래 시간대 분석
14923635,2026-10-01 15:32:06,047040,대우건설,0.3,5,80.49,4,0.11,WATCH,비거래 시간대 분석
14923635,2026-10-01 15:32:06,009830,한화솔루션,0.2,-2,96.64,4,1.03,HOLD,보유 유지 (수익률: 6.85%)
14923635,2026-10-01 15:32:06,000660,SK하이닉스,0.6,5,119.22,4,3.21,WATCH,비거래 시간대 분석
14923635,2026-10-01 15:32:06,034020,두산에너빌리티,0.6,6,73.76,3,0.61,WATCH,비거래 시간대 분석
14923635,2026-10-01 15:32:06,439960,코스모로보틱스,0.1,-8,93.06,1,15.03,WATCH,비거래 시간대 분석
14923635,2026-10-01 15:32:06,396300,HT로보틱스,0.2,3,92.62,2,12.75,WATCH,비거래 시간대 분석
14923635,2026-10-01 15:32:06,468670,브릴스,0.3,-5,75.01,1,56.15,WATCH,비거래 시간대 분석
14923635,2026-10-01 15:32:06,266690,덕산넵코어스,0.2,-6,78.9,2,-7.56,WATCH,비거래 시간대 분석
14923635,2026-10-01 15:32:06,490470,세미파이브,0.8,3,106.74,2,12.48,WATCH,비거래 시간대 분석
14923635,2026-10-01 15:32:06,486510,글로벌테크놀로지,0.0,-7,73.09,3,-12.41,WATCH,비거래 시간대 분석
14923635,2026-10-01 15:32:06,010170,대한광통신,0.8,7,103.6,4,1.92,WATCH,비거래 시간대 분석
14923635,2026-10-01 15:32:06,002710,TCC스틸,0.3,4,69.88,1,-0.5,WATCH,비거래 시간대 분석
14923640,2026-10-01 15:41:59,008970,KBI동양철관,0.2,-3,78.36,2,-2.23,WATCH,비거래 시간대 분석
14923640,2026-10-01 15:41:59,005930,삼성전자,0.2,3,159.35,4,2.79,WATCH,비거래 시간대 분석
14923640,2026-10-01 15:41:59,047040,대우건설,0.3,5,80.48,4,0.11,WATCH,비거래 시간대 분석
14923640,2026-10-01 15:41:59,009830,한화솔루션,0.4,1,96.65,4,1.03,HOLD,보유 유지 (수익률: 6.85%)
14923640,2026-10-01 15:41:59,034020,두산에너빌리티,0.6,6,73.76,3,0.61,WATCH,비거래 시간대 분석
14923640,2026-10-01 15:41:59,439960,코스모로보틱스,0.1,-5,93.11,1,15.03,WATCH,비거래 시간대 분석
14923640,2026-10-01 15:41:59,396300,HT로보틱스,0.2,2,92.62,2,12.75,WATCH,비거래 시간대 분석
14923640,2026-10-01 15:41:59,468670,브릴스,0.3,-5,75.0,1,56.15,WATCH,비거래 시간대 분석
14923640,2026-10-01 15:41:59,266690,덕산넵코어스,0.2,-6,78.92,2,-7.56,WATCH,비거래 시간대 분석
14923640,2026-10-01 15:41:59,490470,세미파이브,0.5,5,106.76,2,12.48,WATCH,비거래 시간대 분석
14923640,2026-10-01 15:41:59,486510,글로벌테크놀로지,0.1,-7,73.09,3,-12.41,WATCH,비거래 시간대 분석
14923640,2026-10-01 15:41:59,010170,대한광통신,0.6,7,103.63,4,1.92,WATCH,비거래 시간대 분석
14923640,2026-10-01 15:41:59,002710,TCC스틸,0.3,4,69.88,1,-0.5,WATCH,비거래 시간대 분석
14923640,2026-10-01 15:41:59,000660,SK하이닉스,0.3,6,119.22,4,3.21,WATCH,비거래 시간대 분석
14924160,2026-10-02 09:02:23,000660,SK하이닉스,0.4,7,123.87,5,-0.33,WATCH,1차 필터(AND) 조건 미충족
14924160,2026-10-02 09:02:23,468670,브릴스,0.5,5,92.63,2,9.36,WATCH,1차 필터(AND) 조건 미충족
14924160,2026-10-02 09:02:23,439960,코스모로보틱스,0.2,-8,74.19,2,-2.66,WATCH,1차 필터(AND) 조건 미충족
14924166,2026-10-02 09:13:04,005930,삼성전자,0.1,2,105.3,5,-0.91,WATCH,1차 필터(AND) 조건 미충족
14924166,2026-10-02 09:13:04,047040,대우건설,0.0,-3,53.5,5,-1.52,WATCH,1차 필터(AND) 조건 미충족
14924166,2026-10-02 09:13:04,000660,SK하이닉스,0.4,7,114.65,5,0.0,WATCH,1차 필터(AND) 조건 미충족
14924166,2026-10-02 09:13:04,468670,브릴스,0.3,4,79.56,2,7.39,WATCH,1차 필터(AND) 조건 미충족
14924166,2026-10-02 09:13:04,439960,코스모로보틱스,0.1,-5,68.39,2,-2.08,WATCH,1차 필터(AND) 조건 미충족
14924171,2026-10-02 09:23:25,005930,삼성전자,0.1,2,123.27,5,-0.36,WATCH,1차 필터(AND) 조건 미충족
14924171,2026-10-02 09:23:25,047040,대우건설,0.1,-2,60.75,5,-1.01,WATCH,1차 필터(AND) 조건 미충족
14924171,2026-10-02 09:23:25,010170,대한광통신,0.4,8,132.78,5,6.29,WATCH,1차 필터(AND) 조건 미충족
14924171,2026-10-02 09:23:25,468670,브릴스,0.3,7,86.25,2,9.85,WATCH,1차 필터(AND) 조건 미충족
14924171,2026-10-02 09:23:25,439960,코스모로보틱스,0.2,-6,57.63,2,-3.7,WATCH,1차 필터(AND) 조건 미충족
14924171,2026-10-02 09:23:25,000660,SK하이닉스,0.4,7,126.91,5,0.55,WATCH,1차 필터(AND) 조건 미충족
14924176,2026-10-02 09:33:27,005930,삼성전자,0.1,2,130.34,5,-0.09,WATCH,1차 필터(AND) 조건 미충족
14924176,2026-10-02 09:33:27,047040,대우건설,0.1,2,63.46,5,-0.9,WATCH,1차 필터(AND) 조건 미충족
14924176,2026-10-02 09:33:27,010170,대한광통신,0.5,7,116.73,5,4.35,WATCH,1차 필터(AND) 조건 미충족
14924176,2026-10-02 09:33:27,468670,브릴스,0.4,5,98.46,2,15.27,WATCH,1차 필터(AND) 조건 미충족
14924176,2026-10-02 09:33:27,439960,코스모로보틱스,0.1,-4,65.76,2,-0.46,WATCH,1차 필터(AND) 조건 미충족
14924176,2026-10-02 09:33:27,000660,SK하이닉스,0.4,7,137.97,5,0.6,WATCH,1차 필터(AND) 조건 미충족
14924180,2026-10-02 09:41:54,005930,삼성전자,0.2,2,116.69,5,-0.54,WATCH,1차 필터(AND) 조건 미충족
14924180,2026-10-02 09:41:54,047040,대우건설,0.1,-3,68.97,5,-0.68,WATCH,1차 필터(AND) 조건 미충족
14924180,2026-10-02 09:41:54,010170,대한광통신,0.4,5,113.42,5,4.59,WATCH,1차 필터(AND) 조건 미충족
14924180,2026-10-02 09:41:54,468670,브릴스,0.3,3,93.99,2,12.97,WATCH,1차 필터(AND) 조건 미충족
14924180,2026-10-02 09:41:54,439960,코스모로보틱스,0.1,-4,74.81,2,0.0,WATCH,1차 필터(AND) 조건 미충족
14924180,2026-10-02 09:41:54,000660,SK하이닉스,0.4,7,136.15,5,0.11,WATCH,1차 필터(AND) 조건 미충족
14924185,2026-10-02 09:52:03,005930,삼성전자,0.2,2,116.52,5,-0.18,WATCH,1차 필터(AND) 조건 미충족
14924185,2026-10-02 09:52:03,009830,한화솔루션,0.6,7,151.12,5,5.26,SELL_HALF,⚠️ 50% 분할 익절 (+10% 목표 도달)
14924185,2026-10-02 09:52:03,047040,대우건설,0.2,-5,67.23,5,-1.07,WATCH,1차 필터(AND) 조건 미충족
14924185,2026-10-02 09:52:03,010170,대한광통신,0.4,5,112.78,5,4.82,WATCH,1차 필터(AND) 조건 미충족
14924185,2026-10-02 09:52:03,043260,성호전자,0.5,8,105.86,1,11.23,WATCH,1차 필터(AND) 조건 미충족
14924185,2026-10-02 09:52:03,468670,브릴스,0.7,7,86.1,2,10.18,WATCH,1차 필터(AND) 조건 미충족
14924185,2026-10-02 09:52:03,439960,코스모로보틱스,0.3,-4,77.67,2,1.39,WATCH,1차 필터(AND) 조건 미충족
14924185,2026-10-02 09:52:03,000660,SK하이닉스,0.4,7,131.75,5,0.49,WATCH,1차 필터(AND) 조건 미충족
14924190,2026-10-02 10:02:18,217590,티엠씨,0.6,5,134.12,1,26.07,WATCH,1차 필터(AND) 조건 미충족
14924190,2026-10-02 10:02:18,005930,삼성전자,0.2,2,120.54,5,0.0,WATCH,1차 필터(AND) 조건 미충족
14924190,2026-10-02 10:02:18,009830,한화솔루션,0.4,4,148.66,5,4.82,SELL_HALF,⚠️ 50% 분할 익절 (+10% 목표 도달)
14924190,2026-10-02 10:02:18,047040,대우건설,0.1,-1,83.2,5,-0.56,WATCH,1차 필터(AND) 조건 미충족
14924190,2026-10-02 10:02:18,010170,대한광통신,0.5,6,115.03,5,5.35,WATCH,1차 필터(AND) 조건 미충족
14924190,2026-10-02 10:02:18,043260,성호전자,0.3,3,103.81,1,10.53,WATCH,1차 필터(AND) 조건 미충족
14924190,2026-10-02 10:02:18,468670,브릴스,0.5,7,83.83,2,8.7,WATCH,1차 필터(AND) 조건 미충족
14924190,2026-10-02 10:02:18,439960,코스모로보틱스,0.2,-3,72.9,2,-1.62,WATCH,1차 필터(AND) 조건 미충족
14924190,2026-10-02 10:02:18,000660,SK하이닉스,0.4,7,132.71,5,0.65,WATCH,1차 필터(AND) 조건 미충족
14924196,2026-10-02 10:12:35,217590,티엠씨,0.3,7,142.66,1,28.96,WATCH,1차 필터(AND) 조건 미충족
14924196,2026-10-02 10:12:35,005930,삼성전자,0.2,2,113.5,5,-0.09,WATCH,1차 필터(AND) 조건 미충족
14924196,2026-10-02 10:12:35,009830,한화솔루션,0.5,6,141.56,5,3.94,SELL_HALF,⚠️ 50% 분할 익절 (+10% 목표 도달)
14924196,2026-10-02 10:12:35,047040,대우건설,0.1,-4,79.03,5,-0.9,WATCH,1차 필터(AND) 조건 미충족
14924196,2026-10-02 10:12:35,010170,대한광통신,0.5,6,113.6,5,5.24,BUY,Sandbox Simulation
14924196,2026-10-02 10:12:35,043260,성호전자,0.3,4,102.6,1,10.7,WATCH,1차 필터(AND) 조건 미충족
14924196,2026-10-02 10:12:35,468670,브릴스,0.3,5,82.63,2,8.87,WATCH,1차 필터(AND) 조건 미충족
14924196,2026-10-02 10:12:35,439960,코스모로보틱스,0.2,-6,68.79,2,-2.89,WATCH,1차 필터(AND) 조건 미충족
14924196,2026-10-02 10:12:35,266690,덕산넵코어스,0.4,-7,85.48,3,2.23,WATCH,1차 필터(AND) 조건 미충족
14924196,2026-10-02 10:12:35,000660,SK하이닉스,0.4,7,126.65,5,0.38,WATCH,1차 필터(AND) 조건 미충족
14924201,2026-10-02 10:23:29,217590,티엠씨,0.4,7,156.07,1,29.95,WATCH,1차 필터(AND) 조건 미충족
14924201,2026-10-02 10:23:29,005110,한창,0.1,-4,0.0,1,-90.91,WATCH,1차 필터(AND) 조건 미충족
14924201,2026-10-02 10:23:29,005930,삼성전자,0.2,2,120.56,5,-0.18,WATCH,1차 필터(AND) 조건 미충족
14924201,2026-10-02 10:23:29,009830,한화솔루션,0.6,5,138.51,5,3.8,SELL_HALF,⚠️ 50% 분할 익절 (+10% 목표 도달)
14924201,2026-10-02 10:23:29,008970,KBI동양철관,0.3,2,74.26,3,-4.34,WATCH,1차 필터(AND) 조건 미충족
14924201,2026-10-02 10:23:29,047040,대우건설,0.2,-7,79.12,5,-0.84,WATCH,1차 필터(AND) 조건 미충족
14924201,2026-10-02 10:23:29,010170,대한광통신,0.5,6,112.97,5,5.12,HOLD,보유 유지 (수익률: -0.13%)
14924201,2026-10-02 10:23:29,043260,성호전자,0.6,8,102.92,1,11.05,WATCH,1차 필터(AND) 조건 미충족
14924201,2026-10-02 10:23:29,468670,브릴스,0.5,7,82.1,2,8.21,WATCH,1차 필터(AND) 조건 미충족
14924201,2026-10-02 10:23:29,439960,코스모로보틱스,0.1,-6,65.64,2,-4.28,WATCH,1차 필터(AND) 조건 미충족
14924201,2026-10-02 10:23:29,266690,덕산넵코어스,0.3,-8,95.07,3,5.35,WATCH,"예수금 부족 (보유: 88,894원)"
14924201,2026-10-02 10:23:29,000660,SK하이닉스,0.4,7,120.44,5,0.33,WATCH,1차 필터(AND) 조건 미충족
14924205,2026-10-02 10:32:03,217590,티엠씨,0.3,7,150.04,1,29.95,WATCH,1차 필터(AND) 조건 미충족
14924205,2026-10-02 10:32:03,005110,한창,0.1,3,0.0,1,-92.03,WATCH,1차 필터(AND) 조건 미충족
14924205,2026-10-02 10:32:03,005930,삼성전자,0.2,2,118.2,5,-0.54,WATCH,1차 필터(AND) 조건 미충족
14924205,2026-10-02 10:32:03,009830,한화솔루션,0.6,6,136.58,5,3.5,SELL_HALF,⚠️ 50% 분할 익절 (+10% 목표 도달)
14924205,2026-10-02 10:32:03,008970,KBI동양철관,0.4,2,71.7,3,-5.1,WATCH,1차 필터(AND) 조건 미충족
14924205,2026-10-02 10:32:03,047040,대우건설,0.2,-7,78.3,5,-0.96,WATCH,1차 필터(AND) 조건 미충족
14924205,2026-10-02 10:32:03,005935,삼성전자우,0.2,-4,60.06,4,-2.2,WATCH,1차 필터(AND) 조건 미충족
14924205,2026-10-02 10:32:03,010170,대한광통신,0.5,6,110.53,5,4.47,HOLD,보유 유지 (수익률: -0.74%)
14924205,2026-10-02 10:32:03,043260,성호전자,0.3,5,102.64,1,10.0,WATCH,1차 필터(AND) 조건 미충족
14924205,2026-10-02 10:32:03,468670,브릴스,0.5,6,81.87,2,8.21,WATCH,1차 필터(AND) 조건 미충족
14924205,2026-10-02 10:32:03,266690,덕산넵코어스,0.4,-5,94.1,3,4.03,WATCH,1차 필터(AND) 조건 미충족
14924205,2026-10-02 10:32:03,439960,코스모로보틱스,0.3,-6,63.26,2,-5.09,WATCH,1차 필터(AND) 조건 미충족
14924205,2026-10-02 10:32:03,000660,SK하이닉스,0.4,7,118.46,5,0.16,WATCH,1차 필터(AND) 조건 미충족
14924211,2026-10-02 10:42:52,005030,부산주공,0.0,-7,0.0,4,-22.5,WATCH,1차 필터(AND) 조건 미충족
14924211,2026-10-02 10:42:52,217590,티엠씨,0.4,7,144.74,1,29.95,WATCH,1차 필터(AND) 조건 미충족
14924211,2026-10-02 10:42:52,005110,한창,0.1,3,0.0,1,-92.03,WATCH,1차 필터(AND) 조건 미충족
14924211,2026-10-02 10:42:52,005930,삼성전자,0.2,2,114.62,5,-0.63,WATCH,1차 필터(AND) 조건 미충족
14924211,2026-10-02 10:42:52,009830,한화솔루션,0.6,5,135.23,5,3.65,WATCH,1차 필터(AND) 조건 미충족
14924211,2026-10-02 10:42:52,008970,KBI동양철관,0.3,0,71.77,3,-4.76,WATCH,1차 필터(AND) 조건 미충족
14924211,2026-10-02 10:42:52,047040,대우건설,0.1,-3,74.6,5,-0.96,WATCH,1차 필터(AND) 조건 미충족
14924211,2026-10-02 10:42:52,005935,삼성전자우,0.1,-5,59.68,4,-2.2,WATCH,1차 필터(AND) 조건 미충족
14924211,2026-10-02 10:42:52,010170,대한광통신,0.5,6,104.99,5,4.12,HOLD,보유 유지 (수익률: -1.08%)
14924211,2026-10-02 10:42:52,043260,성호전자,0.7,8,100.47,1,10.7,WATCH,1차 필터(AND) 조건 미충족
14924211,2026-10-02 10:42:52,468670,브릴스,0.5,7,83.82,2,8.7,WATCH,1차 필터(AND) 조건 미충족
14924211,2026-10-02 10:42:52,266690,덕산넵코어스,0.3,-3,89.03,3,3.49,WATCH,1차 필터(AND) 조건 미충족
14924211,2026-10-02 10:42:52,439960,코스모로보틱스,0.2,-7,64.49,2,-5.9,WATCH,1차 필터(AND) 조건 미충족
14924211,2026-10-02 10:42:52,000660,SK하이닉스,0.4,7,112.67,5,-0.05,WATCH,1차 필터(AND) 조건 미충족
14924216,2026-10-02 10:53:39,005030,부산주공,0.1,-7,0.0,4,-22.5,WATCH,1차 필터(AND) 조건 미충족
14924216,2026-10-02 10:53:39,217590,티엠씨,0.7,8,143.57,1,29.95,WATCH,1차 필터(AND) 조건 미충족
14924216,2026-10-02 10:53:39,005110,한창,0.2,-5,0.0,1,-92.03,WATCH,1차 필터(AND) 조건 미충족
14924216,2026-10-02 10:53:39,005930,삼성전자,0.2,2,117.51,5,-0.18,WATCH,1차 필터(AND) 조건 미충족
14924216,2026-10-02 10:53:39,009830,한화솔루션,0.5,3,136.72,5,4.09,WATCH,1차 필터(AND) 조건 미충족
14924216,2026-10-02 10:53:39,008970,KBI동양철관,0.3,1,72.27,3,-4.62,WATCH,1차 필터(AND) 조건 미충족
14924216,2026-10-02 10:53:39,047040,대우건설,0.2,-3,76.55,5,-0.68,WATCH,1차 필터(AND) 조건 미충족
14924216,2026-10-02 10:53:39,005935,삼성전자우,0.1,0,58.25,4,-1.96,WATCH,1차 필터(AND) 조건 미충족
14924216,2026-10-02 10:53:39,010170,대한광통신,0.6,8,105.83,5,4.47,HOLD,보유 유지 (수익률: -0.74%)
14924216,2026-10-02 10:53:39,043260,성호전자,0.5,7,100.88,1,10.88,WATCH,1차 필터(AND) 조건 미충족
14924216,2026-10-02 10:53:39,468670,브릴스,0.5,6,82.51,2,7.72,WATCH,1차 필터(AND) 조건 미충족
14924216,2026-10-02 10:53:39,266690,덕산넵코어스,0.4,-6,90.43,3,4.12,WATCH,1차 필터(AND) 조건 미충족
14924216,2026-10-02 10:53:39,439960,코스모로보틱스,0.1,-7,65.83,2,-5.43,WATCH,1차 필터(AND) 조건 미충족
14924216,2026-10-02 10:53:39,000660,SK하이닉스,0.4,7,113.25,5,0.33,WATCH,1차 필터(AND) 조건 미충족
14924220,2026-10-02 11:01:52,005930,삼성전자,0.2,2,118.46,5,0.0,WATCH,1차 필터(AND) 조건 미충족
14924220,2026-10-02 11:01:52,047040,대우건설,0.1,-2,76.55,5,-0.84,WATCH,1차 필터(AND) 조건 미충족
14924220,2026-10-02 11:01:52,010170,대한광통신,0.6,8,106.58,5,4.53,HOLD,보유 유지 (수익률: -0.69%)
14924220,2026-10-02 11:01:52,468670,브릴스,0.5,6,82.28,2,8.7,WATCH,1차 필터(AND) 조건 미충족
14924220,2026-10-02 11:01:52,266690,덕산넵코어스,0.2,1,88.37,3,3.13,WATCH,1차 필터(AND) 조건 미충족
14924220,2026-10-02 11:01:52,439960,코스모로보틱스,0.1,-7,68.35,2,-3.35,WATCH,1차 필터(AND) 조건 미충족
14924220,2026-10-02 11:01:52,080220,제주반도체,0.4,6,117.3,1,7.14,BUY,Sandbox Simulation
14924220,2026-10-02 11:01:52,000660,SK하이닉스,0.4,7,114.64,5,0.49,WATCH,1차 필터(AND) 조건 미충족
14924225,2026-10-02 11:12:27,005930,삼성전자,0.2,2,115.73,5,0.0,WATCH,1차 필터(AND) 조건 미충족
14924225,2026-10-02 11:12:27,047040,대우건설,0.1,-3,77.27,5,-0.73,WATCH,1차 필터(AND) 조건 미충족
14924225,2026-10-02 11:12:27,010170,대한광통신,0.6,8,106.77,5,4.65,HOLD,보유 유지 (수익률: -0.57%)
14924225,2026-10-02 11:12:27,468670,브릴스,0.5,6,80.35,2,7.22,WATCH,1차 필터(AND) 조건 미충족
14924225,2026-10-02 11:12:27,266690,덕산넵코어스,0.3,1,86.27,3,3.01,WATCH,1차 필터(AND) 조건 미충족
14924225,2026-10-02 11:12:27,439960,코스모로보틱스,0.2,-6,68.2,2,-4.97,WATCH,1차 필터(AND) 조건 미충족
14924225,2026-10-02 11:12:27,000660,SK하이닉스,0.4,7,113.2,5,0.22,WATCH,1차 필터(AND) 조건 미충족
14924225,2026-10-02 11:12:27,080220,제주반도체,0.4,7,123.29,1,7.14,HOLD,보유 유지 (수익률: -0.01%)
14924231,2026-10-02 11:23:14,005930,삼성전자,0.3,5,118.58,5,0.18,WATCH,1차 필터(AND) 조건 미충족
14924231,2026-10-02 11:23:14,047040,대우건설,0.1,-5,77.09,5,-0.73,WATCH,1차 필터(AND) 조건 미충족
14924231,2026-10-02 11:23:14,010170,대한광통신,0.6,8,111.26,5,5.47,HOLD,보유 유지 (수익률: 0.21%)
14924231,2026-10-02 11:23:14,468670,브릴스,0.3,6,79.33,2,6.4,WATCH,1차 필터(AND) 조건 미충족
14924231,2026-10-02 11:23:14,266690,덕산넵코어스,0.3,1,86.98,3,3.43,WATCH,1차 필터(AND) 조건 미충족
14924231,2026-10-02 11:23:14,439960,코스모로보틱스,0.2,-8,67.38,2,-5.2,WATCH,1차 필터(AND) 조건 미충족
14924231,2026-10-02 11:23:14,080220,제주반도체,0.5,9,120.26,1,6.92,HOLD,보유 유지 (수익률: -0.23%)
14924231,2026-10-02 11:23:14,000660,SK하이닉스,0.4,7,114.71,5,0.22,WATCH,1차 필터(AND) 조건 미충족
14924236,2026-10-02 11:33:48,005930,삼성전자,0.4,2,115.89,5,-0.18,WATCH,1차 필터(AND) 조건 미충족
14924236,2026-10-02 11:33:48,047040,대우건설,0.1,-3,76.76,5,-1.01,WATCH,1차 필터(AND) 조건 미충족
14924236,2026-10-02 11:33:48,010170,대한광통신,0.7,6,110.72,5,4.82,HOLD,보유 유지 (수익률: -0.41%)
14924236,2026-10-02 11:33:48,468670,브릴스,0.5,4,78.97,2,6.08,WATCH,1차 필터(AND) 조건 미충족
14924236,2026-10-02 11:33:48,266690,덕산넵코어스,0.5,-3,85.34,3,2.41,WATCH,1차 필터(AND) 조건 미충족
14924236,2026-10-02 11:33:48,439960,코스모로보틱스,0.3,-7,66.41,2,-6.13,WATCH,1차 필터(AND) 조건 미충족
14924236,2026-10-02 11:33:48,000660,SK하이닉스,0.6,5,113.27,5,0.16,WATCH,1차 필터(AND) 조건 미충족
14924236,2026-10-02 11:33:48,080220,제주반도체,0.6,4,117.71,1,6.35,HOLD,보유 유지 (수익률: -0.76%)
14924240,2026-10-02 11:42:09,005930,삼성전자,0.3,2,120.42,5,-0.09,WATCH,1차 필터(AND) 조건 미충족
14924240,2026-10-02 11:42:09,047040,대우건설,0.1,-3,78.4,5,-0.79,WATCH,1차 필터(AND) 조건 미충족
14924240,2026-10-02 11:42:09,010170,대한광통신,0.7,6,110.98,5,5.18,HOLD,보유 유지 (수익률: -0.07%)
14924240,2026-10-02 11:42:09,468670,브릴스,0.4,4,78.65,2,6.08,WATCH,1차 필터(AND) 조건 미충족
14924240,2026-10-02 11:42:09,266690,덕산넵코어스,0.3,0,84.9,3,2.41,WATCH,1차 필터(AND) 조건 미충족
14924240,2026-10-02 11:42:09,439960,코스모로보틱스,0.2,-7,66.29,2,-6.13,WATCH,1차 필터(AND) 조건 미충족
14924240,2026-10-02 11:42:09,000660,SK하이닉스,0.4,5,113.46,5,0.11,WATCH,1차 필터(AND) 조건 미충족
14924240,2026-10-02 11:42:09,080220,제주반도체,0.4,3,115.35,1,5.9,HOLD,보유 유지 (수익률: -1.18%)
14924245,2026-10-02 11:52:23,005930,삼성전자,0.2,2,122.95,5,0.09,WATCH,1차 필터(AND) 조건 미충족
14924245,2026-10-02 11:52:23,047040,대우건설,0.1,-3,77.98,5,-0.84,WATCH,1차 필터(AND) 조건 미충족
14924245,2026-10-02 11:52:23,010140,삼성중공업,0.5,1,116.3,3,0.91,WATCH,1차 필터(AND) 조건 미충족
14924245,2026-10-02 11:52:23,010170,대한광통신,0.6,6,110.05,5,4.82,HOLD,보유 유지 (수익률: -0.41%)
14924245,2026-10-02 11:52:23,468670,브릴스,0.3,4,79.34,2,7.88,WATCH,1차 필터(AND) 조건 미충족
14924245,2026-10-02 11:52:23,266690,덕산넵코어스,0.4,-2,83.53,3,2.47,WATCH,1차 필터(AND) 조건 미충족
14924245,2026-10-02 11:52:23,439960,코스모로보틱스,0.1,-7,66.01,2,-5.9,WATCH,1차 필터(AND) 조건 미충족
14924245,2026-10-02 11:52:23,000660,SK하이닉스,0.3,4,113.12,5,0.44,WATCH,1차 필터(AND) 조건 미충족
14924245,2026-10-02 11:52:23,080220,제주반도체,0.5,5,114.06,1,6.12,HOLD,보유 유지 (수익률: -0.97%)
14924250,2026-10-02 12:02:30,005930,삼성전자,0.1,2,129.89,5,0.36,WATCH,1차 필터(AND) 조건 미충족
14924250,2026-10-02 12:02:30,047040,대우건설,0.0,-7,78.56,5,-0.84,WATCH,1차 필터(AND) 조건 미충족
14924250,2026-10-02 12:02:30,010140,삼성중공업,0.4,4,114.13,3,0.76,WATCH,1차 필터(AND) 조건 미충족
14924250,2026-10-02 12:02:30,010170,대한광통신,0.6,6,109.91,5,4.82,HOLD,보유 유지 (수익률: -0.41%)
14924250,2026-10-02 12:02:30,468670,브릴스,0.3,5,84.61,2,11.49,WATCH,1차 필터(AND) 조건 미충족
14924250,2026-10-02 12:02:30,266690,덕산넵코어스,0.4,-2,83.08,3,2.23,WATCH,1차 필터(AND) 조건 미충족
14924250,2026-10-02 12:02:30,439960,코스모로보틱스,0.1,-7,67.69,2,-4.28,WATCH,1차 필터(AND) 조건 미충족
14924250,2026-10-02 12:02:30,000660,SK하이닉스,0.3,7,115.45,5,0.55,WATCH,1차 필터(AND) 조건 미충족
14924250,2026-10-02 12:02:30,080220,제주반도체,0.3,6,113.51,1,6.01,HOLD,보유 유지 (수익률: -1.07%)
14924256,2026-10-02 12:12:34,005930,삼성전자,0.2,1,128.06,5,0.27,WATCH,1차 필터(AND) 조건 미충족
14924256,2026-10-02 12:12:34,047040,대우건설,0.0,-7,79.08,5,-0.79,WATCH,1차 필터(AND) 조건 미충족
14924256,2026-10-02 12:12:34,010140,삼성중공업,0.4,3,114.38,3,0.76,WATCH,1차 필터(AND) 조건 미충족
14924256,2026-10-02 12:12:34,010170,대한광통신,0.6,6,111.04,5,5.12,HOLD,보유 유지 (수익률: -0.13%)
14924256,2026-10-02 12:12:34,468670,브릴스,0.3,4,88.7,2,15.93,WATCH,1차 필터(AND) 조건 미충족
14924256,2026-10-02 12:12:34,266690,덕산넵코어스,0.5,-1,83.54,3,2.83,WATCH,1차 필터(AND) 조건 미충족
14924256,2026-10-02 12:12:34,439960,코스모로보틱스,0.1,-7,67.54,2,-5.49,WATCH,1차 필터(AND) 조건 미충족
14924256,2026-10-02 12:12:34,000660,SK하이닉스,0.4,5,116.05,5,0.76,WATCH,1차 필터(AND) 조건 미충족
14924256,2026-10-02 12:12:34,080220,제주반도체,0.3,6,113.5,1,6.12,HOLD,보유 유지 (수익률: -0.97%)
14924261,2026-10-02 12:23:09,005930,삼성전자,0.1,-1,121.62,5,0.09,WATCH,1차 필터(AND) 조건 미충족
14924261,2026-10-02 12:23:09,047040,대우건설,0.2,2,80.3,5,-0.84,WATCH,1차 필터(AND) 조건 미충족
14924261,2026-10-02 12:23:09,010170,대한광통신,0.5,6,110.99,5,5.06,HOLD,보유 유지 (수익률: -0.18%)
14924261,2026-10-02 12:23:09,468670,브릴스,0.3,4,89.66,2,16.42,WATCH,1차 필터(AND) 조건 미충족
14924261,2026-10-02 12:23:09,266690,덕산넵코어스,0.2,-3,83.14,3,2.53,WATCH,1차 필터(AND) 조건 미충족
14924261,2026-10-02 12:23:09,439960,코스모로보틱스,0.1,-7,67.38,2,-6.01,WATCH,1차 필터(AND) 조건 미충족
14924261,2026-10-02 12:23:09,000660,SK하이닉스,0.4,3,115.18,5,0.76,WATCH,1차 필터(AND) 조건 미충족
14924261,2026-10-02 12:23:09,080220,제주반도체,0.3,6,112.87,1,5.78,HOLD,보유 유지 (수익률: -1.28%)
14924261,2026-10-02 12:23:09,010140,삼성중공업,0.4,1,111.18,3,0.48,WATCH,1차 필터(AND) 조건 미충족
14924266,2026-10-02 12:33:17,005930,삼성전자,0.2,0,119.17,5,0.0,WATCH,1차 필터(AND) 조건 미충족
14924266,2026-10-02 12:33:17,047040,대우건설,0.1,-3,78.22,5,-1.01,WATCH,1차 필터(AND) 조건 미충족
14924266,2026-10-02 12:33:17,010170,대한광통신,0.4,5,110.71,5,4.94,HOLD,보유 유지 (수익률: -0.29%)
14924266,2026-10-02 12:33:17,468670,브릴스,0.3,6,92.8,2,17.08,WATCH,1차 필터(AND) 조건 미충족
14924266,2026-10-02 12:33:17,266690,덕산넵코어스,0.2,-5,83.22,3,2.41,WATCH,1차 필터(AND) 조건 미충족
14924266,2026-10-02 12:33:17,439960,코스모로보틱스,0.1,-7,66.59,2,-5.9,WATCH,1차 필터(AND) 조건 미충족
14924266,2026-10-02 12:33:17,000660,SK하이닉스,0.3,4,114.72,5,0.71,WATCH,1차 필터(AND) 조건 미충족
14924266,2026-10-02 12:33:17,080220,제주반도체,0.3,6,111.95,1,5.56,HOLD,보유 유지 (수익률: -1.50%)
14924266,2026-10-02 12:33:17,010140,삼성중공업,0.4,3,112.14,3,0.41,WATCH,1차 필터(AND) 조건 미충족
14924271,2026-10-02 12:43:23,005930,삼성전자,0.1,-2,118.91,5,-0.09,WATCH,1차 필터(AND) 조건 미충족
14924271,2026-10-02 12:43:23,047040,대우건설,0.0,-4,78.57,5,-1.01,WATCH,1차 필터(AND) 조건 미충족
14924271,2026-10-02 12:43:23,010170,대한광통신,0.4,5,109.57,5,4.71,HOLD,보유 유지 (수익률: -0.52%)
14924271,2026-10-02 12:43:23,043260,성호전자,0.7,6,95.2,1,7.89,WATCH,1차 필터(AND) 조건 미충족
14924271,2026-10-02 12:43:23,468670,브릴스,0.3,6,94.66,2,19.38,WATCH,1차 필터(AND) 조건 미충족
14924271,2026-10-02 12:43:23,266690,덕산넵코어스,0.2,-5,84.65,3,3.55,WATCH,1차 필터(AND) 조건 미충족
14924271,2026-10-02 12:43:23,439960,코스모로보틱스,0.1,-7,66.78,2,-5.9,WATCH,1차 필터(AND) 조건 미충족
14924271,2026-10-02 12:43:23,000660,SK하이닉스,0.3,4,113.01,5,0.55,WATCH,1차 필터(AND) 조건 미충족
14924271,2026-10-02 12:43:23,080220,제주반도체,0.3,6,110.14,1,4.99,HOLD,보유 유지 (수익률: -2.03%)
14924271,2026-10-02 12:43:23,010140,삼성중공업,0.5,3,112.47,3,0.46,WATCH,1차 필터(AND) 조건 미충족
14924276,2026-10-02 12:53:34,005930,삼성전자,0.0,-2,117.03,5,-0.27,WATCH,1차 필터(AND) 조건 미충족
14924276,2026-10-02 12:53:34,047040,대우건설,0.1,0,71.95,5,-1.24,WATCH,1차 필터(AND) 조건 미충족
14924276,2026-10-02 12:53:34,000660,SK하이닉스,0.3,5,110.1,5,0.65,WATCH,1차 필터(AND) 조건 미충족
14924276,2026-10-02 12:53:34,010170,대한광통신,0.4,6,108.12,5,4.53,HOLD,보유 유지 (수익률: -0.69%)
14924276,2026-10-02 12:53:34,043260,성호전자,0.2,4,94.87,1,7.72,WATCH,1차 필터(AND) 조건 미충족
14924276,2026-10-02 12:53:34,468670,브릴스,0.5,7,97.18,2,22.33,WATCH,1차 필터(AND) 조건 미충족
14924276,2026-10-02 12:53:34,266690,덕산넵코어스,0.4,3,86.77,3,4.09,WATCH,1차 필터(AND) 조건 미충족
14924276,2026-10-02 12:53:34,439960,코스모로보틱스,0.1,-7,66.19,2,-6.47,WATCH,1차 필터(AND) 조건 미충족
14924276,2026-10-02 12:53:34,080220,제주반도체,0.3,6,109.28,1,4.88,HOLD,보유 유지 (수익률: -2.13%)
14924276,2026-10-02 12:53:34,010140,삼성중공업,0.6,4,111.02,3,0.35,WATCH,1차 필터(AND) 조건 미충족
14924280,2026-10-02 13:01:43,005930,삼성전자,0.1,-2,117.01,5,0.0,WATCH,1차 필터(AND) 조건 미충족
14924280,2026-10-02 13:01:43,047040,대우건설,0.3,-3,72.91,5,-1.24,WATCH,1차 필터(AND) 조건 미충족
14924280,2026-10-02 13:01:43,000660,SK하이닉스,0.3,5,108.07,5,0.49,WATCH,1차 필터(AND) 조건 미충족
14924280,2026-10-02 13:01:43,010170,대한광통신,0.4,6,108.32,5,4.24,HOLD,보유 유지 (수익률: -0.97%)
14924280,2026-10-02 13:01:43,468670,브릴스,0.3,6,97.06,2,23.65,WATCH,1차 필터(AND) 조건 미충족
14924280,2026-10-02 13:01:43,043260,성호전자,0.5,6,94.91,1,8.07,WATCH,1차 필터(AND) 조건 미충족
14924280,2026-10-02 13:01:43,266690,덕산넵코어스,0.4,3,87.12,3,3.91,WATCH,1차 필터(AND) 조건 미충족
14924280,2026-10-02 13:01:43,439960,코스모로보틱스,0.2,-7,65.78,2,-6.71,WATCH,1차 필터(AND) 조건 미충족
14924280,2026-10-02 13:01:43,080220,제주반도체,0.5,7,108.91,1,4.76,HOLD,보유 유지 (수익률: -2.24%)
14924280,2026-10-02 13:01:43,010140,삼성중공업,0.6,4,111.96,3,0.41,WATCH,1차 필터(AND) 조건 미충족
14924285,2026-10-02 13:11:43,005930,삼성전자,0.1,-1,116.17,5,0.0,WATCH,1차 필터(AND) 조건 미충족
14924285,2026-10-02 13:11:43,047040,대우건설,0.3,-3,73.4,5,-1.3,WATCH,1차 필터(AND) 조건 미충족
14924285,2026-10-02 13:11:43,000660,SK하이닉스,0.2,2,109.13,5,0.76,WATCH,1차 필터(AND) 조건 미충족
14924285,2026-10-02 13:11:43,010170,대한광통신,0.4,6,106.37,5,4.06,HOLD,보유 유지 (수익률: -1.13%)
14924285,2026-10-02 13:11:43,468670,브릴스,0.6,5,98.99,2,26.93,WATCH,1차 필터(AND) 조건 미충족
14924285,2026-10-02 13:11:43,043260,성호전자,0.4,3,94.42,1,7.89,WATCH,1차 필터(AND) 조건 미충족
14924285,2026-10-02 13:11:43,266690,덕산넵코어스,0.4,3,86.13,3,3.13,WATCH,1차 필터(AND) 조건 미충족
14924285,2026-10-02 13:11:43,439960,코스모로보틱스,0.1,-7,64.41,2,-6.59,WATCH,1차 필터(AND) 조건 미충족
14924285,2026-10-02 13:11:43,080220,제주반도체,0.5,7,107.13,1,4.08,HOLD,보유 유지 (수익률: -2.87%)
14924285,2026-10-02 13:11:43,010140,삼성중공업,0.7,4,112.29,3,0.46,WATCH,1차 필터(AND) 조건 미충족
14924290,2026-10-02 13:21:51,005930,삼성전자,0.1,-2,114.8,5,-0.27,WATCH,1차 필터(AND) 조건 미충족
14924290,2026-10-02 13:21:51,047040,대우건설,0.1,-7,74.15,5,-1.18,WATCH,1차 필터(AND) 조건 미충족
14924290,2026-10-02 13:21:51,000660,SK하이닉스,0.3,3,108.06,5,0.55,WATCH,1차 필터(AND) 조건 미충족
14924290,2026-10-02 13:21:51,010170,대한광통신,0.4,6,106.47,5,4.24,HOLD,보유 유지 (수익률: -0.97%)
14924290,2026-10-02 13:21:51,468670,브릴스,0.7,7,96.44,2,24.63,WATCH,1차 필터(AND) 조건 미충족
14924290,2026-10-02 13:21:51,043260,성호전자,0.2,-9,94.96,1,8.77,WATCH,1차 필터(AND) 조건 미충족
14924290,2026-10-02 13:21:51,266690,덕산넵코어스,0.6,5,86.02,3,3.85,WATCH,1차 필터(AND) 조건 미충족
14924290,2026-10-02 13:21:51,439960,코스모로보틱스,0.1,-8,64.08,2,-6.82,WATCH,1차 필터(AND) 조건 미충족
14924290,2026-10-02 13:21:51,080220,제주반도체,0.5,7,107.1,1,4.31,HOLD,보유 유지 (수익률: -2.66%)
14924290,2026-10-02 13:21:51,010140,삼성중공업,0.4,4,110.07,3,0.3,WATCH,1차 필터(AND) 조건 미충족
14924295,2026-10-02 13:32:07,005930,삼성전자,0.1,-2,117.07,5,0.0,WATCH,1차 필터(AND) 조건 미충족
14924295,2026-10-02 13:32:07,047040,대우건설,0.2,1,77.25,5,-0.73,WATCH,1차 필터(AND) 조건 미충족
14924295,2026-10-02 13:32:07,000660,SK하이닉스,0.1,-3,109.51,5,0.76,WATCH,1차 필터(AND) 조건 미충족
14924295,2026-10-02 13:32:07,010170,대한광통신,0.7,7,107.52,5,4.41,HOLD,보유 유지 (수익률: -0.80%)
14924295,2026-10-02 13:32:07,468670,브릴스,0.6,8,94.87,2,23.15,WATCH,1차 필터(AND) 조건 미충족
14924295,2026-10-02 13:32:07,043260,성호전자,0.2,-9,95.29,1,8.95,WATCH,1차 필터(AND) 조건 미충족
14924295,2026-10-02 13:32:07,266690,덕산넵코어스,0.5,5,86.35,3,3.91,WATCH,1차 필터(AND) 조건 미충족
14924295,2026-10-02 13:32:07,439960,코스모로보틱스,0.1,-8,64.26,2,-6.47,WATCH,1차 필터(AND) 조건 미충족
14924295,2026-10-02 13:32:07,080220,제주반도체,0.5,7,107.76,1,4.76,HOLD,보유 유지 (수익률: -2.24%)
14924295,2026-10-02 13:32:07,010140,삼성중공업,0.4,4,109.55,3,0.3,WATCH,1차 필터(AND) 조건 미충족
14924300,2026-10-02 13:42:18,005930,삼성전자,0.1,-2,115.63,5,0.0,WATCH,1차 필터(AND) 조건 미충족
14924300,2026-10-02 13:42:18,047040,대우건설,0.2,3,77.44,5,-0.73,WATCH,1차 필터(AND) 조건 미충족
14924300,2026-10-02 13:42:18,000660,SK하이닉스,0.2,1,109.78,5,0.76,WATCH,1차 필터(AND) 조건 미충족
14924300,2026-10-02 13:42:18,010170,대한광통신,0.7,7,107.62,5,4.41,HOLD,보유 유지 (수익률: -0.80%)
14924300,2026-10-02 13:42:18,468670,브릴스,0.6,8,95.1,2,23.65,WATCH,1차 필터(AND) 조건 미충족
14924300,2026-10-02 13:42:18,043260,성호전자,0.2,-9,96.26,1,9.47,WATCH,1차 필터(AND) 조건 미충족
14924300,2026-10-02 13:42:18,266690,덕산넵코어스,0.5,5,85.51,3,3.43,WATCH,1차 필터(AND) 조건 미충족
14924300,2026-10-02 13:42:18,439960,코스모로보틱스,0.1,-8,64.12,2,-6.71,WATCH,1차 필터(AND) 조건 미충족
14924300,2026-10-02 13:42:18,080220,제주반도체,0.4,7,107.55,1,5.1,HOLD,보유 유지 (수익률: -1.92%)
14924300,2026-10-02 13:42:18,010140,삼성중공업,0.4,4,111.08,3,0.41,WATCH,1차 필터(AND) 조건 미충족
14924305,2026-10-02 13:52:28,005930,삼성전자,0.0,-2,112.43,5,-0.27,WATCH,1차 필터(AND) 조건 미충족
14924305,2026-10-02 13:52:28,047040,대우건설,0.2,3,77.15,5,-0.79,WATCH,1차 필터(AND) 조건 미충족
14924305,2026-10-02 13:52:28,005935,삼성전자우,0.1,3,49.64,4,-2.2,WATCH,1차 필터(AND) 조건 미충족
14924305,2026-10-02 13:52:28,000660,SK하이닉스,0.1,-1,110.19,5,0.76,WATCH,1차 필터(AND) 조건 미충족
14924305,2026-10-02 13:52:28,010170,대한광통신,0.7,7,107.31,5,4.35,HOLD,보유 유지 (수익률: -0.85%)
14924305,2026-10-02 13:52:28,468670,브릴스,0.4,7,94.5,2,22.17,WATCH,1차 필터(AND) 조건 미충족
14924305,2026-10-02 13:52:28,043260,성호전자,0.5,6,96.79,1,9.65,WATCH,1차 필터(AND) 조건 미충족
14924305,2026-10-02 13:52:28,266690,덕산넵코어스,0.3,4,84.62,3,2.65,WATCH,1차 필터(AND) 조건 미충족
14924305,2026-10-02 13:52:28,439960,코스모로보틱스,0.1,-8,64.15,2,-6.47,WATCH,1차 필터(AND) 조건 미충족
14924305,2026-10-02 13:52:28,080220,제주반도체,0.4,7,107.1,1,4.65,HOLD,보유 유지 (수익률: -2.34%)
14924305,2026-10-02 13:52:28,010140,삼성중공업,0.4,4,110.99,3,0.35,WATCH,1차 필터(AND) 조건 미충족
14924311,2026-10-02 14:02:43,005930,삼성전자,0.1,-2,114.85,5,0.0,WATCH,1차 필터(AND) 조건 미충족
14924311,2026-10-02 14:02:43,047040,대우건설,0.2,3,78.33,5,-0.73,WATCH,1차 필터(AND) 조건 미충족
14924311,2026-10-02 14:02:43,000660,SK하이닉스,0.3,3,111.58,5,0.82,WATCH,1차 필터(AND) 조건 미충족
14924311,2026-10-02 14:02:43,010170,대한광통신,0.7,7,107.72,5,4.59,HOLD,보유 유지 (수익률: -0.63%)
14924311,2026-10-02 14:02:43,468670,브릴스,0.6,7,93.02,2,21.18,WATCH,1차 필터(AND) 조건 미충족
14924311,2026-10-02 14:02:43,266690,덕산넵코어스,0.3,4,83.94,3,2.41,WATCH,1차 필터(AND) 조건 미충족
14924311,2026-10-02 14:02:43,439960,코스모로보틱스,0.1,-8,64.56,2,-5.9,WATCH,1차 필터(AND) 조건 미충족
14924311,2026-10-02 14:02:43,080220,제주반도체,0.5,6,107.05,1,4.88,HOLD,보유 유지 (수익률: -2.13%)
14924316,2026-10-02 14:13:07,005930,삼성전자,0.1,-2,112.14,5,-0.18,WATCH,1차 필터(AND) 조건 미충족
14924316,2026-10-02 14:13:07,047040,대우건설,0.2,-3,78.82,5,-0.84,WATCH,1차 필터(AND) 조건 미충족
14924316,2026-10-02 14:13:07,000660,SK하이닉스,0.2,1,110.42,5,0.55,WATCH,1차 필터(AND) 조건 미충족
14924316,2026-10-02 14:13:07,010170,대한광통신,0.7,7,107.47,5,4.47,HOLD,보유 유지 (수익률: -0.74%)
14924316,2026-10-02 14:13:07,468670,브릴스,0.6,7,91.94,2,19.05,WATCH,1차 필터(AND) 조건 미충족
14924316,2026-10-02 14:13:07,266690,덕산넵코어스,0.6,2,85.02,3,3.73,WATCH,1차 필터(AND) 조건 미충족
14924316,2026-10-02 14:13:07,439960,코스모로보틱스,0.1,-8,64.8,2,-5.78,WATCH,1차 필터(AND) 조건 미충족
14924316,2026-10-02 14:13:07,080220,제주반도체,0.7,6,106.14,1,4.2,HOLD,보유 유지 (수익률: -2.77%)
14924321,2026-10-02 14:23:28,005930,삼성전자,0.1,-1.0,112.72,5,-0.18,WATCH,1차 필터(AND) 조건 미충족
14924321,2026-10-02 14:23:28,047040,대우건설,0.2,-3,79.2,5,-0.79,WATCH,1차 필터(AND) 조건 미충족
14924321,2026-10-02 14:23:28,000660,SK하이닉스,0.2,0.5,109.4,5,0.49,WATCH,1차 필터(AND) 조건 미충족
14924321,2026-10-02 14:23:28,010170,대한광통신,0.7,7,106.41,5,4.06,HOLD,보유 유지 (수익률: -1.13%)
14924321,2026-10-02 14:23:28,468670,브릴스,0.6,3.0,91.85,2,20.36,WATCH,1차 필터(AND) 조건 미충족
14924321,2026-10-02 14:23:28,266690,덕산넵코어스,0.5,1.0,84.69,3,2.83,WATCH,1차 필터(AND) 조건 미충족
14924321,2026-10-02 14:23:28,478340,나라스페이스테크놀로지,0.7,4.0,100.4,1,24.79,WATCH,1차 필터(AND) 조건 미충족
14924321,2026-10-02 14:23:28,439960,코스모로보틱스,0.1,-8,65.29,2,-6.01,WATCH,1차 필터(AND) 조건 미충족
14924321,2026-10-02 14:23:28,080220,제주반도체,0.4,2.5,105.73,1,4.2,HOLD,보유 유지 (수익률: -2.77%)
14924326,2026-10-02 14:33:30,005930,삼성전자,0.1,-2,112.24,5,-0.36,WATCH,1차 필터(AND) 조건 미충족
14924326,2026-10-02 14:33:30,047040,대우건설,0.2,-3,79.42,5,-0.96,WATCH,1차 필터(AND) 조건 미충족
14924326,2026-10-02 14:33:30,000660,SK하이닉스,0.2,3,107.41,5,0.19,WATCH,1차 필터(AND) 조건 미충족
14924326,2026-10-02 14:33:30,010170,대한광통신,0.7,7,105.56,5,3.94,HOLD,보유 유지 (수익률: -1.24%)
14924326,2026-10-02 14:33:30,468670,브릴스,0.6,5,88.85,2,15.6,WATCH,1차 필터(AND) 조건 미충족
14924326,2026-10-02 14:33:30,478340,나라스페이스테크놀로지,0.7,6,99.6,1,27.33,WATCH,1차 필터(AND) 조건 미충족
14924326,2026-10-02 14:33:30,266690,덕산넵코어스,0.5,1,84.21,3,2.71,WATCH,1차 필터(AND) 조건 미충족
14924326,2026-10-02 14:33:30,439960,코스모로보틱스,0.1,-8,64.91,2,-6.47,WATCH,1차 필터(AND) 조건 미충족
14924326,2026-10-02 14:33:30,080220,제주반도체,0.4,2.5,104.46,1,3.63,HOLD,보유 유지 (수익률: -3.29%)
14924330,2026-10-02 14:41:52,005930,삼성전자,0.1,1,113.02,5,-0.54,WATCH,1차 필터(AND) 조건 미충족
14924330,2026-10-02 14:41:52,047040,대우건설,0.2,2,77.15,5,-1.13,WATCH,1차 필터(AND) 조건 미충족
14924330,2026-10-02 14:41:52,000660,SK하이닉스,0.2,3,105.83,5,0.16,WATCH,1차 필터(AND) 조건 미충족
14924330,2026-10-02 14:41:52,010170,대한광통신,0.7,7,104.53,5,3.71,HOLD,보유 유지 (수익률: -1.47%)
14924330,2026-10-02 14:41:52,468670,브릴스,0.5,4,87.88,2,14.78,WATCH,1차 필터(AND) 조건 미충족
14924330,2026-10-02 14:41:52,478340,나라스페이스테크놀로지,0.6,6,97.71,1,26.13,WATCH,1차 필터(AND) 조건 미충족
14924330,2026-10-02 14:41:52,266690,덕산넵코어스,0.6,3,82.41,3,0.84,WATCH,1차 필터(AND) 조건 미충족
14924330,2026-10-02 14:41:52,439960,코스모로보틱스,0.1,-8,64.82,2,-6.47,WATCH,1차 필터(AND) 조건 미충족
14924330,2026-10-02 14:41:52,080220,제주반도체,0.4,2.5,102.94,1,3.17,HOLD,보유 유지 (수익률: -3.72%)
14924335,2026-10-02 14:52:07,005930,삼성전자,0.1,-2,114.21,5,-0.45,WATCH,1차 필터(AND) 조건 미충족
14924335,2026-10-02 14:52:07,047040,대우건설,0.2,2,78.98,5,-0.96,WATCH,1차 필터(AND) 조건 미충족
14924335,2026-10-02 14:52:07,000660,SK하이닉스,0.2,1,104.62,5,0.22,WATCH,1차 필터(AND) 조건 미충족
14924335,2026-10-02 14:52:07,010170,대한광통신,0.7,7,105.45,5,4.41,HOLD,보유 유지 (수익률: -0.80%)
14924335,2026-10-02 14:52:07,468670,브릴스,0.4,3,87.33,2,13.63,WATCH,1차 필터(AND) 조건 미충족
14924335,2026-10-02 14:52:07,478340,나라스페이스테크놀로지,0.7,6,96.44,1,25.14,WATCH,1차 필터(AND) 조건 미충족
14924335,2026-10-02 14:52:07,266690,덕산넵코어스,0.6,5,81.63,3,0.72,WATCH,1차 필터(AND) 조건 미충족
14924335,2026-10-02 14:52:07,439960,코스모로보틱스,0.1,-8,64.75,2,-6.71,WATCH,1차 필터(AND) 조건 미충족
14924335,2026-10-02 14:52:07,080220,제주반도체,0.4,2.5,103.28,1,4.54,HOLD,보유 유지 (수익률: -2.45%)
14924335,2026-10-02 14:52:07,010140,삼성중공업,0.5,3,112.77,3,0.66,WATCH,1차 필터(AND) 조건 미충족
14924341,2026-10-02 15:02:53,005930,삼성전자,0.1,-1,115.4,5,-0.27,WATCH,1차 필터(AND) 조건 미충족
14924341,2026-10-02 15:02:53,047040,대우건설,0.2,3,80.14,5,-0.84,WATCH,1차 필터(AND) 조건 미충족
14924341,2026-10-02 15:02:53,000660,SK하이닉스,0.2,1,102.86,5,-0.05,WATCH,1차 필터(AND) 조건 미충족
14924341,2026-10-02 15:02:53,010170,대한광통신,0.7,7,106.52,5,4.47,HOLD,보유 유지 (수익률: -0.74%)
14924341,2026-10-02 15:02:53,468670,브릴스,0.3,2,86.97,2,13.63,WATCH,1차 필터(AND) 조건 미충족
14924341,2026-10-02 15:02:53,478340,나라스페이스테크놀로지,0.6,6,94.5,1,22.25,WATCH,1차 필터(AND) 조건 미충족
14924341,2026-10-02 15:02:53,266690,덕산넵코어스,0.5,3,80.9,3,-0.84,WATCH,1차 필터(AND) 조건 미충족
14924341,2026-10-02 15:02:53,439960,코스모로보틱스,0.2,-7,64.58,2,-6.94,WATCH,1차 필터(AND) 조건 미충족
14924341,2026-10-02 15:02:53,080220,제주반도체,0.4,2.5,103.34,1,4.65,HOLD,보유 유지 (수익률: -2.34%)
14924341,2026-10-02 15:02:53,010140,삼성중공업,0.5,4,114.23,3,0.81,WATCH,1차 필터(AND) 조건 미충족
14924346,2026-10-02 15:13:03,005930,삼성전자,0.0,-2,116.09,5,0.0,WATCH,1차 필터(AND) 조건 미충족
14924346,2026-10-02 15:13:03,047040,대우건설,0.2,3,80.45,5,-0.9,WATCH,1차 필터(AND) 조건 미충족
14924346,2026-10-02 15:13:03,000660,SK하이닉스,0.1,1,104.6,5,0.71,WATCH,1차 필터(AND) 조건 미충족
14924346,2026-10-02 15:13:03,010170,대한광통신,0.7,7,107.03,5,4.71,HOLD,보유 유지 (수익률: -0.52%)
14924346,2026-10-02 15:13:03,468670,브릴스,0.3,2,86.52,2,12.81,WATCH,1차 필터(AND) 조건 미충족
14924346,2026-10-02 15:13:03,478340,나라스페이스테크놀로지,0.6,5,93.34,1,20.69,WATCH,1차 필터(AND) 조건 미충족
14924346,2026-10-02 15:13:03,266690,덕산넵코어스,0.5,3,80.24,3,-0.78,WATCH,1차 필터(AND) 조건 미충족
14924346,2026-10-02 15:13:03,439960,코스모로보틱스,0.2,-6,62.5,2,-8.32,WATCH,1차 필터(AND) 조건 미충족
14924346,2026-10-02 15:13:03,080220,제주반도체,0.4,2.5,104.14,1,4.65,HOLD,보유 유지 (수익률: -2.34%)
14924346,2026-10-02 15:13:03,010140,삼성중공업,0.5,4,114.57,3,0.86,WATCH,1차 필터(AND) 조건 미충족
14924351,2026-10-02 15:23:06,005930,삼성전자,0.1,-5,114.85,5,-0.27,WATCH,1차 필터(AND) 조건 미충족
14924351,2026-10-02 15:23:06,047040,대우건설,0.2,3,80.78,5,-0.84,WATCH,1차 필터(AND) 조건 미충족
14924351,2026-10-02 15:23:06,000660,SK하이닉스,0.2,-3,105.38,5,0.55,WATCH,1차 필터(AND) 조건 미충족
14924351,2026-10-02 15:23:06,010170,대한광통신,0.7,7,107.09,5,4.71,HOLD,보유 유지 (수익률: -0.52%)
14924351,2026-10-02 15:23:06,468670,브릴스,0.4,3,86.22,2,11.99,WATCH,1차 필터(AND) 조건 미충족
14924351,2026-10-02 15:23:06,478340,나라스페이스테크놀로지,0.6,5,94.44,1,23.09,WATCH,1차 필터(AND) 조건 미충족
14924351,2026-10-02 15:23:06,266690,덕산넵코어스,0.5,1,79.43,3,-1.26,WATCH,1차 필터(AND) 조건 미충족
14924351,2026-10-02 15:23:06,439960,코스모로보틱스,0.3,-8,63.4,2,-8.55,WATCH,1차 필터(AND) 조건 미충족
14924351,2026-10-02 15:23:06,080220,제주반도체,0.4,2.5,104.79,1,4.65,HOLD,보유 유지 (수익률: -2.34%)
14924351,2026-10-02 15:23:06,010140,삼성중공업,0.5,4,115.32,3,0.91,WATCH,1차 필터(AND) 조건 미충족
14924356,2026-10-02 15:32:55,005930,삼성전자,0.0,-6,114.79,5,0.0,WATCH,비거래 시간대 분석
14924356,2026-10-02 15:32:55,047040,대우건설,0.2,3,80.99,5,-0.84,WATCH,비거래 시간대 분석
14924356,2026-10-02 15:32:55,000660,SK하이닉스,0.1,-2,105.32,5,0.44,WATCH,비거래 시간대 분석
14924356,2026-10-02 15:32:55,010140,삼성중공업,0.5,4,115.28,3,1.22,WATCH,비거래 시간대 분석
14924356,2026-10-02 15:32:55,010170,대한광통신,0.7,7,107.09,5,4.71,HOLD,보유 유지 (수익률: -0.52%)
14924356,2026-10-02 15:32:55,468670,브릴스,0.3,4,86.22,2,11.66,WATCH,비거래 시간대 분석
14924356,2026-10-02 15:32:55,478340,나라스페이스테크놀로지,0.4,6,94.44,1,22.95,WATCH,비거래 시간대 분석
14924356,2026-10-02 15:32:55,266690,덕산넵코어스,0.3,0,79.43,3,-1.44,WATCH,비거래 시간대 분석
14924356,2026-10-02 15:32:55,439960,코스모로보틱스,0.1,-8,63.4,2,-8.32,WATCH,비거래 시간대 분석
14924356,2026-10-02 15:32:55,080220,제주반도체,0.4,2.5,104.78,1,4.76,HOLD,보유 유지 (수익률: -2.24%)
14924361,2026-10-02 15:43:05,005930,삼성전자,0.1,-5,114.82,5,0.0,WATCH,비거래 시간대 분석
14924361,2026-10-02 15:43:05,047040,대우건설,0.3,2,80.8,5,-0.84,WATCH,비거래 시간대 분석
14924361,2026-10-02 15:43:05,000660,SK하이닉스,0.2,1,105.38,5,0.44,WATCH,비거래 시간대 분석
14924361,2026-10-02 15:43:05,010140,삼성중공업,0.5,3,115.32,3,1.22,WATCH,비거래 시간대 분석
14924361,2026-10-02 15:43:05,010170,대한광통신,0.7,7,107.09,5,4.71,HOLD,보유 유지 (수익률: -0.52%)
14924361,2026-10-02 15:43:05,468670,브릴스,0.3,0,86.23,2,11.66,WATCH,비거래 시간대 분석
14924361,2026-10-02 15:43:05,478340,나라스페이스테크놀로지,0.6,5,94.42,1,22.95,WATCH,비거래 시간대 분석
14924361,2026-10-02 15:43:05,266690,덕산넵코어스,0.4,-3,79.37,3,-1.44,WATCH,비거래 시간대 분석
14924361,2026-10-02 15:43:05,439960,코스모로보틱스,0.1,-7,63.44,2,-8.32,WATCH,비거래 시간대 분석
14924361,2026-10-02 15:43:05,080220,제주반도체,0.4,2.5,104.77,1,4.76,HOLD,보유 유지 (수익률: -2.24%)
14927040,2026-10-06 09:01:46,000660,SK하이닉스,0.2,5,68.37,6,-0.81,WATCH,1차 필터(AND) 조건 미충족
14927040,2026-10-06 09:01:46,028300,HLB,0.6,8,267.57,1,8.78,WATCH,1차 필터(AND) 조건 미충족
14927045,2026-10-06 09:11:53,005930,삼성전자,0.1,1,80.44,6,0.0,WATCH,1차 필터(AND) 조건 미충족
14927045,2026-10-06 09:11:53,356680,엑스게이트,0.3,7,123.27,1,16.02,WATCH,1차 필터(AND) 조건 미충족
14927045,2026-10-06 09:11:53,028300,HLB,0.4,8,156.25,1,19.65,WATCH,1차 필터(AND) 조건 미충족
14927045,2026-10-06 09:11:53,000660,SK하이닉스,0.2,5,103.52,6,-1.2,WATCH,1차 필터(AND) 조건 미충족
14927050,2026-10-06 09:22:24,005930,삼성전자,0.1,1,97.81,6,0.36,WATCH,1차 필터(AND) 조건 미충족
14927050,2026-10-06 09:22:24,356680,엑스게이트,0.2,7,109.15,1,11.23,WATCH,1차 필터(AND) 조건 미충족
14927050,2026-10-06 09:22:24,028300,HLB,0.3,8,166.41,1,20.02,WATCH,1차 필터(AND) 조건 미충족
14927050,2026-10-06 09:22:24,000660,SK하이닉스,0.2,5,90.97,6,-1.2,WATCH,1차 필터(AND) 조건 미충족
14927056,2026-10-06 09:32:33,005930,삼성전자,0.1,1,108.9,6,0.72,WATCH,1차 필터(AND) 조건 미충족
14927056,2026-10-06 09:32:33,010170,대한광통신,0.3,4,0.0,6,4.89,HOLD,보유 유지 (수익률: 4.34%)
14927056,2026-10-06 09:32:33,356680,엑스게이트,0.4,7,102.61,1,9.9,WATCH,1차 필터(AND) 조건 미충족
14927056,2026-10-06 09:32:33,028300,HLB,0.7,8,167.68,1,25.34,WATCH,1차 필터(AND) 조건 미충족
14927056,2026-10-06 09:32:33,000660,SK하이닉스,0.2,5,95.66,6,-1.09,WATCH,1차 필터(AND) 조건 미충족
14927061,2026-10-06 09:42:51,005930,삼성전자,0.1,1,113.38,6,0.72,WATCH,1차 필터(AND) 조건 미충족
14927061,2026-10-06 09:42:51,010170,대한광통신,0.1,3,124.32,6,3.93,HOLD,보유 유지 (수익률: 3.39%)
14927061,2026-10-06 09:42:51,356680,엑스게이트,0.3,7,99.48,1,9.63,WATCH,1차 필터(AND) 조건 미충족
14927061,2026-10-06 09:42:51,028300,HLB,0.4,6,138.32,1,16.69,WATCH,1차 필터(AND) 조건 미충족
14927061,2026-10-06 09:42:51,000660,SK하이닉스,0.2,5,97.08,6,-1.2,WATCH,1차 필터(AND) 조건 미충족
14927065,2026-10-06 09:52:16,005930,삼성전자,0.1,1,109.47,6,0.27,WATCH,1차 필터(AND) 조건 미충족
14927065,2026-10-06 09:52:16,010170,대한광통신,0.2,7,127.0,6,4.44,HOLD,보유 유지 (수익률: 3.90%)
14927065,2026-10-06 09:52:16,356680,엑스게이트,0.3,6,95.87,1,8.04,WATCH,1차 필터(AND) 조건 미충족
14927065,2026-10-06 09:52:16,047920,HLB제약,0.4,3,107.76,1,29.97,WATCH,1차 필터(AND) 조건 미충족
14927065,2026-10-06 09:52:16,028300,HLB,0.5,8,140.25,1,18.79,WATCH,1차 필터(AND) 조건 미충족
14927065,2026-10-06 09:52:16,000660,SK하이닉스,0.3,5,87.17,6,-1.9,WATCH,1차 필터(AND) 조건 미충족
14927071,2026-10-06 10:02:35,005930,삼성전자,0.2,5,115.0,6,0.36,WATCH,1차 필터(AND) 조건 미충족
14927071,2026-10-06 10:02:35,010170,대한광통신,0.4,8,127.12,6,4.49,HOLD,보유 유지 (수익률: 3.95%)
14927071,2026-10-06 10:02:35,356680,엑스게이트,0.3,7,96.13,1,8.57,WATCH,1차 필터(AND) 조건 미충족
14927071,2026-10-06 10:02:35,028300,HLB,0.5,9,139.67,1,19.04,WATCH,1차 필터(AND) 조건 미충족
14927071,2026-10-06 10:02:35,047920,HLB제약,0.5,9,107.46,1,29.97,WATCH,1차 필터(AND) 조건 미충족
14927071,2026-10-06 10:02:35,000660,SK하이닉스,0.3,6,88.45,6,-1.96,WATCH,1차 필터(AND) 조건 미충족
14927076,2026-10-06 10:13:10,005930,삼성전자,0.2,5,119.53,6,0.36,WATCH,1차 필터(AND) 조건 미충족
14927076,2026-10-06 10:13:10,069540,빛과전자,0.3,7,137.94,1,13.41,WATCH,1차 필터(AND) 조건 미충족
14927076,2026-10-06 10:13:10,010170,대한광통신,0.4,6,126.76,6,4.44,HOLD,보유 유지 (수익률: 3.90%)
14927076,2026-10-06 10:13:10,356680,엑스게이트,0.3,4,96.08,1,9.37,WATCH,1차 필터(AND) 조건 미충족
14927076,2026-10-06 10:13:10,028300,HLB,0.5,8,136.09,1,17.92,WATCH,1차 필터(AND) 조건 미충족
14927076,2026-10-06 10:13:10,047920,HLB제약,0.4,7,107.2,1,29.97,WATCH,1차 필터(AND) 조건 미충족
14927076,2026-10-06 10:13:10,000660,SK하이닉스,0.3,2,91.39,6,-2.17,WATCH,1차 필터(AND) 조건 미충족
14927081,2026-10-06 10:22:49,005930,삼성전자,0.2,5,120.5,6,-0.09,WATCH,1차 필터(AND) 조건 미충족
14927081,2026-10-06 10:22:49,069540,빛과전자,0.4,7,132.3,1,12.89,WATCH,1차 필터(AND) 조건 미충족
14927081,2026-10-06 10:22:49,203650,드림시큐리티,0.2,-6,96.37,1,7.38,WATCH,1차 필터(AND) 조건 미충족
14927081,2026-10-06 10:22:49,010170,대한광통신,0.4,6,119.99,6,3.65,HOLD,보유 유지 (수익률: 3.11%)
14927081,2026-10-06 10:22:49,356680,엑스게이트,0.3,5,96.1,1,9.37,WATCH,1차 필터(AND) 조건 미충족
14927081,2026-10-06 10:22:49,028300,HLB,0.6,9,133.11,1,16.32,WATCH,1차 필터(AND) 조건 미충족
14927081,2026-10-06 10:22:49,047920,HLB제약,0.5,8,93.11,1,28.67,WATCH,1차 필터(AND) 조건 미충족
14927081,2026-10-06 10:22:49,000660,SK하이닉스,0.3,2,86.67,6,-2.34,WATCH,1차 필터(AND) 조건 미충족
14927085,2026-10-06 10:32:33,005930,삼성전자,0.2,5,121.42,6,0.0,WATCH,1차 필터(AND) 조건 미충족
14927085,2026-10-06 10:32:33,047040,대우건설,0.1,1,120.03,6,0.68,WATCH,1차 필터(AND) 조건 미충족
14927085,2026-10-06 10:32:33,069540,빛과전자,0.5,7,129.96,1,13.41,WATCH,1차 필터(AND) 조건 미충족
14927085,2026-10-06 10:32:33,203650,드림시큐리티,0.3,-7,95.17,1,8.08,WATCH,1차 필터(AND) 조건 미충족
14927085,2026-10-06 10:32:33,010170,대한광통신,0.4,5,117.25,6,3.82,HOLD,보유 유지 (수익률: 3.28%)
14927085,2026-10-06 10:32:33,356680,엑스게이트,0.4,3,0.0,1,8.83,WATCH,1차 필터(AND) 조건 미충족
14927085,2026-10-06 10:32:33,047920,HLB제약,0.3,2,98.11,1,29.97,WATCH,1차 필터(AND) 조건 미충족
14927085,2026-10-06 10:32:33,028300,HLB,0.6,9,132.88,1,18.17,WATCH,1차 필터(AND) 조건 미충족
14927085,2026-10-06 10:32:33,000660,SK하이닉스,0.3,2,88.55,6,-2.01,WATCH,1차 필터(AND) 조건 미충족
