code,dt,src,title
033790,2026.08.31 08:51,이데일리,"피노, 코스모신소재 대상 150억원 유증…""이차전지 소재 사업 경쟁력...."
033790,2026.08.31 08:11,아시아경제,"피노, 코스모신소재 대상 150억원 규모 유상증자 결정"
033790,2026.08.31 08:11,아시아경제,"피노, 코스모신소재 대상 150억원 규모 유상증자 결정"
033790,2026.08.14 14:51,머니투데이,"피노, 상반기 영업익 118억…""반기 사상 최대 실적"""
033790,2026.08.14 14:31,뉴시스,"피노, 상반기 역대 최대 실적 달성"
033790,2026.08.14 14:31,뉴시스,"피노, 상반기 역대 최대 실적 달성"
033790,2026.08.14 14:15,이데일리,"피노, 상반기 영업이익 118억…전년比 1627%↑"
033790,2026.06.29 13:25,이데일리,"피노, 이차전지 강세 속 장중 13%대 상승[특징주]"
033790,2026.06.16 17:55,블로터,"피노, 씨앤피신소재 지분 75% 확보…LFP 합작 본격화"
033790,2026.06.11 08:20,뉴시스,"피노, 씨앤피신소재 지분 추가 인수…최대주주 등극"
033790,2026.06.11 08:18,아시아경제,"피노, 씨앤피신소재테크놀로지 최대주주 등극"
033790,2026.06.11 08:18,아시아경제,"피노, 씨앤피신소재테크놀로지 최대주주 등극"
033790,2026.05.28 11:20,뉴시스,"피노, 포항 LFP 양극재 전용 생산라인 착공"
033790,2026.05.22 13:29,이데일리,"피노, 이차전지 업황 훈풍에 7%대 강세[특징주]"
033790,2026.05.15 13:47,이데일리,"피노, 1분기 매출액 1091억·영업익 95억 달성"
033790,2026.05.15 13:31,뉴시스,"피노, 1분기 영업이익 95억…전년比 1만7620.8%↑"
033790,2026.05.15 13:31,뉴시스,"피노, 1분기 영업이익 95억…전년比 1만7620.8%↑"
033790,2026.04.15 15:50,이데일리,"“삼성SDI 투자로 입증”…피노, 배터리 소재 기업 전환 본격화[코스...."
033790,2026.04.08 16:49,서울경제,기업공시 [4월 8일]
000500,2026.08.29 09:00,머니투데이,종목 장세 시작되나?…삼성·현대·SK 그룹주 모두 '미끌'[김근희의 증...
000500,2026.08.28 07:50,SBS Biz,"[애프터마켓 리뷰] 휴온스글로벌, 자회사 합병 철회에 상한가"
000500,2026.08.28 06:10,한국일보,AI발 슈퍼사이클로 물 만난 글로벌 ‘전력 강자’
000500,2026.08.27 21:36,매일경제,“전력 아쉬워도 중국 장비는 쓰지마”...트럼프 명령에 K전력株 급등
000500,2026.08.27 18:07,매일경제,트럼프 사실상 中전력장비 수입 제한에 … K전력·전선주 급등
000500,2026.08.27 18:07,매일경제,트럼프 사실상 中전력장비 수입 제한에 … K전력·전선주 급등
000500,2026.08.27 17:01,뉴스1,美 전력망 외산 장비 퇴출…中 대체 국내 전력기기주 급등[핫종목](종....
000500,2026.08.27 09:55,뉴스1,"트럼프, 외산 장비 퇴출 행정명령…전력기기주 강세[핫종목]"
000500,2026.08.27 09:55,뉴스1,"트럼프, 외산 장비 퇴출 행정명령…전력기기주 강세[핫종목]"
000500,2026.08.27 16:19,서울신문,[서울데이터랩]마감 직후 인기 검색 종목 20選
000500,2026.08.27 16:14,서울신문,"[마감시황]코스피, 반도체·전력기기 강세에 6,912.37 마감…외국인..."
000500,2026.08.27 15:58,조선비즈,"[마켓뷰] 코스피, 엔비디아 훈풍·기타법인 매수세에 6900선 안착"
000500,2026.08.27 15:44,한국경제,"""땡큐, 엔비디아""…코스피, '백투백' 금리인상에도 1%대 상승"
000500,2026.08.27 14:13,이데일리,"전선株, 2040년 재생에너지 6배 청사진에 주가 20% 급등[특징주]"
000500,2026.08.27 10:00,조선비즈,[특징주] 트럼프 ‘외국산 전력장비 금지’ 명령에… 전력기기株 일제.....
000500,2026.08.27 05:50,머니투데이,"""AI 데이터센터 성장에 LS전선 자회사 美생산법인 올해 매출 2배 급..."
000500,2026.08.26 08:06,아시아경제,"LS전선 주요 자회사, 상반기 '역대 최대' 실적…3사 합산 매출 2...."
000500,2026.08.26 06:20,머니투데이,'AI 전력 수요'에 납품해도 일감 더 쌓인다…전선업계 수주잔고 '쑥'
000500,2026.08.25 17:17,매일경제,배관 설치·전선 삽입을 동시에…공사비 '뚝'
000500,2026.08.25 11:10,서울경제,"가온전선-DL이앤씨, 배관 일체형 케이블 신공법 검증 완료…내년 현장..."
000500,2026.08.25 11:10,서울경제,"가온전선-DL이앤씨, 배관 일체형 케이블 신공법 검증 완료…내년 현장..."
000500,2026.08.25 12:32,파이낸셜뉴스,"가온전선·DL이앤씨, 배관·전선 하나로 묶었다...내년 본격 적용"
000500,2026.08.25 10:45,세계일보,“AI가 전기 먹는다”…전선·변압기 업계 ‘역대급 실적’ 터진 이유
000500,2026.08.25 09:51,디지털타임스,"가온전선, DL이앤씨와 ‘배관 일체형 케이블 상용화’ 협력"
000500,2026.08.25 08:54,블로터,"가온전선, '배관 없는 케이블'로 공사비 30% 낮춘다…내년 도입"
000500,2026.08.25 08:54,블로터,"가온전선, '배관 없는 케이블'로 공사비 30% 낮춘다…내년 도입"
000500,2026.08.25 09:50,지디넷코리아,"가온전선, 신공법 적용 케이블 내년 DL이앤씨 공동주택에 공급"
000500,2026.08.25 09:47,전자신문,"가온전선-DL이앤씨, 공동주택에 배관 일체형 케이블 신공법 검증 完…..."
000500,2026.08.25 09:47,전자신문,"가온전선-DL이앤씨, 공동주택에 배관 일체형 케이블 신공법 검증 完…..."
000500,2026.08.25 09:36,한국경제TV,"가온전선-DL이앤씨, 케이블 신공법 검증…내년 본격 적용"
000500,2026.08.25 09:32,헤럴드경제,"가온전선, DL이앤씨와 케이블 신공법 공동주택 검증 완료"
000500,2026.08.25 09:21,뉴시스,"가온전선, DL이앤씨와 케이블 신공법 공동주택 검증…내년 본격 적용"
000500,2026.08.25 09:16,데일리안,"가온전선-DL이앤씨, 전기공사비 20~30% 줄이는 케이블 신공법 검..."
000500,2026.08.25 08:47,뉴스1,"가온전선-DL이앤씨, 케이블 신공법 공동주택 검증 완료…내년 적용"
000500,2026.08.25 08:44,연합뉴스,"가온전선, DL이앤씨와 케이블 신공법 공동주택 검증…내년 적용"
000500,2026.08.25 08:37,아시아경제,"가온전선·DL이앤씨, '케이블 신공법' 검증 완료…내년 공동주택 본격..."
000500,2026.08.25 08:30,이데일리,"가온전선-DL이앤씨, 케이블 신공법 검증 완료…내년 본격 적용"
000500,2026.08.25 05:00,뉴시스,"""송전·변전·배전 아우른다"" LS그룹, 글로벌 전력 인프라 공급 '본격..."
000500,2026.08.24 18:29,SBS Biz,구글·아마존 주문 밀려 공장 또 짓는다…LS·대한전선 '이 설비' 뭐길...
000500,2026.08.24 10:01,서울경제,SK하이닉스發 ‘기타법인 시대’…코스피 수급 구조 바뀌었다
000500,2026.08.24 07:01,서울경제,"빅테크가 먼저 손 내밀었다…LS전선, 유럽 신공장 짓고 북미 ‘제2본사..."
000500,2026.08.23 18:01,서울경제,"LS전선, 유럽·북미 공급망 동시 구축…2차 슈퍼사이클 올라타"
000500,2026.08.22 06:31,헤럴드경제,AI DC 특수에 활짝…가온전선 “5년뒤 버스덕트 매출 25배 폭증 예...
000500,2026.08.21 15:25,블로터,"[가온전선, 증명의 시간]③R&D 무장한 특수케이블, 시장 판도 바꾼다"
000500,2026.08.21 00:15,국민일보,“퇴출 위기서 주연으로”… AI 전력 붐 타고 날아오른 ‘버스덕트’
000500,2026.08.21 00:02,중앙일보,"가온전선, 미 AI데이터센터에 2000억 설비 공급"
000500,2026.08.21 00:02,중앙일보,"가온전선, 미 AI데이터센터에 2000억 설비 공급"
000500,2026.08.20 20:24,이데일리,[미리보는 이데일리 신문]AI 데이터센터 붐에 '블루칼라' 모시기 전쟁
000500,2026.08.20 18:24,국민일보,AI 전력 붐 타고 날아오른 ‘버스덕트’… 북미 공급망 진입 속도전
000500,2026.08.20 18:23,파이낸셜뉴스,"가온전선, 2000억 규모 버스덕트 공급"
000500,2026.08.20 18:23,파이낸셜뉴스,"가온전선, 2000억 규모 버스덕트 공급"
000500,2026.08.20 16:17,노컷뉴스,"가온전선, 美 AI 데이터센터에 2천억 규모 버스덕트 공급"
000500,2026.08.20 11:33,데일리안,"가온전선, 美 AI 데이터센터에 2천억 규모 버스덕트 공급"
000500,2026.08.20 11:25,중앙일보,"가온전선, 美 초대형 AI 데이터센터와 버스덕트 계약…2000억원 규..."
000500,2026.08.20 11:24,블로터,"[가온전선, 증명의 시간]② 美 생산력 넘어선 러브콜…1200억 베팅"
000500,2026.08.20 10:00,헤럴드경제,"가온전선, AI 클라우드 데이터센터에 2000억원 규모 버스덕트 공급"
000500,2026.08.20 09:56,디지털데일리,"가온전선, , 美 AI 데이터센터에 2000억원 버스덕트 공급"
000500,2026.08.20 09:47,파이낸셜뉴스,"가온전선, '2천억 규모' 버스덕트 美 AI 클라우드 데이터센터에 공..."
000500,2026.08.20 09:47,연합뉴스,"가온전선, 미국 초대형 AI데이터센터에 2천억원 버스덕트 공급"
000500,2026.08.20 18:18,한국경제,"가온전선, 美 AI센터에 2000억 버스덕트 공급"
000500,2026.08.20 10:23,전자신문,"가온전선, 美 초대형 AI 데이터센터에 2000억 규모 버스덕트 공급"
000500,2026.08.20 10:23,전자신문,"가온전선, 美 초대형 AI 데이터센터에 2000억 규모 버스덕트 공급"
000500,2026.08.20 10:10,디지털타임스,"가온전선, AI 클라우드 사업자와 2000억 버스덕트 공급 계약"
000500,2026.08.20 10:07,지디넷코리아,"가온전선, AI 클라우드 데이터센터에 버스덕트 공급…2000억 규모"
000500,2026.08.20 10:06,서울경제,"가온전선, 美 AIDC에 2000억 규모 버스덕트 공급"
000500,2026.08.20 10:04,이코노미스트,"가온전선, 이번엔 AI 클라우드 사업자와 계약 '또 일냈다'"
000500,2026.08.20 10:03,블로터,"가온전선, 美 AI 데이터센터에 '2000억' 버스덕트 추가 공급"
000500,2026.08.20 10:01,뉴시스,"가온전선, 美 초대형 AI 데이터센터에 2000억 규모 배전 설비 공..."
000500,2026.08.20 09:55,한국경제TV,"가온전선, 미국 AI 데이터센터에 2000억 규모 버스덕트 공급"
000500,2026.08.20 09:50,머니투데이,"가온전선, 美 AI 데이터센터에 2000억 규모 버스덕트 공급"
000500,2026.08.20 09:48,뉴스1,"가온전선, 美 초대형 AI 데이터센터에 2000억 규모 버스덕트 공급"
000500,2026.08.20 09:47,이데일리,가온전선 美 초대형 데이터센터에 2000억원 규모 버스덕트 공급
000500,2026.08.20 09:35,아시아경제,"가온전선, 美 초대형 AI 데이터센터에 2000억 규모 버스덕트 공급"
066970,2026.08.31 09:38,서울신문,[서울데이터랩]개장 직후 인기 검색 종목 20選
066970,2026.08.31 09:36,뉴스1,"SK이노, 오늘은 6% 강세…SK온 美ESS 수주 호재[핫종목]"
066970,2026.08.28 17:40,매일경제,美ESS시장 진출 확대…이차전지株 기지개
066970,2026.08.28 17:18,주간동아,"외국인, 주주환원 재료 소멸 SK하이닉스·삼성전자 8조 순매도"
066970,2026.08.28 15:44,서울신문,[서울데이터랩]마감 직후 인기 검색 종목 20選
066970,2026.08.28 09:58,뉴스1,"신영證 ""트럼프 전력망 안보 행정명령…韓 이차전지 수혜 기대"""
066970,2026.08.28 08:20,이데일리,"엘앤에프, LFP 양극재발 영업실적 상향이 긍정적…'매수'-메리츠"
066970,2026.08.25 07:01,서울경제,엇갈린 그룹주…‘주주환원’ 삼성 울고 2차전지 훈풍 포스코 웃었다...
066970,2026.08.24 22:33,서울경제,‘72만원→34만원’ 반토막 비명 나더니…삼성株 줄줄이 빠질 때 혼자....
066970,2026.08.24 18:12,매일경제,“이 주식 있다고 하면 동정받았는데”...4.5조 실탄 기대에 2차전지...
066970,2026.08.24 17:56,매일경제,삼성SDI 4.5조 실탄 기대…이차전지株 랠리
066970,2026.08.24 17:56,매일경제,삼성SDI 4.5조 실탄 기대…이차전지株 랠리
481050,2026.04.13 07:00,이코노미스트,“수익보다 방어” 변동성 장세서 존재감 커진 액티브 ETF
481050,2025.12.11 17:41,서울경제,"증시 숨고르자 파킹 수요 늘어…증권사 RP, 다시 사상 최고치"
481050,2025.10.29 06:02,조선비즈,파킹형 ETF도 ‘분배락’ 주의보
086450,2026.08.31 09:35,연합뉴스,"[바이오스냅] 동국제약, '마데캄 블록 MD 크림' 출시"
086450,2026.08.31 08:40,이데일리,"껌 대신 비타민…""건강 우선"" 편의점 계산대 앞 진열대도 바꿨다"
086450,2026.08.31 07:55,SBS Biz,[애프터마켓 리뷰] 글로벌 주요 은행들의 스테이블코인 공동 발행 추.....
086450,2026.08.31 05:02,서울신문,"동국제약, 약국 전용 수분크림 신제품 출시 [서울바이오헬스대상]"
086450,2026.08.30 17:27,매일경제,코스닥 9% 떨어질때 … 코스닥글로벌 지수는 10% 올라
086450,2026.08.29 11:01,이코노미스트,‘혁신형’ 멀어진 중소 제약사…화장품으로 눈 돌리나
086450,2026.08.28 15:41,조선비즈,[비즈톡톡] 아마존 넘어 세포라·타깃 매대로… 美 유통공룡 진출 확.....
086450,2026.08.28 13:34,뉴시스,잘나가는 K-뷰티 이젠 골라 담는다…더마·향수·웰니스 전문관 세분...
086450,2026.08.28 07:40,SBS Biz,'내가 살 땐 왜 맨날 품절일까?'…다이소 품절템 뭔가 봤더니
086450,2026.08.25 21:47,한국경제,"""없어서 못 판다""…다이소 '완판템' 뭐 있나"
086450,2026.08.25 17:21,이코노미스트,"동국제약 마데카파마시아, 고기능성 수분크림 ‘페이셜리페어크림 라..."
086450,2026.08.25 13:09,코메디닷컴,PDRN 더하고 끈적임 줄였다?동국제약 새 수분크림 출시
086450,2026.08.25 13:09,코메디닷컴,PDRN 더하고 끈적임 줄였다?동국제약 새 수분크림 출시
086450,2026.08.25 11:14,한국경제TV,"동국제약, 고기능성 수분크림 ‘페이셜리페어크림 라이트’ 출시"
086450,2026.08.25 06:01,조선비즈,"‘국내 조영제 1위’ 동국생명과학, 인벤테라 신약 확보·생산능력 3배...."
086450,2026.08.25 06:01,매일경제,"외국인들, 삼성그룹주 던졌다…100조 넘는 주주환원책에 실망한 이유....."
086450,2026.08.24 09:27,문화일보,식약처 인증까지… 獨 생약성분 배뇨장애 개선 효과만점
086450,2026.08.21 04:01,파이낸셜뉴스,"""여러번 바르지 말고 한번에"" 여름철 피부, 스키니멀리즘으로 지키자....."
086450,2026.08.20 13:42,파이낸셜뉴스,스킨케어도 다이어트...단계 줄이고 기능 더한다 [Weekend 뷰티]
086450,2026.08.20 09:02,아시아경제,"""차가운 음식에 잇몸 '찌릿'…인사돌로 여름철 잇몸 건강 관리"""
086450,2026.08.18 17:59,한국경제TV,주 1회 맞는 인슐린 등장…74조 '신 주사제' 시장 온다 [바이탈]
086450,2026.08.18 14:32,이코노미스트,"동국제약, 독거노인종합지원센터와 ‘걷기 기부 캠페인’ 전개"
086450,2026.08.18 11:21,코메디닷컴,내 걸음이 어르신 치료비로…동국제약 ‘10억 보’ 기부 캠페인
086450,2026.08.18 11:21,코메디닷컴,내 걸음이 어르신 치료비로…동국제약 ‘10억 보’ 기부 캠페인
086450,2026.08.18 10:43,아시아경제,"동국제약, '동국제약과 함께하는 걷기 기부 캠페인' 진행"
086450,2026.08.18 09:45,파이낸셜뉴스,"LS證 ""'화장품 수출' 동국제약, 현저히 '저평가""에도 목표가 하향…..."
086450,2026.08.18 09:03,서울경제,"동국제약, 美·日 화장품 수출 날개…“올해 1000억 돌파 전망” [..."
086450,2026.08.18 09:03,서울경제,"동국제약, 美·日 화장품 수출 날개…“올해 1000억 돌파 전망” [..."
003670,2026.08.31 09:40,조선일보,“3년 물린 개미 드디어...” 美 에너지저장장치(ESS) 시장 기대에...
003670,2026.08.31 09:36,뉴스1,"SK이노, 오늘은 6% 강세…SK온 美ESS 수주 호재[핫종목]"
003670,2026.08.31 09:26,매일신문,"리튬 반등에 북미 ESS 훈풍…2차전지, 실적 회복 '주목'"
003670,2026.08.31 09:19,파이낸셜뉴스,반도체 팔고 이차전지로?…일주일 새 29% 뛴 이유
003670,2026.08.31 07:30,뉴스1,美·加 관세전쟁에 K-배터리 '긴장'…품목 확대되면 현지 거점 불똥
003670,2026.08.31 00:25,국민일보,"美, 캐나다 관세… 완성차는 ‘담담’, 부품업계는 ‘한숨’"
003670,2026.08.30 16:56,국민일보,"美 캐나다 관세… 완성차는 ‘담담’, 부품업계는 ‘한숨’"
003670,2026.08.28 17:40,매일경제,美ESS시장 진출 확대…이차전지株 기지개
003670,2026.08.28 14:57,한국경제TV,"삼성바이오, 자금 조달 방향 틀었다...3조 유증 나선 배경은"
003670,2026.08.28 09:58,뉴스1,"신영證 ""트럼프 전력망 안보 행정명령…韓 이차전지 수혜 기대"""
003670,2026.08.28 08:31,연합뉴스,"신영증권 ""트럼프 中전력장비 규제에 韓배터리 수혜구조 강화"""
003670,2026.08.28 08:31,연합뉴스,"신영증권 ""트럼프 中전력장비 규제에 韓배터리 수혜구조 강화"""
003670,2026.08.28 09:58,뉴스1,"신영證 ""트럼프 전력망 안보 행정명령…韓 이차전지 수혜 기대"""
003670,2026.08.28 08:31,연합뉴스,"신영증권 ""트럼프 中전력장비 규제에 韓배터리 수혜구조 강화"""
003670,2026.08.28 08:31,연합뉴스,"신영증권 ""트럼프 中전력장비 규제에 韓배터리 수혜구조 강화"""
003670,2026.08.28 08:20,이데일리,"엘앤에프, LFP 양극재발 영업실적 상향이 긍정적…'매수'-메리츠"
003670,2026.08.27 16:45,서울경제,힘 빠진 반도체 대신 2차전지·전력이 달렸다… 코스피 6900선 안착 ...
003670,2026.08.27 15:26,한국일보,"""中에 밀린 K배터리, 美 ESS 시장이 돌파구"""
003670,2026.08.27 10:12,데일리안,"K-배터리 위기, 전기차 캐즘 넘어 '미국 ESS'에서 새 활로 찾아..."
003670,2026.08.27 10:12,데일리안,"K-배터리 위기, 전기차 캐즘 넘어 '미국 ESS'에서 새 활로 찾아..."
003670,2026.08.27 10:00,뉴시스,"전기차서 밀린 K-배터리, ESS로 반전 노린다…2035년 시장 8배..."
003670,2026.08.26 10:03,뉴시스,'삼전·닉스' 숨고르기…LG·한화·포스코 그룹주 ETF '약진'
003670,2026.08.26 06:27,SBS Biz,'한화솔루션 유증'에 지난달 주식발행 5배 가까이 급증
003670,2026.08.26 06:00,연합뉴스,7월 한화솔루션 유증에 주식발행 373%↑…단기사채는 줄어
003670,2026.08.26 06:00,연합뉴스,7월 한화솔루션 유증에 주식발행 373%↑…단기사채는 줄어
003670,2026.08.26 05:04,서울신문,"금호석유화학, R＆D로 수익성·미래 동시 공략"
003670,2026.08.25 19:11,이데일리,"전기차 7000만대분 콸콸…포스코, '백색 노다지' 터졌다 [르포]"
003670,2026.08.25 17:50,한국경제,전 세계가 중국만 쳐다봤는데…포스코 '돈방석' 터진 이유
003670,2026.08.25 17:50,한국경제,전 세계가 중국만 쳐다봤는데…포스코 '돈방석' 터진 이유
003670,2026.08.25 17:20,한국경제,"[르포] 해발 4000m 고지대서…포스코, '하얀 석유' 리튬 10만..."
003670,2026.08.25 15:01,조선비즈,"[르포] 숨 쉬기도 힘든 4000m 소금호수서 8년… 포스코, ‘하얀..."
003670,2026.08.25 16:41,이데일리,美·캐나다 관세전쟁에 車·배터리 긴장…북미 공급망 균열 우려
003670,2026.08.25 15:50,이데일리,삼전닉스 쉬어가니 그룹주 ETF 담아볼까…LG·포스코 ‘두각’
003670,2026.08.25 15:02,이데일리,"흑자 돌아선 포스코 리튬, 증설 속도…""생산량 올라갈 일만 남아"""
003670,2026.08.25 11:24,지디넷코리아,"LG CNS, 대기업 SI 중 내부거래 비중 최저…외부 매출이 절반 넘..."
003670,2026.08.25 07:01,서울경제,엇갈린 그룹주…‘주주환원’ 삼성 울고 2차전지 훈풍 포스코 웃었다...
003670,2026.08.24 22:33,서울경제,‘72만원→34만원’ 반토막 비명 나더니…삼성株 줄줄이 빠질 때 혼자....
003670,2026.08.24 15:10,한국경제TV,'72만→34만원' 비명 개미 '휴~'…독보적 강세 50만원 뚫었다
003670,2026.08.24 15:10,한국경제TV,'72만→34만원' 비명 개미 '휴~'…독보적 강세 50만원 뚫었다
003670,2026.08.24 18:12,매일경제,“이 주식 있다고 하면 동정받았는데”...4.5조 실탄 기대에 2차전지...
003670,2026.08.24 17:56,매일경제,삼성SDI 4.5조 실탄 기대…이차전지株 랠리
003670,2026.08.24 17:56,매일경제,삼성SDI 4.5조 실탄 기대…이차전지株 랠리
003670,2026.08.24 10:32,서울경제,"‘삼성D 지분 매각’ 삼성SDI, 8%대↑…2차전지株 ‘불기둥’ [줍..."
003670,2026.08.24 17:21,디지털데일리,"美 배터리 수요 반등에 기대감 'UP'…K-배터리, 생태계 반등 채비 ..."
003670,2026.08.24 16:31,디지털타임스,"""에너지 위기 온다"" 머스크의 경고… 美 ESS 고공성장 기대감 커졌다"
003670,2026.08.24 16:28,헤럴드경제,삼성전자 주주환원 실망에 코스피 6700선 하회…코스닥은 810선 회복...
003670,2026.08.24 15:47,연합뉴스,"[특징주] '삼성디스플레이 지분매각' 삼성SDI, 7% 급등 마감(종합..."
003670,2026.08.24 11:32,한국경제TV,"알짜 지분 팔아 '4조4500억' 확보…삼성SDI, 투자 기대감에 7..."
003670,2026.08.24 11:32,한국경제TV,"알짜 지분 팔아 '4조4500억' 확보…삼성SDI, 투자 기대감에 7..."
003670,2026.08.24 09:36,연합뉴스,"[특징주] '삼성D 지분 매각' 삼성SDI, 8%↑…이차전지주도 강세"
003670,2026.08.24 10:53,파이낸셜뉴스,"삼성SDI, 투자재원 확보에 8%대 급등…이차전지주 동반 강세[특징주]"
327260,2026.08.30 18:07,한국경제,"RF머트리얼즈 ""AI 광통신 특수 본격화"""
327260,2026.08.29 16:31,헤럴드경제,‘AI 열풍 안 끝났다’ 광통신 시장 4배 커진다…AI 반도체 빨라질수...
327260,2026.08.21 08:50,연합뉴스,"하나증권 ""통신장비시장 개화…2년 이상 상승세 지속 가능성"""
327260,2026.08.10 16:10,매일신문,美 중국산 광트랜시버 규제 추진에 광통신株 급등
327260,2026.08.10 10:43,이데일리,코스닥 6% 급등에 매수 사이드카 발동…850선 눈앞
327260,2026.08.10 09:38,SBS Biz,[이 시각 시황] 코스피·코스닥 동반 반등…우주항공·반도체주 강세
327260,2026.08.09 10:45,아시아경제,"""고점서 40% 폭락했는데 지금 사라고?""…증권가가 다시 찍은 '이 종..."
327260,2026.08.08 09:30,머니투데이,"""땡큐 트럼프""…삼전닉스 10%대 급락 때 이 업종 달렸다[김근희의 증..."
327260,2026.08.08 07:02,이데일리,GS건설·세아베스틸지주·RFHIC[하나證 주간추천주]
327260,2026.08.07 09:42,SBS Biz,[이 시각 시황] 코스피·코스닥 약보합 전환…2차전지 강세
096770,2026.08.31 09:38,서울신문,[서울데이터랩]개장 직후 인기 검색 종목 20選
096770,2026.08.31 09:36,뉴스1,"SK이노, 오늘은 6% 강세…SK온 美ESS 수주 호재[핫종목]"
096770,2026.08.31 09:35,이데일리,"예탁원 ""9월 의무보유등록 38개사 2억2948만주 해제"""
096770,2026.08.31 09:19,아시아경제,"예탁원, 9월 의무보유등록 38개사 2억2948만주 해제"
096770,2026.08.31 09:19,아시아경제,"예탁원, 9월 의무보유등록 38개사 2억2948만주 해제"
096770,2026.08.31 09:30,머니투데이,ESS 배터리 셀 공급계약에 SK이노베이션 장초반 강세
096770,2026.08.31 09:24,뉴스1,"SK온, 올해 ESS 수주 목표 절반 채웠다…서산·美 조지아 LFP ..."
096770,2026.08.31 09:24,뉴스1,"SK온, 올해 ESS 수주 목표 절반 채웠다…서산·美 조지아 LFP ..."
096770,2026.08.31 09:13,디지털타임스,"SK온, 美서 1.5조원 규모 ESS 배터리셀 공급계약"
096770,2026.08.31 09:11,블로터,"SK온, 美 네오볼타와 9GWh 장기 공급계약…ESS 공략 확대"
096770,2026.08.31 09:06,한경비즈니스,"SK온, 美서 1.5조 규모 ESS 배터리 공급 계약…북미 공략 가속"
096770,2026.08.31 08:59,지디넷코리아,"SK온, 美 ESS 대규모 수주…1.5조원 규모 추정"
096770,2026.08.31 08:58,서울경제,"SK온, 美 네오볼타 파워와 9GWh ESS 공급계약…1.5조 ‘잭팟..."
096770,2026.08.31 08:58,동행미디어 시대,"SK온, 미 네오볼타에 '1.5조원 규모' ESS용 LFP 배터리 공..."
096770,2026.08.31 08:48,조선일보,"SK온, 美서 1.5조 ESS 배터리 공급 계약…ESS 사업 본격화"
096770,2026.08.31 08:34,이데일리,"SK온, 美 ESS기업에 ESS LFP 배터리 셀 공급계약…1.5조 ..."
096770,2026.08.31 08:31,아시아경제,"SK온, 美 네오볼타에 9GWh 배터리 공급…ESS 확대"
096770,2026.08.31 08:25,파이낸셜뉴스,"SK온, 美 네오볼타 파워와 9GWh 배터리 셀 공급계약…1.5조원 ..."
096770,2026.08.31 08:23,경향신문,"SK온, 美 네오볼타 파워에 9GWh 배터리 공급…ESS 사업 본격 ..."
096770,2026.08.31 08:20,데일리안,"SK온, 美 ESS 배터리 9GWh 수주…ESS 사업 확대 속도"
096770,2026.08.31 08:19,뉴스1,"SK온, 美 ESS서 1.5조 규모 수주…네오볼타에 5년간 9GWh ..."
096770,2026.08.31 08:18,머니투데이,"SK온, 美에서 ESS용 LFP 수주…약 1.5조원 규모"
096770,2026.08.31 08:06,헤럴드경제,"SK온, 美서 ESS 배터리 1.5조원 대형 수주…계약 규모 1년 새..."
096770,2026.08.31 08:04,뉴스1,"[속보] SK온, 美 네오볼타에 5년간 9GWh LFP 배터리 공급"
096770,2026.08.31 09:20,머니투데이,[알림]기업·軍 '에너지 전략' 한눈에…국가대표 모이는 'SEP 202...
096770,2026.08.31 09:20,노컷뉴스,"SK온, 미국서 9GWh ESS 배터리 셀 공급계약 체결"
096770,2026.08.31 09:10,아이뉴스24,"SK온, 美 네오볼타와 대규모 배터리 셀 공급계약 체결?9GWh 규모"
096770,2026.08.31 09:10,아이뉴스24,"SK온, 美 네오볼타와 대규모 배터리 셀 공급계약 체결?9GWh 규모"
096770,2026.08.31 08:39,더팩트,"SK온, 美서 대형 배터리 셀 공급계약 체결…ESS 확대 본격화"
096770,2026.08.31 08:38,뉴시스,"SK온, 美서 1.5조원 규모 ESS 배터리 셀 공급계약 체결"
096770,2026.08.31 08:15,연합뉴스,"SK온, 미국서 9GWh LFP 배터리 셀 공급계약…1.5조 규모"
096770,2026.08.31 08:09,머니투데이,"[속보]SK온, 美 네오볼타에 5년간 9GWh ESS용 배터리 공급"
096770,2026.08.31 09:18,뉴스1,연준 긴축 우려에 코스피 '꽁꽁'…은행주는 강보합 선방[핫종목]
096770,2026.08.31 09:11,아시아경제,"[르포]""유럽내 소재 공급망 확보""…'LG엔솔 투자' 핀란드 양극재 공..."
096770,2026.08.31 09:04,매일경제,"“54만원 SK, 80만원 가능”…실적 개선 외에 증권사가 꼽은 이유가"
096770,2026.08.31 08:27,머니투데이,"SK, 에코플랜트 실적개선에 특별배당까지…""재평가 필요""-SK증권"
096770,2026.08.31 08:27,머니투데이,"SK, 에코플랜트 실적개선에 특별배당까지…""재평가 필요""-SK증권"
096770,2026.08.31 08:29,이데일리,"SK에너지·네이버페이, 주유소 고객 혜택 강화 '맞손'"
096770,2026.08.31 06:02,조선비즈,"“매각 막히고 자금 조달 한계”… SK피아이씨글로벌, 모회사 SKC에 ..."
096770,2026.08.30 17:14,매일경제,SK 리밸런싱 속도…미래사업에 힘 싣는다
096770,2026.08.30 16:05,매일경제,"SK, AI 활용 독립운동가들 발자취 되살려"
096770,2026.08.30 16:05,매일경제,"돈보다 소중한, 우리가 잘하는 일로 … 상생 생태계도 청년·지역사회....."
096770,2026.08.30 15:10,디지털타임스,"트럼프, 외국산 ESS 유입 금지…‘현지생산’ K-배터리 질주 예감"
096770,2026.08.30 14:23,디지털타임스,美 원유 늘리는 정유사… 비용 압박 가중
096770,2026.08.30 11:04,서울경제,"정유주, 정제마진 강세에 코스피 압도…“제품값 정상화 더뎌” [코주....."
096770,2026.08.30 07:05,연합뉴스,"정유주, 정제 마진 상승에 강세…""원유보다 느린 제품 정상화"""
096770,2026.08.30 07:05,연합뉴스,"정유주, 정제 마진 상승에 강세…""원유보다 느린 제품 정상화"""
096770,2026.08.30 10:00,블로터,"""적자 내면 지원 0원""…반쪽짜리 배터리 세제 지원에 뿔난 기업들"
096770,2026.08.30 09:36,디지털데일리,"증설 멈추고 합치고 돌려쓰고…K-배터리, '재편의 시간' [위클리배터리..."
096770,2026.08.30 08:00,부산일보,[비즈앤피플] 질주하는 휴머노이드… ‘황금알’ 배터리 각축전
096770,2026.08.30 06:01,아이뉴스24,ESS 3차 입찰 임박…삼성SDI·SK온 선두 속 LG엔솔 반격 나선다
096770,2026.08.29 17:00,시사저널,전기차 넘어선 K배터리…AI·ESS·로봇으로 '영토 확장'
096770,2026.08.29 15:00,비즈워치,"SK, 계열사 합치며 군살 뺀다…사업구조 재편"
096770,2026.08.29 10:31,서울경제,SK이노 합병 앞두고…SKIET 이틀 연속 8%대 급락[이런국장 저런주...
096770,2026.08.29 07:01,뉴스1,SKIET 1주가 SK이노 0.1주로?…주식 합병은 어떻게? [손엄지...
096770,2026.08.29 07:01,뉴스1,SKIET 1주가 SK이노 0.1주로?…주식 합병은 어떻게? [손엄지...
096770,2026.08.29 00:10,헤럴드경제,“주주가 주인은 아니다”…중복상장 SKIET 다시 품은 SK이노의 메...
096770,2026.08.29 09:00,머니투데이,종목 장세 시작되나?…삼성·현대·SK 그룹주 모두 '미끌'[김근희의 증...
096770,2026.08.29 08:51,한국경제,"올해 133% 폭등했는데…""내년까지 간다"" 잘 나가는 이 종목 [분석+..."
096770,2026.08.28 17:55,매일경제,중동발 공급난 길어지자 윤활기유 값 급등 지속
096770,2026.08.28 17:18,주간동아,"외국인, 주주환원 재료 소멸 SK하이닉스·삼성전자 8조 순매도"
096770,2026.08.28 16:47,이데일리,"SK그룹, 반도체 호조에 신용위험 완화…석화·배터리 부담은 여전"
096770,2026.08.28 16:07,블로터,[SK 분리막사업 재정비] '3000억 PRS' 합병 복병됐다
096770,2026.08.28 16:02,아이뉴스24,외국인 1.7조 '팔자' 코스피 6800 붕괴…'삼전닉스' 급락
096770,2026.08.28 15:00,이코노미스트,카카오 ‘시너지 약화’ vs SK이노 ‘재무 부담’…지배구조 개편에 ....
096770,2026.08.28 14:58,매일신문,"SKIET, 합병 비율 부담에 이틀째 급락"
096770,2026.08.28 10:32,세계일보,"SK이노베이션, SKIET 급하게 합병할 이유 전혀 없다… 주주에 불..."
096770,2026.08.28 10:32,세계일보,"SK이노베이션, SKIET 급하게 합병할 이유 전혀 없다… 주주에 불..."
096770,2026.08.28 09:26,조선비즈,"[특징주] SK이노에 흡수합병 앞둔 SKIET, 이틀째 급락"
096770,2026.08.28 10:25,서울경제,S-Oil 7% 질주…정제마진 강세 전망 ‘호재’ [줍줍리포트]
096770,2026.08.28 10:21,매일신문,정제마진 강세에 커지는 실적 개선 기대감…정유株 일제히 불기둥
096770,2026.08.28 09:52,뉴스1,"정유주, 정제마진 개선 전망에 강세…에쓰오일 7%↑[핫종목]"
096770,2026.08.28 09:42,머니투데이,정제마진 강세 전망…S-Oil 장초반 9% 상승
096770,2026.08.28 09:42,머니투데이,정제마진 강세 전망…S-Oil 장초반 9% 상승
096770,2026.08.28 09:37,SBS Biz,"[이 시각 시황] 코스피 6,900선 반납…외국인·기관 ‘팔자’에 낙폭..."
096770,2026.08.28 08:35,조선비즈,"LS證 “SK이노베이션, 합병으로 적자 배터리 비중 증가…투자의견 ‘...."
096770,2026.08.28 07:00,서울경제,속도내는 SK그룹 리밸런싱…사흘간 흡수합병 3건 결의[biz-플러스]
096770,2026.08.27 17:43,블로터,[SK 분리막 재정비] SKIET가 먼저 합병 손 내밀었다
096770,2026.08.27 14:22,데일리안,'적자 SKIET' 다시 품은 SK이노…'기업가치 제고'로 이어질까
096770,2026.08.27 14:22,데일리안,'적자 SKIET' 다시 품은 SK이노…'기업가치 제고'로 이어질까
096770,2026.08.27 09:18,이데일리,"""주가 하락 과도""…SK이노베이션, SKIET 합병 영향 제한적 분석..."
096770,2026.08.27 09:03,머니투데이,"""SK이노, 흡수합병 펀더멘털 영향 제한적…주가 하락 과도""-신영"
096770,2026.08.27 08:51,파이낸셜뉴스,"SK이노, SKIET 흡수합병...증권가 ""펀더멘털 영향 제한적"""
096770,2026.08.27 07:00,뉴스1,"""합치고 팔고"" SK 리밸런싱 다시 속도…SK이노베이션 '엄마 품' ..."
096770,2026.08.27 06:03,세계일보,"SK이노, SKIET 다시 흡수합병"
096770,2026.08.27 17:35,뉴스1,'上' 찍은 SKIET 하루 만에 9%↓…SK이노 '합병가치' 부담[핫...
096770,2026.08.27 17:35,시사저널,"적자 자회사 품는 SK이노에 뿔난 주주들…""호황에 찬물 끼얹어"""
096770,2026.08.27 17:35,시사저널,"적자 자회사 품는 SK이노에 뿔난 주주들…""호황에 찬물 끼얹어"""
096770,2026.08.27 15:16,더팩트,"SK이노베이션, SKIET '헐값' 재합병에 주주 불만 고조"
096770,2026.08.27 15:11,조선비즈,배당은 안 하면서 적자 자회사 떠안는 SK이노… SKIET 합병 관건...
096770,2026.08.27 14:01,아이뉴스24,"SKIET 품고 주가 급락 SK이노, 사라진 '주주 반대 권리'"
096770,2026.08.27 11:28,부산일보,‘쪼개기 상장’ SKIET 다시 품는 SK이노…뿔난 주주들 국민청원도
096770,2026.08.27 10:09,뉴스1,SKIET 하루 만에 7%↓…SK이노 하락에 합병가치도 '뚝' [핫종...
096770,2026.08.27 09:33,매일신문,"""쪼갤 땐 언제고 적자 나니 재합병""…SK이노 주주 잔혹사에 ""이게 ..."
096770,2026.08.27 09:15,세계일보,SK이노·SKIET 주주 모두 손해인 분할 후 재합병…주주보호방안 내...
096770,2026.08.27 08:54,연합뉴스,"하나증권 ""'SKIET 합병' SK이노, 주주보호·환원정책 필요"""
096770,2026.08.27 08:33,매일경제,“적자 SKIET를 왜 품는데” SK이노 주주들 부글부글…여의도 반응...
096770,2026.08.27 07:50,이데일리,"SK이노베이션, SKIET 흡수합병 …""기존 주주 보호정책 필요"""
096770,2026.08.27 07:29,파이낸셜뉴스,"하나證 ""SK이노, 2.6% 희석보다 무서운 자회사 부담…주주보호책 ..."
096770,2026.08.27 07:00,비즈워치,"증권가 ""SKIET 도로 합병하는 SK이노, 주주보호 정책 필요"""
096770,2026.08.27 07:00,뉴시스,"SKIET 흡수합병에 하락빔""…SK이노 소액주주 '부글부글'"
096770,2026.08.27 06:31,서울경제,적자 기업 합병에 상장사 주가 ‘우수수’ [이런국장 저런주식]
096770,2026.08.27 06:00,뉴스1,떼어낼 땐 '알짜' 다시 품을 땐 '적자'…SK이노 주주 뿔났다
096770,2026.08.27 00:43,국민일보,"SK이노, 결국 SKIET 품는다"
096770,2026.08.27 17:30,전자신문,"SK에코플랜트, SK에코엔지니어링 흡수합병…“AI 인프라 수주 경쟁력...."
096770,2026.08.27 16:41,SBS Biz,"[증시 인사이트]  엔비디아 호실적 확인…코스피, 7천선 회복이 고비...."
096770,2026.08.27 16:02,동행미디어 시대,몸집 줄이기 끝낸 SK…선별 재편으로 남길 사업 고른다
096770,2026.08.27 12:59,전자신문,"세계적 석학 임지순 교수 창업한 카볼루션, 세계 최고 수준 이산화탄....."
096770,2026.08.27 12:16,한경비즈니스,"중국에 밀린 K배터리, '미국 ESS'가 답인 이유"
096770,2026.08.27 11:54,헤럴드경제,"연산 2.5만톤 ‘리튬 2공장’ 준공…포스코, ‘40% 마진’ 시대 연..."
096770,2026.08.27 11:25,블로터,"여전히 발목잡는 공장 가동률…K배터리 3사, 타개책 마련 안간힘"
096770,2026.08.27 11:14,파이낸셜뉴스,"현대차, 신사업 기대감 소멸에 목표가 18%↓…SK이노 ""합병발 주가 ..."
096770,2026.08.27 08:58,아시아경제,전기차 2000대 분량 배터리 한 곳에…제주 첫 BESS 현장 가보니[...
096770,2026.08.27 08:22,SBS Biz,"[기업이슈] 이월드, 5대 1 주식병합…임시주주총회 앞두고 상한가"
096770,2026.08.27 07:54,SBS Biz,"[애프터마켓 리뷰] SK이노베이션, SKIET 흡수합병에 급락 마감"
096770,2026.08.27 07:30,머니투데이,"전기차 캐즘 돌파구 된 ESS…""미국 시장 4배 커진다"" 공략 승부수"
096770,2026.08.27 07:00,머니투데이,"2배 커지는 ESS 시장 간절한데…K배터리 ""출혈 경쟁에 남는게 없다..."
096770,2026.08.27 07:00,머니투데이,"2배 커지는 ESS 시장 간절한데…K배터리 ""출혈 경쟁에 남는게 없다..."
096770,2026.08.27 06:50,비즈워치,"[산업 리그테이블]②'반도체 원맨쇼'에 이노 가세…SK, 이익 체력 '..."
096770,2026.08.26 22:41,매일경제,"“적자 자회사를 왜 합병시키나”…주가 급락한 SK이노, 이유가 있습....."
096770,2026.08.26 20:54,경향신문,"SK이노, 분리 했던 SKIET 다시 합친다"
096770,2026.08.26 20:54,경향신문,"SK이노, 분리 했던 SKIET 다시 합친다"
096770,2026.08.26 18:19,부산일보,‘적자 행진’ SKIET 5년 만에 재흡수 SK이노…주가 11% 급락
096770,2026.08.26 19:13,국민일보,"SKIET 다시 품은 SK이노 “합병으로 연 600억 절감, 2년 후 ..."
096770,2026.08.26 18:20,머니투데이,'ESS 골드러시' 미국 시장 4배 커진다…배터리 라인 전환 속도전
096770,2026.08.26 18:00,머니투데이,"정부 3차 ESS 입찰서 배터리 3사 진검승부..""놓칠 수 없는 기회"""
096770,2026.08.26 18:00,이코노미스트,"[CEO A to Z] 최태원, 왜 AI에 1000조 베팅했나 봤더니"
096770,2026.08.26 17:39,파이낸셜뉴스,SKIET 품는 SK이노…年 600억 절감에도 '분리막 사업 정상화' ...
096770,2026.08.26 16:54,디지털데일리,"분리막 업황 침체에 방향 전환…SK이노베이션, SKIET 품는다"
096770,2026.08.26 16:54,디지털데일리,"분리막 업황 침체에 방향 전환…SK이노베이션, SKIET 품는다"
096770,2026.08.26 16:33,블로터,SK이노가 떠안은 SKIET 정상화…합병 시너지로 '적자고리' 끊는다
096770,2026.08.26 16:00,아이뉴스24,SKIET 다시 품은 SK이노베이션?'분리'서 '통합'으로 돌아선 이...
096770,2026.08.26 15:01,뉴시스,"SKIET 다시 품는 SK이노베이션…""분리막 사업 재편 승부수"""
096770,2026.08.26 14:54,한국경제TV,"7년만에 흡수합병...SK이노 ""2년 내 분리막 흑자 전환"""
096770,2026.08.26 13:48,머니투데이,"SKIET 품은 SK이노베이션 ""2029년 내 분리막 흑자 전환"""
096770,2026.08.26 12:01,이데일리,SK이노 “분리막 사업 2년 내 흑자전환 목표…ESS용 판매 확대”
096770,2026.08.26 11:55,SBS Biz,"캐즘 못 버틴 SKIET, 결국 SK이노 품으로…반등할까"
096770,2026.08.26 17:38,SBS,"또 '전약후강' 코스피 0.97%↑…거래량, 올해 평균의 절반 밑으로"
096770,2026.08.26 16:32,헤럴드경제,"외인·개인 모두 팔았지만, 코스피 또 상승 반전…‘기관의 힘’ [투자..."
096770,2026.08.26 16:32,헤럴드경제,"외인·개인 모두 팔았지만, 코스피 또 상승 반전…‘기관의 힘’ [투자..."
096770,2026.08.26 16:07,아이뉴스24,"코스피 6800선 회복…""삼성전자·SK하이닉스 자사주 매입 추정"""
096770,2026.08.26 16:04,연합뉴스,코스피 0.97%↑…'삼전닉스 기타법인' 연일 조단위 순매수(종합)
096770,2026.08.26 17:37,매일경제,"'적자' SKIET 합병에 급락한 SK이노…""2년내 흑자낼것"""
096770,2026.08.26 16:49,문화일보,"SK이노베이션, SKIET 합병에 “연 600억 원 비용 절감…2년 ..."
096770,2026.08.26 16:49,문화일보,"SK이노베이션, SKIET 합병에 “연 600억 원 비용 절감…2년 ..."
096770,2026.08.26 15:39,경향신문,"성장 바라며 떼어낸 SKIET, 7년 만에 SK이노 품으로…SK이노 ..."
096770,2026.08.26 14:00,조선비즈,"SKIET 합병하는 SK이노 “연간 600억 비용 절감, 분리막 사업..."
096770,2026.08.26 13:46,헤럴드경제,SK이노 “SKEIT 독립 지속시 리스크 타 계열 확대…2년 내 흑자...
096770,2026.08.26 13:15,전자신문,"SK이노, SKIET 흡수합병으로 600억 비용 절감"
096770,2026.08.26 13:10,아시아경제,"SK이노베이션 ""SKIET 합병으로 연 600억 비용 절감…2년 내 ..."
096770,2026.08.26 13:04,데일리안,"SKIET 다시 품은 SK이노 ""합병 후 2029년 영업흑자 전환""(..."
096770,2026.08.26 12:26,TV조선,"SK이노 ""SKIET 합병으로 연간 600억 비용 절감…2년내 흑자전..."
096770,2026.08.26 12:02,아이뉴스24,"SK이노, SK IET 흡수합병…분리막 사업 2년 내 흑자전환 ‘승부..."
096770,2026.08.26 11:45,동행미디어 시대,"SK이노베이션 ""SKIET 흡수합병으로 연 600억 비용절감 예상"""
096770,2026.08.26 11:32,뉴스1,"SK이노 ""IET 합병, 연 600억 비용 절감…분리막 2년 내 흑자..."
096770,2026.08.26 11:30,뉴시스,"[컨콜]SK이노베이션 ""SKIET 합병 늦출수록 재무부담 가중…악순환..."
096770,2026.08.26 11:07,뉴시스,"SK이노베이션 ""SKIET 합병으로 연 600억원 비용 절감…2년 내..."
096770,2026.08.26 17:20,머니투데이,[단독]정부 ESS 시장 확 키운다..3차 입찰사업 1GW 이상 유력
096770,2026.08.26 17:01,이데일리,"[마켓인]“SK이노베이션, SKIET 흡수합병…신용도 영향 제한적”"
096770,2026.08.26 16:36,지디넷코리아,SK이노가 이차전지 분리막 SKIET 합병한 이유
096770,2026.08.26 16:36,지디넷코리아,SK이노가 이차전지 분리막 SKIET 합병한 이유
096770,2026.08.26 16:34,조선비즈,"SKIET, ‘쪼개기 상장’ 5년 만에 모회사 흡수합병… SK이노 1..."
096770,2026.08.26 16:30,블로터,"SK이노베이션, SKIET 자금조달 제약에 합병…매수청구권 변수"
096770,2026.08.26 15:44,뉴시스,"""SK이노에 흡수합병""…나신평, SKIET 신용등급 상향 검토"
096770,2026.08.26 15:42,한국일보,"SK이노, SKIET 흡수합병... ""분리막 사업, 2년 내 흑자 전..."
096770,2026.08.26 14:34,연합뉴스,"나신평, '흡수 합병' SKIET 신용등급 상향 검토 등재"
096770,2026.08.26 14:33,세계일보,"SK이노베이션, SKIET 흡수합병 추진…5640억 규모 신주 발행"
096770,2026.08.26 13:52,파이낸셜뉴스,SK이노 품에 안기는 SKIET…A급 회사채도 'AA급' 수순 [fn...
096770,2026.08.26 13:25,조세일보,"SK이노, SKIET 합병 추진…재무악화에 채무불이행 우려"
096770,2026.08.26 09:56,머니투데이,흡수합병 충격 이렇게 클 줄은…SK이노베이션 16% 급락
096770,2026.08.26 06:05,세계일보,"SK이노, 분리막 자회사 SKIET 흡수 합병"
096770,2026.08.26 00:34,조선일보,"SK이노, 분리막 사업 자회사 흡수합병"
096770,2026.08.26 00:32,동아일보,"SK이노, 적자 자회사 추가합병… 리밸런싱 ‘마지막 퍼즐’ 맞췄다"
096770,2026.08.26 00:01,중앙일보,"[Biz & Now] SK이노, 분리막 사업 자회사 SKIET 합병"
096770,2026.08.26 16:32,서울신문,"[마감시황]코스피, 기관 매수에 6808.21 마감…반도체 강세 속 이..."
096770,2026.08.26 16:32,서울신문,[서울데이터랩]마감 직후 인기 검색 종목 20選
096770,2026.08.26 16:00,이데일리,"한때 주가 25만원, 결국 1만원대 합병엔딩…SKIET 주주 득실은"
096770,2026.08.26 15:43,뉴시스,"SK이노베이션, SKIET 흡수합병에 11% 급락 마감(종합)"
096770,2026.08.26 15:43,뉴시스,"SK이노베이션, SKIET 흡수합병에 11% 급락 마감(종합)"
096770,2026.08.26 15:39,연합뉴스,[특징주] SK이노 11% 하락…합병되는 SKIET는 상한가(종합)
096770,2026.08.26 15:11,조세일보,“합병 안 하면 더 위험” SKIET 품는 SK이노베이션… 금일 주가...
096770,2026.08.26 14:45,한국경제,"""자회사 SKIET 품는다""…SK이노베이션, 10% 넘게 밀렸다 [종..."
096770,2026.08.26 14:29,세계일보,주가 25만원이었던 ‘SKIET’...SK이노베이션은 1만4783원에...
096770,2026.08.26 11:11,매일경제,적자 회사 합병에 SK이노 주가 급락
096770,2026.08.26 11:00,뉴스1,"SK이노베이션, 자회사 SKIET 흡수합병에 16% 급락[핫종목]"
096770,2026.08.26 10:28,매일신문,"SK이노베이션, SKIET 흡수합병 소식에 16%대 급락"
096770,2026.08.26 10:17,시사저널,자회사 흡수합병 SK이노베이션…장 초반 15% 급락
096770,2026.08.26 09:56,서울경제,자회사 흡수합병 SK이노베이션…장 초반 15%대 급락 [이런국장 저런...
096770,2026.08.26 09:43,매일경제,"SK이노베이션, 자회사 SKIET 흡수합병 소식에 장 초반 15% 급..."
096770,2026.08.26 09:34,이데일리,"SK이노, SKIET 흡수합병 결정에 13%대 급락[특징주]"
096770,2026.08.26 09:33,아이뉴스24,"[특징주] SK이노베이션, '적자 자회사' SKIET 합병에 14%↓"
096770,2026.08.26 09:27,파이낸셜뉴스,"SK이노베이션, 자회사 SKIET 흡수합병 소식에 13% 하락 [특징..."
096770,2026.08.26 09:27,한국경제,"SK이노베이션, 자회사 SKIET 흡수합병 소식에 10%대 급락"
096770,2026.08.26 09:20,연합뉴스,"[특징주] SKIET 품은 SK이노베이션, 장 초반 10%대 하락"
096770,2026.08.26 09:19,조선비즈,"[특징주] SK이노베이션, 자회사 SKIET 흡수합병 소식에 14% ..."
096770,2026.08.26 09:18,뉴시스,"SK이노베이션, SKIET 흡수합병 소식에 14% 급락"
096770,2026.08.26 15:58,서울경제,기업 공시 [8월 26일]
096770,2026.08.26 15:15,중앙일보,"기업 100곳, 청년 1000명 몰렸다…에기평, 일자리 박람회"
096770,2026.08.26 15:01,헤럴드경제,"포스코, 리튬 2공장 10월 준공…내년 ‘마진 40%’ 시대 연다 [K..."
096770,2026.08.26 15:00,서울경제,SK이노 “SKIET 합병으로 연간 600억 비용 절감·2년내 흑자전환...
096770,2026.08.26 14:05,이코노미스트,SK의 이차전지 리밸런싱 마지막 퍼즐 'SKIET 합병'
096770,2026.08.26 14:05,이코노미스트,SK의 이차전지 리밸런싱 마지막 퍼즐 'SKIET 합병'
096770,2026.08.26 13:39,디지털타임스,"분리막 살리기 나선 SK이노 ""2년내 흑자낼 것"""
096770,2026.08.26 11:30,연합뉴스,"SK이노 ""SKIET 합병으로 연간 600억 비용 절감…2년내 흑자전..."
096770,2026.08.26 11:41,SBS Biz,코스피 6800선 1% 올라…美 반도체 반등에도 머뭇하다 상승 반전
096770,2026.08.26 11:39,SBS,"코스피, 엔비디아 실적 발표 경계감에 장중 보합권 유지"
096770,2026.08.26 11:09,연합뉴스,"코스피, 엔비디아 실적발표 경계감에 장중 보합권 유지"
096770,2026.08.26 11:09,연합뉴스,"코스피, 엔비디아 실적발표 경계감에 장중 보합권 유지"
096770,2026.08.26 10:01,서울경제,오픈AI·앤트로픽 IPO 앞두고…AI 투자도 ‘모델별’로 쪼개진다
096770,2026.08.26 10:01,서울경제,"YMTC 상장·엔비디아 부담에 흔들린 코스피, 순환매로 버텼다"
096770,2026.08.26 10:01,서울경제,"삼성전자, 엔비디아 ‘베라루빈’ 핵심 파트너로…파운드리 반전 노린..."
096770,2026.08.26 09:28,서울신문,"[서울데이터랩]코스피, 하락 출발 뒤 상승 전환…삼성전자·SK하이닉스...."
096770,2026.08.26 09:28,서울신문,[서울데이터랩]개장 직후 인기 검색 종목 20選
096770,2026.08.26 07:01,데일리안,"'배터리 슈퍼을' 옛말…현대차, LG·SK·삼성으로 공급처 다변화"
096770,2026.08.25 20:14,경향신문,SK ‘솔리다임’ 상장 추진 논란…소액주주 이해관계도 고려해야[이상.....
096770,2026.08.25 19:06,디지털타임스,"배터리 지지부진… SK이노, 분리막 자회사 전격 합병"
096770,2026.08.25 19:00,한국경제,"SK이노, 물적분할 7년 만에 자회사 SKIET '흡수 합병'"
096770,2026.08.25 19:00,한국경제,"SK이노, 물적분할 7년 만에 자회사 SKIET '흡수 합병'"
096770,2026.08.25 18:36,디지털타임스,"SK이노베이션, SKIET 흡수합병 결정…재무 리스크 해소"
096770,2026.08.25 18:35,한경비즈니스,"SK이노베이션, 자회사 SKIET 흡수합병…재무구조 개선 총력"
096770,2026.08.25 18:20,파이낸셜뉴스,"SK이노베이션, SKIET 흡수합병…분리막 사업 다시 품는다"
096770,2026.08.25 18:03,블로터,"SK이노베이션, 자회사 SKIET 흡수합병…배터리 분리막 사업 재편"
096770,2026.08.25 17:58,국민일보,"SK이노, SKIET 흡수합병… “재무건전성 강화”"
096770,2026.08.25 17:56,SBS,"SK이노베이션, SKIET 흡수합병…""분리막 사업 경쟁력 제고"""
096770,2026.08.25 17:54,동아일보,"SK이노베이션, 7년 전 분리한 SK아이이테크놀로지 다시 흡수합병…“..."
096770,2026.08.25 17:53,아시아경제,"SK이노베이션, 자회사 SKIET 흡수합병…분리막 사업 효율화"
096770,2026.08.25 17:52,SBS Biz,캐즘 못 버틴 SKIET…분할 7년 만에 SK이노 품으로
096770,2026.08.25 17:50,한국경제TV,"SK이노베이션, SKIET 흡수합병…분리막 다시 품는다"
096770,2026.08.25 17:49,동아일보,"SK이노베이션, SKIET 합병…배터리 사업 재편 마무리"
096770,2026.08.25 17:44,서울신문,"SK이노베이션, SKIET 흡수합병…“분리막 사업 경쟁력 제고”"
096770,2026.08.25 17:41,중앙일보,"SK이노베이션, 7년만에 다시 SKIET 품는다…분리막 사업 재편"
096770,2026.08.25 17:31,연합뉴스,"SK이노베이션, SKIET 흡수합병…""분리막 사업 경쟁력 제고""(종합..."
096770,2026.08.25 17:23,뉴시스,"SK이노베이션, 분리막 자회사 SKIET 흡수합병 ""재무 안정성·운영..."
096770,2026.08.25 17:15,이데일리,"[속보] SK이노베이션, 분리막 자회사 SKIET 흡수합병 결정"
096770,2026.08.25 18:39,노컷뉴스,"SK이노베이션, 자회사 SKIET 흡수합병…""분리막 사업 경쟁력 강화"""
096770,2026.08.25 18:17,지디넷코리아,"SK이노, 장기 부진 분리막 자회사 SKIET 다시 품는다"
096770,2026.08.25 18:17,지디넷코리아,"SK이노, 장기 부진 분리막 자회사 SKIET 다시 품는다"
096770,2026.08.25 18:00,아이뉴스24,"SK이노, 분리막 자회사 SKIET 흡수합병?운영 효율 제고"
096770,2026.08.25 17:54,세계일보,"SK이노, 자회사 SKIET 합병… 분리막 사업 재편 나선다"
096770,2026.08.25 17:54,디지털데일리,SK이노베이션-SKIET 합병…분리막 사업 모회사로 재편
096770,2026.08.25 17:53,뉴시스,"SK이노베이션, SKIET 합병으로 '리밸런싱' 가속…""분리막 사업 ..."
096770,2026.08.25 17:48,더팩트,"SK이노베이션, 분리막 자회사 SKIET 흡수합병"
096770,2026.08.25 17:43,매일경제,"SK이노, 자회사 SKIET 흡수 합병"
096770,2026.08.25 17:37,동행미디어 시대,"SK이노베이션, 분리막 사업 자회사 SKIET 흡수합병"
096770,2026.08.25 17:35,이데일리,"SK이노, 자회사 SKIET 흡수 합병한다…분리막사업 효율화 차원"
096770,2026.08.25 17:33,조선비즈,"SK이노베이션, 분리막 사업 자회사 SKIET 흡수합병… “재무 안정..."
096770,2026.08.25 17:31,헤럴드경제,"SK이노베이션, 자회사 SKIET 흡수합병 결정…분리막 사업 경쟁력 ..."
096770,2026.08.25 17:29,서울경제,"SK이노, 분리막 자회사 SKIET 흡수합병"
096770,2026.08.25 17:25,머니투데이,"SK이노, '사업부진' SKIET 흡수합병…분리막 사업 효율화"
096770,2026.08.25 17:23,뉴스1,"SK이노베이션, 자회사 SKIET 흡수합병…분리막 사업 재편 속도"
096770,2026.08.25 17:21,이데일리,"SK이노베이션, 자회사 SKIET와 합병…재무안정성·운영효율성 확보"
096770,2026.08.25 17:16,데일리안,"SK이노베이션, SKIET 흡수합병…분리막 사업 재편 본격화"
096770,2026.08.25 18:33,한국경제,글로벌 배터리 시장 70% 휩쓴 中
096770,2026.08.25 18:12,서울경제,"SK이노베이션, SKIET 흡수합병 발표에 애프터마켓서 3%대 하락 [..."
096770,2026.08.25 17:35,강원도민일보,"SK이노베이션, SKIET 흡수합병…분리막 사업 재편"
096770,2026.08.25 17:35,강원도민일보,"SK이노베이션, SKIET 흡수합병…분리막 사업 재편"
096770,2026.08.25 17:34,연합뉴스TV,"SK이노, SKIET 흡수합병…""분리막 사업 경쟁력 제고"""
096770,2026.08.25 17:28,SBS Biz,"SK이노베이션, SKIET 흡수합병…""운영 효율성 향상 목적"""
096770,2026.08.25 17:25,전자신문,"SK이노베이션, 분리막 자회사 SKIET 흡수합병…“운영 효율성 향상..."
096770,2026.08.25 17:23,아이뉴스24,"[속보] SK이노, 분리막 자회사 SKIET 흡수합병"
096770,2026.08.25 17:16,연합뉴스,"SK이노베이션, SKIET 흡수합병…""운영 효율성 향상 목적"""
096770,2026.08.25 17:15,한국경제,"[속보] SK이노베이션 ""자회사 SKIET 흡수합병 결정"""
096770,2026.08.25 17:15,부산일보,"[속보] SK이노베이션 ""자회사 SKIET 흡수합병 결정"""
096770,2026.08.25 17:14,뉴스1,"[속보] SK이노베이션 ""자회사 SKIET 흡수합병…운영 효율성 ↑"""
096770,2026.08.25 17:12,뉴시스,"[속보] SK이노베이션, SK아이이테크놀로지 흡수 합병…""리밸런싱 일..."
096770,2026.08.25 17:11,연합뉴스,"[속보] SK이노베이션 ""자회사 SKIET 흡수합병 결정"""
096770,2026.08.25 17:10,머니투데이,"[속보] SK이노베이션, 분리막 자회사 SKIET 흡수합병"
096770,2026.08.25 17:53,매일경제,빚 갚기 급급한 기업 … 시설투자용 회사채 발행 사상 첫 1조 밑돌아
096770,2026.08.25 17:23,매일경제,태양광·ESS 시스템 확대로…탄소중립 산업단지 구축을
096770,2026.08.25 11:33,헤럴드경제,"산단 태양광·ESS, 입주기업 전력수요와 연결한다…분산에너지 제도개...."
096770,2026.08.25 11:33,헤럴드경제,"산단 태양광·ESS, 입주기업 전력수요와 연결한다…분산에너지 제도개...."
096770,2026.08.25 09:18,아시아경제,"산단공 ""분산에너지 활성화로 '탄소중립 산단' 확대"""
096770,2026.08.25 09:14,뉴시스,"산단공, 탄소중립 산단 구축으로 에너지전환 촉진 해법 모색"
096770,2026.08.25 17:16,매일경제,"녹색 대전환, 청년이 만든다! ‘2026 기후에너지 일자리 박람회’ 열..."
096770,2026.08.25 16:41,이데일리,美·캐나다 관세전쟁에 車·배터리 긴장…북미 공급망 균열 우려
096770,2026.08.25 16:05,아이뉴스24,"반등한 코스피, 반도체주 보합권 마감…코스닥 800선 안착"
096770,2026.08.25 15:54,이데일리,"""제일기획은 삼쩜삼, 이노션은 KT""...광고업계, 비계열사 고객 모시..."
096770,2026.08.25 15:01,조선비즈,"[르포] 숨 쉬기도 힘든 4000m 소금호수서 8년… 포스코, ‘하얀 ..."
096770,2026.08.25 14:14,데일리안,대기업 이익 늘어도 중장기 설비투자 제자리…삼전닉스 빼면 11%↓
096770,2026.08.25 09:04,이데일리,대기업 영업익 279조 늘었는데 투자는 제자리…삼전·하닉 빼면 11%...
096770,2026.08.25 09:04,이데일리,대기업 영업익 279조 늘었는데 투자는 제자리…삼전·하닉 빼면 11%...
096770,2026.08.25 08:00,헤럴드경제,"LX판토스, KAI 첨단무기 운송 프로젝트 성료…“방산물류 역량 입증”"
096770,2026.08.25 06:50,비즈워치,"K-배터리, ESS 넘어 로봇용 전고체 본다"
096770,2026.08.25 06:03,세계일보,전기차 캐즘 넘은 K배터리… ESS·로봇 등 신사업 공략 잰걸음
096770,2026.08.25 06:03,세계일보,전기차 캐즘 넘은 K배터리… ESS·로봇 등 신사업 공략 잰걸음
096770,2026.08.25 00:05,국민일보,미래 에너지 게임체인저 ‘SMR’… 기술 선점 경쟁 가열
096770,2026.08.24 18:12,매일경제,“이 주식 있다고 하면 동정받았는데”...4.5조 실탄 기대에 2차전지...
096770,2026.08.24 17:56,매일경제,삼성SDI 4.5조 실탄 기대…이차전지株 랠리
096770,2026.08.24 17:56,매일경제,삼성SDI 4.5조 실탄 기대…이차전지株 랠리
096770,2026.08.24 10:32,서울경제,"‘삼성D 지분 매각’ 삼성SDI, 8%대↑…2차전지株 ‘불기둥’ [줍..."
096770,2026.08.24 17:47,한국경제,발전소 열까지 활용…에너지 효율 80%로 향상
096770,2026.08.24 17:21,디지털데일리,"美 배터리 수요 반등에 기대감 'UP'…K-배터리, 생태계 반등 채비 ..."
096770,2026.08.24 14:32,SBS Biz,이력서 들고 가면 현장면접까지…SK이노베이션 등 100곳 모인다
096770,2026.08.24 12:02,데일리안,기후에너지 일자리 박람회 25일…100개사 참여
096770,2026.08.24 12:02,데일리안,기후에너지 일자리 박람회 25일…100개사 참여
096770,2026.08.24 12:01,더팩트,에너지 기업·공공 100곳 참여하는 일자리 박람회…내일 서울 엘타워
096770,2026.08.24 12:00,머니투데이,기후에너지 분야 미래인재 찾는다…일자리 박람회 개최
096770,2026.08.24 12:00,연합뉴스,기후에너지 일자리 박람회 개최…SK이노베이션 등 100곳 참여
096770,2026.08.24 14:00,머니투데이,"산단 에너지전환, 탄소중립산단 구축이 해법…'생산·저장·소비' 연계....."
006400,2026.08.31 09:40,조선일보,“3년 물린 개미 드디어...” 美 에너지저장장치(ESS) 시장 기대에...
006400,2026.08.31 09:38,서울신문,[서울데이터랩]개장 직후 인기 검색 종목 20選
006400,2026.08.31 09:36,뉴스1,"SK이노, 오늘은 6% 강세…SK온 美ESS 수주 호재[핫종목]"
006400,2026.08.31 09:26,매일신문,"리튬 반등에 북미 ESS 훈풍…2차전지, 실적 회복 '주목'"
006400,2026.08.31 09:23,아시아경제,코스피·코스닥 장초반 3%대 하락
006400,2026.08.31 09:20,머니투데이,[알림]기업·軍 '에너지 전략' 한눈에…국가대표 모이는 'SEP 202...
006400,2026.08.31 09:19,파이낸셜뉴스,반도체 팔고 이차전지로?…일주일 새 29% 뛴 이유
006400,2026.08.31 08:35,SBS Biz,"[투자자 순매수 TOP5] 외국인, 유가증권시장 9조원 순매도…'삼전닉..."
006400,2026.08.31 08:14,디지털타임스,"삼전·SK하닉, 프리마켓서 2%대 하락…코스피 7000 재돌파 시험대"
006400,2026.08.31 05:00,뉴스1,"삼성·SK·현대차·LG, 올 하반기 'AI 인재' 쟁탈전…""스펙 보단 ..."
006400,2026.08.30 18:04,파이낸셜뉴스,급성장하는 ‘스마트카’ 주목... 미래車 산업 밸류체인 투자[이런 펀....
006400,2026.08.30 16:50,매일경제,'꿈의 배터리' 전고체 양산 기대 … 기관 앞다퉈 삼성SDI 폭풍매수
006400,2026.08.30 15:10,디지털타임스,"트럼프, 외국산 ESS 유입 금지…‘현지생산’ K-배터리 질주 예감"
006400,2026.08.30 14:41,머니투데이,"""엔비디아 CPU 옆자리""…에이전트 AI 시대 수혜주 꼽은 리포트"
006400,2026.08.30 11:00,블로터,외국인 9조 '팔자'에 코스피 6700선으로 후퇴…개인 1조 순매수
006400,2026.08.30 10:00,블로터,"""적자 내면 지원 0원""…반쪽짜리 배터리 세제 지원에 뿔난 기업들"
006400,2026.08.30 09:36,디지털데일리,"증설 멈추고 합치고 돌려쓰고…K-배터리, '재편의 시간' [위클리배터리..."
006400,2026.08.30 08:00,부산일보,[비즈앤피플] 질주하는 휴머노이드… ‘황금알’ 배터리 각축전
006400,2026.08.30 06:01,아이뉴스24,ESS 3차 입찰 임박…삼성SDI·SK온 선두 속 LG엔솔 반격 나선다
006400,2026.08.29 17:00,시사저널,전기차 넘어선 K배터리…AI·ESS·로봇으로 '영토 확장'
006400,2026.08.29 15:47,아시아경제,트럼프가 '국가 비상사태' 선포…덕분에 돈 벌 수 있는 주식이 있다? ...
006400,2026.08.29 10:26,세계일보,"집중호우 피해에 삼성 30억, LG 10억 쾌척… 긴급구호 물품 지원도"
006400,2026.08.29 09:00,머니투데이,종목 장세 시작되나?…삼성·현대·SK 그룹주 모두 '미끌'[김근희의 증...
006400,2026.08.29 08:00,아시아경제,"[중화학ON] 배터리 속 '스프링클러'…삼성SDI, 열폭주 셀 직접 식..."
006400,2026.08.28 18:33,서울경제,"삼성바이오, 4년만에 3조 유증 추진…금감원 현미경 심사 통과할까"
006400,2026.08.28 18:20,아이뉴스24,"삼성SDI, 열폭주 대응 배터리 안전 특허 2건 美서 공개"
006400,2026.08.28 17:40,매일경제,美ESS시장 진출 확대…이차전지株 기지개
006400,2026.08.28 17:20,매일경제,삼성·SK·LG·롯데 … 수해지역 온정 보탰다
006400,2026.08.28 16:41,뉴스1,삼성·SK·현대차·LG·한화 총 100억 기부…경남 수해 복구 힘 보...
006400,2026.08.28 16:41,뉴스1,삼성·SK·현대차·LG·한화 총 100억 기부…경남 수해 복구 힘 보...
006400,2026.08.28 16:03,한경비즈니스,한화·현대차 이어 삼성·SK·LG·롯데까지…6대 그룹 경남 수해 복구...
006400,2026.08.28 15:46,연합뉴스TV,"삼성·SK·LG, '집중호우 피해' 남부지방에 피해복구 성금 60억"
006400,2026.08.28 15:23,연합뉴스,"삼성·SK·LG, 남부 집중호우 피해복구 성금 60억(종합)"
006400,2026.08.28 17:18,주간동아,"외국인, 주주환원 재료 소멸 SK하이닉스·삼성전자 8조 순매도"
006400,2026.08.28 16:46,SBS Biz,[증시 인사이트] 엔비디아 효과 없던 코스피…7천선 회복은 아직멀었.....
006400,2026.08.28 16:07,서울경제,“삼전닉스 오르기만 기다리다 다 놓쳤네”…한 달 새 ‘30%’ 뛴 업종...
006400,2026.08.28 13:32,매일경제,“삼전닉스만 바라보다 놓쳤다”…8월 수익률 더 높았던 업종은?
006400,2026.08.28 13:32,매일경제,“삼전닉스만 바라보다 놓쳤다”…8월 수익률 더 높았던 업종은?
006400,2026.08.28 16:06,디지털타임스,"배터리업계 화두 ‘각형배터리’… 나인테크, AI데이터센터발 ‘ESS’...."
006400,2026.08.28 16:02,아이뉴스24,외국인 1.7조 '팔자' 코스피 6800 붕괴…'삼전닉스' 급락
006400,2026.08.28 15:44,서울신문,[서울데이터랩]마감 직후 인기 검색 종목 20選
006400,2026.08.28 15:36,조선일보,"삼성·SK·LG·롯데, 수해 주민 돕기 성금"
006400,2026.08.28 10:45,중앙일보,"집중호우 지역에 기업 성금 잇따라…삼성 30억원, SK 20억원, L..."
006400,2026.08.28 10:45,중앙일보,"집중호우 지역에 기업 성금 잇따라…삼성 30억원, SK 20억원, L..."
006400,2026.08.28 10:36,파이낸셜뉴스,"삼성, 집중호우 피해 복구에 30억원 기부…구호물품·쉘터도 지원"
006400,2026.08.28 10:12,매일경제,"삼성, 수해 복구에 통 큰 기부…경북·경남에 30억원 ‘쾌척’"
006400,2026.08.28 09:59,서울경제,"삼성, 경상권 수해 복구에 30억 지원…9개 계열사 동참"
006400,2026.08.28 09:58,국민일보,"삼성, 경남 수해 복구에 30억 지원"
006400,2026.08.28 09:35,뉴스1,"삼성, 경상도 수해 지역 30억 지원…30여년간 기부금 1300억 육..."
006400,2026.08.28 09:20,연합뉴스,"삼성, 경상권 수해복구 성금 30억원…구호물품·금융지원도"
006400,2026.08.28 14:13,전자신문,경남 폭우에...삼성 “30억 성금에 카드대출 이자 30% 깎아준다” ...
006400,2026.08.28 12:44,디지털데일리,"삼성, 집중호우 피해 복구에 성금 30억원 기부…구호물품·금융지원 병..."
006400,2026.08.28 12:44,디지털데일리,"삼성, 집중호우 피해 복구에 성금 30억원 기부…구호물품·금융지원 병..."
006400,2026.08.28 11:51,헤럴드경제,"삼성, 집중호우 피해 지역 복구에 30억원 지원"
006400,2026.08.28 11:06,SBS Biz,"삼성, 경남 거제 등 집중호우 피해 지역 성금 30억 기부"
006400,2026.08.28 10:47,경향신문,"삼성, 경상권 집중호우 피해 복구에 30억원 지원"
006400,2026.08.28 09:57,지디넷코리아,"삼성, 영남권 집중호우 피해 복구에 성금 30억원 기탁"
006400,2026.08.28 09:28,뉴시스,"삼성, 경상권 집중호우 피해 복구에 30억원 기부…구호·금융지원 병행"
006400,2026.08.28 09:25,데일리안,"삼성, 경상권 수해 복구에 30억 지원…구호·금융지원 병행"
006400,2026.08.28 09:24,이데일리,"삼성, 집중호우 피해 복구에 30억원 기부…구호물품·금융지원도"
006400,2026.08.28 09:15,아시아경제,"삼성, 집중호우 피해 복구에 성금 30억원 기부…긴급 구호·금융지원...."
006400,2026.08.28 13:04,더팩트,"삼성, 경상 지역 수해 복구에 성금 30억 지원"
006400,2026.08.28 11:52,문화일보,"삼성, 영남 수재민에 30억 지원"
006400,2026.08.28 11:52,문화일보,"삼성, 영남 수재민에 30억 지원"
006400,2026.08.28 10:27,아이뉴스24,"삼성, 경상 지역 수해 복구에 30억원 지원"
006400,2026.08.28 10:22,노컷뉴스,"삼성, 경상지역 수해 복구 지원 위해 30억 원 기부"
006400,2026.08.28 09:44,한국경제TV,"삼성, 경상권 수해 복구에 30억원 지원"
006400,2026.08.28 09:42,조선비즈,"삼성, 경상 수해복구에 성금 30억원… 구호물품·쉘터도 지원"
006400,2026.08.28 09:30,헤럴드경제,"삼성, 경상 지역 수해 복구에 30억원 지원"
006400,2026.08.28 09:18,머니투데이,"삼성, 수해 지역 복구에 30억 기부…구호물품·금융 지원도"
006400,2026.08.28 09:12,서울신문,"삼성, 경상 지역 수해 복구에 30억원 지원"
006400,2026.08.28 11:06,시사저널,中 전력장비 겨냥한 美…LG엔솔·삼성SDI '반사이익' 기대
006400,2026.08.28 09:58,뉴스1,"신영證 ""트럼프 전력망 안보 행정명령…韓 이차전지 수혜 기대"""
006400,2026.08.28 09:58,뉴스1,"신영證 ""트럼프 전력망 안보 행정명령…韓 이차전지 수혜 기대"""
006400,2026.08.28 08:31,연합뉴스,"신영증권 ""트럼프 中전력장비 규제에 韓배터리 수혜구조 강화"""
006400,2026.08.28 10:16,아시아경제,엔비디아 호실적…최대 수혜는 '반도체·전력기기'
006400,2026.08.28 09:58,매일신문,ESS가 살린 배터리 시장…2차전지株 다시 '기지개'
006400,2026.08.28 09:41,아시아경제,"코스피, 장초반 1% 하락한 6800선…코스닥은 약보합"
006400,2026.08.28 09:38,서울신문,[서울데이터랩]개장 직후 인기 검색 종목 20選
006400,2026.08.28 09:26,디지털타임스,"코스피, 외인·기관 동반 매도에 6800선까지 밀려…삼전·SK하닉↓"
006400,2026.08.28 08:40,비즈워치,"""삼성, 에스원 팔아라""…현실성 있나?"
006400,2026.08.28 08:22,SBS Biz,[기업이슈] 美 전력망 ‘차이나 배제’…K-전력기기 '반사이익' 기대
006400,2026.08.28 08:11,디지털타임스,"엔비디아 훈풍에도 삼전·하닉, 프리마켓서 약세…7000선 앞두고 눈치...."
006400,2026.08.27 20:57,이데일리,"FCP, 삼성 계열사 보유 에스원 지분 20.6% 인수 제안…9066억..."
006400,2026.08.27 17:51,한국경제TV,"삼성에 9천억 딜 통보…FCP ""에스원 5% 미만 보유"""
006400,2026.08.27 17:51,한국경제TV,"삼성에 9천억 딜 통보…FCP ""에스원 5% 미만 보유"""
006400,2026.08.27 17:49,블로터,에스원 2대주주 노리는 FCP…보안 성장전략까지 압박
006400,2026.08.27 17:41,한국경제,"싱가포르 FCP, 삼성그룹에…4.4조 가치 에스원 인수 제안"
006400,2026.08.27 15:47,조선비즈,"행동주의펀드 FCP “삼성 계열사 보유 에스원 지분, 9066억원에 ..."
006400,2026.08.27 14:20,한국경제,"행동주의 FCP, 삼성그룹에 에스원 4.4조 가치에 인수 제안"
006400,2026.08.27 14:01,SBS Biz,"플래쉬라이트 캐피탈 ""삼성 계열사 보유 에스원 지분, 전량인수 제안...."
006400,2026.08.27 13:53,연합뉴스,"플래쉬라이트 캐피탈 ""삼성 계열사 보유 에스원 지분, 전량인수 제안...."
006400,2026.08.27 11:42,한국경제TV,"FCP, 삼성 '에스원' 지분 20.6% 인수 제안"
006400,2026.08.27 11:38,서울경제,"FCP, 삼성 측 에스원 지분 인수 제안…45% 프리미엄 제시 [시그..."
006400,2026.08.27 11:09,더팩트,"""에스원 4.4조 가치 인정""…FCP, 삼성에 9066억 통 큰 베팅"
006400,2026.08.27 10:42,아시아경제,"FCP, 삼성그룹에 에스원 지분 전량 매각 제안…9066억원 규모"
006400,2026.08.27 18:37,한국경제,"""내년엔 LFP와 단가 같아져""…나트륨 배터리, ESS 접수하나"
006400,2026.08.27 18:04,서울경제,"주주환원 실망한 초고액 자산가, 삼전 또 팔았다"
006400,2026.08.27 17:04,한국경제TV,"론디안 왓슨, 뉴욕증시 데뷔…배터리 이어 AI 인프라용 동박으로 성장...."
006400,2026.08.27 14:32,서울신문,"론디안 왓슨, NYSE 상장 완료…배터리·AI용 첨단 동박 시장 공략..."
006400,2026.08.27 14:32,서울신문,"론디안 왓슨, NYSE 상장 완료…배터리·AI용 첨단 동박 시장 공략..."
006400,2026.08.27 16:45,서울경제,힘 빠진 반도체 대신 2차전지·전력이 달렸다… 코스피 6900선 안착 ...
006400,2026.08.27 16:41,SBS Biz,"[증시 인사이트]  엔비디아 호실적 확인…코스피, 7천선 회복이 고비...."
006400,2026.08.27 16:19,서울신문,[서울데이터랩]마감 직후 인기 검색 종목 20選
006400,2026.08.27 16:15,아이뉴스24,美 엔비디아 호재 누른 '금리인상'?코스피 '6910선' 마감
006400,2026.08.27 16:06,전자신문,"엔비디아 매출 뛰자, 코스피도 상승세로… 7000 재돌파 '코앞'"
006400,2026.08.27 16:03,KBS,"코스피 1.5% 상승 6,900선 마감…코스닥도 1%대 올라"
006400,2026.08.27 15:58,조선비즈,"[마켓뷰] 코스피, 엔비디아 훈풍·기타법인 매수세에 6900선 안착"
006400,2026.08.27 15:26,한국일보,"""中에 밀린 K배터리, 美 ESS 시장이 돌파구"""
006400,2026.08.27 12:16,한경비즈니스,"중국에 밀린 K배터리, '미국 ESS'가 답인 이유"
006400,2026.08.27 12:16,한경비즈니스,"중국에 밀린 K배터리, '미국 ESS'가 답인 이유"
006400,2026.08.27 10:12,데일리안,"K-배터리 위기, 전기차 캐즘 넘어 '미국 ESS'에서 새 활로 찾아..."
006400,2026.08.27 10:00,뉴시스,"전기차서 밀린 K-배터리, ESS로 반전 노린다…2035년 시장 8배..."
006400,2026.08.27 14:41,매일신문,"삼성SDI, 삼성디스플레이 지분 매각 소식에 9%대 급등"
006400,2026.08.27 13:32,전자신문,"[ET특징주]삼성SDI, 삼성D 지분 매각에 상승세"
006400,2026.08.27 13:32,전자신문,"[ET특징주]삼성SDI, 삼성D 지분 매각에 상승세"
006400,2026.08.27 10:06,아이뉴스24,"[특징주] 삼성디스플레이 지분 매각?삼성SDI, 투자재원 확보에 6%..."
006400,2026.08.27 09:53,뉴시스,디스플레이 지분 매각에 삼성SDI 7% 강세
006400,2026.08.27 09:27,이데일리,"“4.4조 실탄 확보”…삼성SDI, 삼성D 지분 매각에 8%대↑[특징..."
006400,2026.08.27 14:34,서울경제,"금리 인상에 놀란 증시, 반도체·전력주 쏠림 강화… 하락종목이 ‘1....."
006400,2026.08.27 11:25,블로터,"여전히 발목잡는 공장 가동률…K배터리 3사, 타개책 마련 안간힘"
006400,2026.08.27 09:51,서울경제,엔비디아발 훈풍에 삼전·닉스 3~5%대 강세… 코스피 “7000 회복 ...
006400,2026.08.27 08:58,아시아경제,전기차 2000대 분량 배터리 한 곳에…제주 첫 BESS 현장 가보니[...
006400,2026.08.27 07:30,머니투데이,"전기차 캐즘 돌파구 된 ESS…""미국 시장 4배 커진다"" 공략 승부수"
006400,2026.08.27 07:00,머니투데이,"2배 커지는 ESS 시장 간절한데…K배터리 ""출혈 경쟁에 남는게 없다..."
006400,2026.08.27 07:00,머니투데이,"2배 커지는 ESS 시장 간절한데…K배터리 ""출혈 경쟁에 남는게 없다..."
006400,2026.08.26 18:20,머니투데이,'ESS 골드러시' 미국 시장 4배 커진다…배터리 라인 전환 속도전
006400,2026.08.26 18:00,머니투데이,"정부 3차 ESS 입찰서 배터리 3사 진검승부..""놓칠 수 없는 기회"""
006400,2026.08.26 17:45,연합뉴스,"충청권 반도체·디스플레이 등 4개 산업, 정부 '성장엔진' 반영(종합)"
006400,2026.08.26 16:50,서울신문,"반도체·디스플레이 등 충남 핵심 산업, ‘권역별 성장엔진’ 대거 반...."
006400,2026.08.26 16:50,서울신문,"반도체·디스플레이 등 충남 핵심 산업, ‘권역별 성장엔진’ 대거 반...."
006400,2026.08.26 16:43,연합뉴스,"충남 반도체·디스플레이 등 4개 산업, 정부 '성장엔진' 반영"
006400,2026.08.26 17:40,머니투데이,ESS 입찰 따낼수록 적자?…출혈 경쟁에 멍드는 K배터리
006400,2026.08.26 17:20,머니투데이,[단독]정부 ESS 시장 확 키운다..3차 입찰사업 1GW 이상 유력
006400,2026.08.26 17:20,머니투데이,[단독]정부 ESS 시장 확 키운다..3차 입찰사업 1GW 이상 유력
006400,2026.08.26 16:32,서울신문,[서울데이터랩]마감 직후 인기 검색 종목 20選
006400,2026.08.26 15:38,이코노미스트,동탄역 ‘슬세권’ 주거지 관심…GTX-A·SRT에 상업·문화시설까지
006400,2026.08.26 11:52,서울경제,불확실성 마주한 반도체…고수익 투자자는 의료기기株 매수 [주식 초...
006400,2026.08.26 10:03,뉴시스,'삼전·닉스' 숨고르기…LG·한화·포스코 그룹주 ETF '약진'
006400,2026.08.26 09:56,아이뉴스24,"외인·기관 '팔자'에도…코스피, 개인 매수에 6750선"
006400,2026.08.26 09:28,서울신문,[서울데이터랩]개장 직후 인기 검색 종목 20選
006400,2026.08.26 09:16,디지털타임스,"코스피, 하락 출발 뒤 6770선 상승 전환…삼전·SK하닉 1%대 강세"
006400,2026.08.26 08:51,뉴스1,"삼성디스플레이, 제네시스 첫 초대형 전기 SUV GV90에 OLED 2..."
006400,2026.08.26 08:28,SBS Biz,[어제장 오늘장] 4% 급락 딛고 반등한 코스피…외국인 매도에도 상승
006400,2026.08.26 07:01,데일리안,"'배터리 슈퍼을' 옛말…현대차, LG·SK·삼성으로 공급처 다변화"
006400,2026.08.26 06:50,비즈워치,"[산업 리그테이블]①삼성, '영업익 11배' 폭증…전자 날고 전기·중공..."
006400,2026.08.25 18:33,한국경제,글로벌 배터리 시장 70% 휩쓴 中
006400,2026.08.25 16:05,아이뉴스24,"반등한 코스피, 반도체주 보합권 마감…코스닥 800선 안착"
006400,2026.08.25 16:04,디지털데일리,"삼성SDI, 유럽車 대응 본격화…헝가리 라인 전환 추진 [배터리레이다...."
006400,2026.08.25 15:06,아이뉴스24,삼성전자보다 주가 더 빠진 삼성물산?'역대급 배당' 반전되나
006400,2026.08.25 11:42,서울경제,美 반도체주 급락에 삼전닉스 저가매수…한미약품은 차익실현 [주식 ...
006400,2026.08.25 11:16,서울신문,삼성 19조원 천안 투자 본격화…인프라복합동 첫 삽
006400,2026.08.25 10:38,경향신문,삼성 ‘19조원’ 천안 투자 본격화···성성동서 첫 삽
006400,2026.08.25 10:38,경향신문,삼성 ‘19조원’ 천안 투자 본격화···성성동서 첫 삽
006400,2026.08.25 10:03,연합뉴스,"천안시 ""삼성 19조 투자 본격화…인프라복합동 착공"""
006400,2026.08.25 10:08,비즈워치,美 반도체주 약세 여파…코스피 장 초반 4%대 하락
006400,2026.08.25 09:46,아이뉴스24,코스피 6500선 회귀…삼성전자·SK하이닉스 4%대 급락
006400,2026.08.25 09:20,디지털타임스,"코스피, 미국발 반도체 쇼크에 6500선 후퇴…삼전·SK하닉 약세"
006400,2026.08.25 09:14,서울신문,[서울데이터랩]개장 직후 인기 검색 종목 20選
006400,2026.08.25 09:08,뉴스1,"다올證 ""삼성SDI, 삼디플 매각으로 4.5조 확보…목표가 6.5%↑"""
006400,2026.08.25 08:57,머니투데이,"""삼성SDI의 디스플레이 지분매각, 배터리 신규투자 의지""-다올"
006400,2026.08.25 08:57,머니투데이,"""삼성SDI의 디스플레이 지분매각, 배터리 신규투자 의지""-다올"
006400,2026.08.25 08:23,파이낸셜뉴스,하루 새 8% 뛴 삼성SDI…증권가가 다시 계산한 몸값은
006400,2026.08.25 08:33,연합뉴스,"다올증권 ""삼성SDI, 지분매각으로 재무개선 기대…목표가↑"""
006400,2026.08.25 08:13,디지털타임스,"엔비디아 경계에 반도체 약세…삼전·하닉, 프리마켓서 하락"
006400,2026.08.25 07:01,서울경제,엇갈린 그룹주…‘주주환원’ 삼성 울고 2차전지 훈풍 포스코 웃었다...
006400,2026.08.25 06:50,비즈워치,"K-배터리, ESS 넘어 로봇용 전고체 본다"
006400,2026.08.25 06:03,세계일보,전기차 캐즘 넘은 K배터리… ESS·로봇 등 신사업 공략 잰걸음
006400,2026.08.25 06:03,세계일보,전기차 캐즘 넘은 K배터리… ESS·로봇 등 신사업 공략 잰걸음
006400,2026.08.24 22:33,서울경제,‘72만원→34만원’ 반토막 비명 나더니…삼성株 줄줄이 빠질 때 혼자....
006400,2026.08.24 15:10,한국경제TV,'72만→34만원' 비명 개미 '휴~'…독보적 강세 50만원 뚫었다
006400,2026.08.24 15:10,한국경제TV,'72만→34만원' 비명 개미 '휴~'…독보적 강세 50만원 뚫었다
006400,2026.08.24 18:12,매일경제,“이 주식 있다고 하면 동정받았는데”...4.5조 실탄 기대에 2차전지...
006400,2026.08.24 17:56,매일경제,삼성SDI 4.5조 실탄 기대…이차전지株 랠리
006400,2026.08.24 17:56,매일경제,삼성SDI 4.5조 실탄 기대…이차전지株 랠리
006400,2026.08.24 10:32,서울경제,"‘삼성D 지분 매각’ 삼성SDI, 8%대↑…2차전지株 ‘불기둥’ [줍..."
006400,2026.08.24 17:53,이코노미스트,‘주주환원 실망’ vs ‘피크아웃’…삼성전자 8.7% 급락에 코스피 6...
006400,2026.08.24 17:44,비즈워치,삼성전자 급락에 코스피 3%↓…그럼에도 오른종목 더 많았다
006400,2026.08.24 17:21,디지털데일리,"美 배터리 수요 반등에 기대감 'UP'…K-배터리, 생태계 반등 채비 ..."
006400,2026.08.24 16:43,SBS Biz,[증시 인사이트] 주주환원에도 삼성전자 급락…코스피 약세 지속될까
018290,2026.08.13 16:26,아시아경제,"브이티, 2분기 매출 1317억원…유럽·중동 성장에 자사주 150억 매..."
018290,2026.08.13 16:24,이데일리,"브이티, 2분기 매출 1317억원…유럽·중동 성장에 전년比 18%↑"
018290,2026.08.13 16:24,이데일리,"브이티, 2분기 매출 1317억원…유럽·중동 성장에 전년比 18%↑"
018290,2026.08.13 15:53,헤럴드경제,"브이티, 150억 규모 자사주 취득 결정"
018290,2026.08.12 11:06,동행미디어 시대,"윤재승, 첨단바이오 승부수…대웅제약 송도 GMP 가동 초읽기"
018290,2026.08.11 17:14,비즈워치,"휴온스, 2분기 영업익 29억…전년비 부진 속 '흑자전환'"
018290,2026.08.11 14:07,동아일보,"시노펙스, 국내 최초 인공신장기 식약처 품목허가"
018290,2026.08.04 10:57,뉴스1,"반도체에 지친 투심, 화장품서 '위안'…달바글로벌 9%↑[핫종목]"
018290,2026.07.31 13:46,이데일리,반도체 조정장 속 투심 돌아오나(?) 케이엠제약·레몬헬스케어 상한가.....
018290,2026.07.31 13:45,이데일리,Will Investment Sentiment Return to Bio...
018290,2026.07.24 09:28,이데일리,"에이치엘지노믹스, 상장 첫날 공모가 대비 3%↑[특징주]"
018290,2026.07.07 04:55,머니투데이,"롯데바이오로직스, 연내 빅파마 수주 주목"
096530,2026.08.28 17:00,매경이코노미,"코로나19 다시 확산?…신풍제약 주가 ‘불기둥’ [오늘, 이 종목]"
096530,2026.08.28 09:50,뉴스1,코로나株 꿈틀…신풍제약 또 20%대 급등 [핫종목]
096530,2026.08.28 09:50,뉴스1,코로나株 꿈틀…신풍제약 또 20%대 급등 [핫종목]
096530,2026.08.27 08:33,이데일리,매출 70%가 코로나·호흡기질환서 나오던 씨젠…GI·HPV로 ‘겨울 의...
096530,2026.08.25 11:16,뉴시스,"""엔데믹 양극화""…상반기 엇갈린 씨젠·수젠텍 실적"
096530,2026.08.24 15:49,연합뉴스,[특징주] 코로나19 감염 증가 소식에 관련주 급등(종합)
096530,2026.08.24 13:50,전자신문,[ET특징주] 코로나19 감염 증가 보도에 관련주 강세… 신풍제약 上
096530,2026.08.24 13:50,전자신문,[ET특징주] 코로나19 감염 증가 보도에 관련주 강세… 신풍제약 上
096530,2026.08.24 10:11,조선비즈,"[특징주] 코로나19 재확산 소식에… 제약·바이오株, 일제히 강세"
096530,2026.08.24 09:42,한국경제,코로나19 재확산 조짐에…관련株 동반 랠리
096530,2026.08.24 09:24,연합뉴스,[특징주] 코로나 감염 증가 보도에 관련주 상승
096530,2026.08.23 19:55,매일경제,510% 수익낸 고수…“반도체 다음은 코스닥에서 나온다” [한국의 위대...
096530,2026.08.19 18:35,파이낸셜뉴스,기업들 '주주환원 강화' 움직임... 자사주 소각 1년새 3배 늘었다
096530,2026.08.18 18:55,매일경제,한국 첫 ‘프리 갈리앵’ 후보 33곳 탄생…K제약·바이오 혁신 경쟁 막...
082920,2026.08.26 18:01,한국경제,"비츠로셀·비츠로밀텍, 미래 전략산업 2220억원 투자"
082920,2026.08.24 13:22,전자신문,"美, 中 드론 규제 강화...“한국산 배터리 새 시장 열린다”"
082920,2026.08.15 15:10,매일경제,“코스닥 다음 주자는 여기”…한국거래소가 뽑은 ‘라이징스타’ 18...
082920,2026.08.13 17:57,매일경제,비츠로셀 상반기 영업익 25% 늘어 390억
082920,2026.08.12 19:38,머니투데이,"한국거래소, 2026 코스닥 라이징스타 18곳 선정"
082920,2026.08.12 17:31,뉴스1,에스티팜·티에스이·샘씨엔에스 등 18개사 '코스닥 라이징스타' 선정
082920,2026.08.12 17:31,뉴스1,에스티팜·티에스이·샘씨엔에스 등 18개사 '코스닥 라이징스타' 선정
082920,2026.08.12 17:23,이데일리,"거래소, ‘코스닥 라이징스타’ 18개사 선정…티에스이·원텍 등 8곳 ..."
082920,2026.08.08 07:00,블로터,밸류업 747곳 발표…코스닥 상장사는 33% 그쳐
082920,2026.08.06 13:52,동행미디어 시대,밸류업 공시 완료 기업 누적 747곳…시총 비중 85%로 확대
082920,2026.08.06 10:40,이데일리,"거래소 ""7월 밸류업 공시 747개사…시총 비중 84.6%"""
082920,2026.08.06 10:40,이데일리,"거래소 ""7월 밸류업 공시 747개사…시총 비중 84.6%"""
082920,2026.08.06 10:20,뉴스1,밸류업 공시 기업 누적 747사…시총 비중 84.6%로 확대
082920,2026.08.06 10:13,매일신문,"""밸류업 공시 747사 돌파""…거래소, 9월 전국 순회 설명회 연다"
082920,2026.08.06 09:48,디지털타임스,코스피 상승률 넘어선 밸류업 지수…올해 75.9% 폭등
082920,2026.07.30 10:40,서울경제,오늘의 메모[7월 31일]
082920,2026.07.23 07:48,이데일리,"비츠로셀, 실적 전망 높였지만…목표가는 ↓-삼성"
082920,2026.07.15 21:11,이데일리,[미리보는 이데일리 신문] 몰락하는 日 종이만화…韓 웹툰 플랫폼이 .....
088350,2026.08.31 09:27,한국경제,"한화, 인적분할 이후 연일 강세…4거래일간 34%↑"
088350,2026.08.31 06:20,뉴스1,대형 생보사 상반기 실적 이끈 투자손익…주가·환율 상승 '일회성 효.....
088350,2026.08.30 17:11,뉴시스,가계대출 빗장 풀리자…보험사도 주담대 창구 속속 재개
088350,2026.08.30 13:28,이데일리,"기준금리 3% 시대, 금융업 희비…은행·보험주 뜨고 증권주 저무나"
088350,2026.08.30 09:01,이코노미스트,수천억 된 회장님 RSU…대체 얼마까지 줘도 되나
088350,2026.08.29 16:54,아시아경제,방산·조선 날개 단 한화…주가 언제까지 오를까
088350,2026.08.29 10:00,디지털데일리,“죽어서 받는 돈 옛말”…사망보험금도 연금처럼 받는다 [MZ 재테크]
088350,2026.08.29 07:30,연합뉴스,[아시안게임] 메달 기대주 ⑬리그오브레전드 '페이커' 이상혁
088350,2026.08.29 07:30,연합뉴스,"[아시안게임] ⑬ LoL은 2연패, 배그는 첫 금…e스포츠 출격"
088350,2026.08.29 07:20,머니투데이,상반기 보험사 연봉 1위는?…성과급 따라 실제 연봉은 제각각
088350,2026.08.28 11:57,뉴스1,"생명보험재단, '힐링톡톡' 대학생 서포터즈 8기 출범"
088350,2026.08.28 10:51,조선비즈,"[단독] 금융 당국, 보험사 주담대는 조인다… LTV 높으면 자본금 추..."
088350,2026.08.28 10:21,조선비즈,"보험연수원, 내년 중 베트남 첫 진출 검토… 손보사 설계사 교육"
088350,2026.08.28 09:09,전자신문,"아드반테스트코리아, 프로야구와 반도체 잇는다…지역 밀착형 브랜드..."
088350,2026.08.28 08:20,비즈워치,퇴직연금 45조 늘었는데…보험사 몫은 줄었다
088350,2026.08.28 06:05,한경비즈니스,‘지분’보다 ‘실적’…AI 격변기 시험대 오른 8090 재계 뉴리더 2...
088350,2026.08.28 03:59,머니투데이,"무한한 색 '팡팡'… 한화, 내달 5일 '불꽃 축제'"
088350,2026.08.28 00:36,조선일보,"인적분할 한화·카카오, 주가 엇갈린 까닭은?"
088350,2026.08.27 19:18,문화일보,"한화, 내달 5일 세계불꽃축제…원효대교 활용 ‘타워불꽃’ 등 새 볼....."
088350,2026.08.27 16:02,스포츠서울,서울 밤하늘 수놓을 100만 불꽃…㈜한화 ‘서울세계불꽃축제’ 9월 5...
088350,2026.08.27 16:02,스포츠서울,서울 밤하늘 수놓을 100만 불꽃…㈜한화 ‘서울세계불꽃축제’ 9월 5...
088350,2026.08.27 11:09,조선일보,"한화, 9월5일 서울세계불꽃축제 개최… 한·미·영 불꽃 가을밤 수놓는..."
088350,2026.08.27 10:56,데일리안,"원효대교에 새 불꽃탑 뜬다…한화, 내달 5일 여의도 불꽃축제"
088350,2026.08.27 10:50,헤럴드경제,"가을밤 수놓는 ‘한화 불꽃축제’, 여의도 한강공원서 9월 5일 개최"
088350,2026.08.27 10:37,OSEN,가을 밤하늘 ‘한강 랩소디’가 울려 퍼진다...9월 5일 ‘한화와 함...
088350,2026.08.27 10:27,이데일리,9월 초 열리는 한화 서울세계불꽃축제…안전인력 5000명 투입
088350,2026.08.27 10:25,아시아경제,"한화, 서울세계불꽃축제 9월5일 개최…한·미·영 불꽃팀 참가"
088350,2026.08.27 10:17,머니투데이,"한화, 9월5일 서울세계불꽃축제 개최…한·미·영 불꽃쇼"
088350,2026.08.27 19:07,국제신문,고금리에…보험주 오르고 증권주 내리고
088350,2026.08.27 17:39,서울경제,“3억 대출땐 한달 이자만 200만원”…주담대 금리 연내 8% 돌파 가...
088350,2026.08.27 16:26,디지털데일리,"""서울 리전에 클로드 최신 모델 제공 예정""…AWS, 국내 금융사 AX..."
088350,2026.08.27 14:59,매일경제,"주담대, 슬슬 다시 푼다지만…금리 오름세에 이자 부담은 어쩌나"
088350,2026.08.27 11:46,머니투데이,금리인상에 약해진 '엔비디아 효과'…삼전닉스 2·3%대 상승
088350,2026.08.27 11:46,SBS Biz,막혔던 주담대 속속 재개…금리는 천정부지
088350,2026.08.27 11:14,매일경제,한화생명e스포츠 주전 5명 올 LCK 팀 선정…정지훈 시즌 MVP
088350,2026.08.27 10:40,뉴시스,"9월 5일 '한화 불꽃축제' 열린다…""5000여명 투입해 안전관리 총력..."
088350,2026.08.27 09:20,SBS Biz,"삼성화재, 주담대 신규 취급 재개…중단 두 달여 만"
088350,2026.08.27 09:00,조선일보,같은 인적분할인데 한화와 카카오 주가 엇갈린 이유는
088350,2026.08.27 08:01,한국경제,"'원딜 트레이드'로 얽힌 농심과 BNK, 벼랑 끝 승부 펼친다 [이주현..."
088350,2026.08.27 05:46,뉴스1,"'단기납' 가고 '중장기' 종신보험 키운다…생보사, 미래이익 전략 변...."
088350,2026.08.26 18:57,데일리안,생보사 사업비 11% 늘었다…보장성보험 경쟁 '후끈'
088350,2026.08.26 17:24,매일경제,"한화생명, 순익 11% 해외서 올렸다"
088350,2026.08.26 16:30,스포츠서울,"한화생명, 동남아 5개국 유망주 초청 ‘아시아 여자주니어 골프대회’....."
088350,2026.08.26 15:13,조세일보,팔도비빔면 KBO 선수카드 300만건 돌파…야구팬심 '꽉'
088350,2026.08.26 13:51,조세일보,'이문세·김태우' 뜬 한화생명 콘서트…서울 등 4개 지역서 '2026 ...
088350,2026.08.26 10:07,뉴스1,이문세·김태우와 함께한 '한화생명 콘서트'…치매 가족·암 경험 청년....
088350,2026.08.26 10:07,뉴스1,이문세·김태우와 함께한 '한화생명 콘서트'…치매 가족·암 경험 청년....
088350,2026.08.26 09:17,전자신문,"2026 한화생명 콘서트, 서울 공연 개최"
088350,2026.08.26 11:24,서울경제,“금리 오를 때는 ‘이 종목’도 오른다”…증권가가 콕 집은 방어주...
088350,2026.08.26 09:17,매일경제,“금리 오르면 보험주! 공식처럼 외우세요”…증권주 싸늘할 때 10% ...
088350,2026.08.26 09:17,매일경제,“금리 오르면 보험주! 공식처럼 외우세요”…증권주 싸늘할 때 10% ...
088350,2026.08.26 09:02,한국경제TV,"""고금리엔 금융주라던데""...업종별 희비 갈렸다"
088350,2026.08.26 08:23,SBS Biz,고금리에 엇갈린 희비…보험주 오르고 증권주 내리고
088350,2026.08.26 08:00,연합뉴스,고금리에 희비 엇갈린 금융주…보험 오르고 증권 내리고
088350,2026.08.26 10:50,블로터,"보험사기 막는 GA…한화생명금융, 교보재로 손꼽힌 관리 체계"
088350,2026.08.26 06:01,조선비즈,"생보사, 1~5월 사업비 11% 증가… 설계사 확보 막판 경쟁"
088350,2026.08.26 06:00,경향신문,금리 인상 전망에 떠오르는 금융주…“고금리서 방어력 높아”
088350,2026.08.25 17:43,매일경제,26일만에 돌아온 (주)한화 … 주가 17% 급등
088350,2026.08.25 15:48,디지털타임스,"""인적분할 후 18만원 간다"" 거래재개 한화, 재평가 본격화하나"
088350,2026.08.25 15:48,디지털타임스,"""인적분할 후 18만원 간다"" 거래재개 한화, 재평가 본격화하나"
088350,2026.08.25 17:42,매일경제,에이플러스 분쟁 보험사 '우군' 늘었다
088350,2026.08.25 16:04,스포츠월드,2026 LCK 플레이-인 개막…PO 향한 4팀의 마지막 승부
088350,2026.08.25 11:27,데일리안,"막 오르는 LCK 포스트시즌…KT·브리온·농심·BNK, PO 두 자리..."
088350,2026.08.25 11:27,데일리안,"막 오르는 LCK 포스트시즌…KT·브리온·농심·BNK, PO 두 자리..."
088350,2026.08.25 10:45,지디넷코리아,"LCK, 플레이오프 진출권 2장 주인공 가린다…26일 플레이-인 개막"
088350,2026.08.25 10:37,매일경제,LCK 플레이오프 남은 티켓 2장의 주인공은?…4개 팀 ‘격돌’
088350,2026.08.25 14:37,한국경제TV,"""이럴 줄 알았으면 진작에 쪼갤 걸""...단숨에 1.4조↑"
088350,2026.08.25 14:25,연합뉴스,"""놀이터 32곳 바꿨다""…초록우산, 기업 사회공헌 사례 공유"
088350,2026.08.25 14:18,서울신문,"초록우산, 미래세대를 위한 전략적 사회공헌 협력 방향 제시… ‘202..."
088350,2026.08.25 14:18,서울신문,"초록우산, 미래세대를 위한 전략적 사회공헌 협력 방향 제시… ‘202..."
088350,2026.08.25 13:53,더팩트,"방산·조선·금융 남긴 한화, 인적 분할 후 거래 첫날 20%대 강세"
088350,2026.08.25 09:51,서울경제,"‘인적분할’ 한화, 변경 상장 첫날 장 초반 29% 급등 [마켓시그널..."
088350,2026.08.25 09:51,서울경제,"‘인적분할’ 한화, 변경 상장 첫날 장 초반 29% 급등 [마켓시그널..."
088350,2026.08.25 09:38,한국경제,"한화, 인적분할 후 거래재개 첫날 18% 급등"
088350,2026.08.25 11:43,뉴시스,생보사 보험계약대출 잔액 42.3조…대출 조이기에도 풍선효과
088350,2026.08.25 09:40,매일신문,"""삼전닉스 팔고 이걸 담았다""…증시 빠지는데 홀로 웃는 보험株[왜웃....."
088350,2026.08.25 06:30,뉴스1,"몸집 불리는 대형사, 내실 다지는 중소형사…엇갈린 보험사 미래 전략"
088350,2026.08.24 21:41,헤럴드경제,“자동차 보험료 오르니 주가도 신바람” 보험주 날았다 [투자360]
023160,2026.08.30 17:27,매일경제,코스닥 9% 떨어질때 … 코스닥글로벌 지수는 10% 올라
023160,2026.08.17 08:29,KBS,"태광, 캐나다 LNG 사업 수주…“역대 최고 실적”"
023160,2026.08.13 18:21,부산일보,글로벌 경쟁력 태광 ‘LNG 시장 성장’ 업고 역대급 실적
023160,2026.08.11 15:57,헤럴드경제,"태광, 2분기 영업익 72억…전년비 5.8% ↓"
023160,2026.07.28 17:51,블로터,"[K조선 공급망]태광, 3세 승계 9부능선 '공동대표 형제경영' 시험대"
023160,2026.07.27 15:07,블로터,"[K조선 공급망]태광, '이차전지·부동산 임대' 다각화 승부 적자 부메..."
023160,2026.07.24 11:21,블로터,"[K조선 공급망] 태광, 중동·미국 수출 업고 '피팅 업사이클' 진입"
023160,2026.06.18 10:25,이데일리,AI·반도체 설비투자 확대에…피팅·밸브株 재조명
023160,2026.06.18 07:16,파이낸셜뉴스,"전쟁 끝나자 '잭팟' 열린다…태광, 중동 재건·美 LNG 수혜 기대"
023160,2026.06.11 15:50,조선비즈,李 대통령 인탑스 ‘주가 누르기’ 비판에… ‘자사주 취득’ 공시 급.....
080580,2026.08.28 08:49,이데일리,"오킨스전자, 반도체 테스트 부품 수요 증가…목표가 2.8만원-현대차증...."
080580,2026.08.25 11:47,전자신문,"오킨스전자, 'SEMICON Taiwan 2026' 참가…글로벌 반도체..."
080580,2026.08.25 09:22,머니투데이,"오킨스전자, '세미콘 타이완 2026' 참가…글로벌 반도체 시장 공략..."
080580,2026.08.25 09:22,머니투데이,"오킨스전자, '세미콘 타이완 2026' 참가…글로벌 반도체 시장 공략..."
080580,2026.08.17 16:30,머니투데이,"""확신의 매수 구간""…비중확대 추천한 반도체 종목은"
080580,2026.08.14 14:22,머니투데이,"오킨스전자, 상반기 영업익 120억원…2분기 영업익도 전년比 163%↑"
080580,2026.08.14 14:18,전자신문,"오킨스전자, 2026년 상반기 매출 606억원 영업이익 120억원…전..."
080580,2026.08.14 14:18,전자신문,"오킨스전자, 2026년 상반기 매출 606억원 영업이익 120억원…전..."
080580,2026.08.13 08:00,머니투데이,"오킨스전자, 대만 지사 설립… ""글로벌 AI 반도체 공략 가속"""
080580,2026.08.12 08:58,전자신문,"오킨스전자, 대만 지사 설립…글로벌 반도체 시장 공략 본격화"
080580,2026.08.11 17:39,한국경제,삼전닉스 설비투자 '낙수효과'…시총 1조 미만 소부장주 관심
080580,2026.07.02 10:12,전자신문,"경기도, 퀀텀코리아 첫 전시관 운영…양자산업 육성 성과 공개"
080580,2026.06.25 14:23,전자신문,"오킨스전자, AI 메모리 수혜 본격화…하반기 성장 전략 점검"
080580,2026.06.25 14:12,머니투데이,"오킨스전자, AI 메모리 핵심 테스트 솔루션 공급 부각…하반기 고성장..."
080580,2026.06.25 14:12,머니투데이,"오킨스전자, AI 메모리 핵심 테스트 솔루션 공급 부각…하반기 고성장..."
080580,2026.06.02 08:57,전자신문,"오킨스전자, 윤보영 동시 전국 어린이 낭송대회 후원…'도전과 배려'....."
078340,2026.08.29 14:54,아이뉴스24,"컴투스, '제우스: 오만의 신' 통신 3사 결제 할인 프로모션 실시"
078340,2026.08.29 12:01,서울경제,신들의 전쟁 즐기고 할인도 받자…‘제우스’ 통신 3사 프로모션[오늘.....
078340,2026.08.29 07:01,이코노미스트,"‘제우스: 오만의 신’, 컴투스 새 캐시카우로 자리매김할까[서대문 ....."
078340,2026.08.28 16:30,지디넷코리아,"컴투스 '제우스: 오만의 신', 통신 3사 결제 청구 할인 프로모션 실..."
078340,2026.08.28 15:19,아시아경제,컴투스-통신 3사 '제우스: 오만의 신' 결제 할인 프로모션
078340,2026.08.28 15:19,아시아경제,컴투스-통신 3사 '제우스: 오만의 신' 결제 할인 프로모션
078340,2026.08.28 15:02,이데일리,"'제우스: 오만의 신', 통신 3사 결제 할인 프로모션 실시"
078340,2026.08.28 14:37,포모스,'제우스: 오만의 신' 이동통신 3사와 청구 할인 프로모션 실시
078340,2026.08.28 07:32,이데일리,MMORPG 문법 새로 짠 컴투스 ‘제우스: 오만의 신’
078340,2026.08.28 16:19,매일경제,"컴투스 ‘제우스: 오만의 신’, 검증된 문법에 비주얼·편의성으로 경....."
078340,2026.08.28 15:29,데일리안,박찬호·추신수 '국가대표 레전드'로…'컴프야2026' 대규모 업데이트
078340,2026.08.28 11:26,포모스,"컴투스프로야구2026, 스타 선수 카드 추가"
078340,2026.08.28 11:26,포모스,"컴투스프로야구2026, 스타 선수 카드 추가"
078340,2026.08.28 10:32,지디넷코리아,"컴투스, '컴프야2026' 대규모 업데이트...박찬호 등 레전드 등장"
078340,2026.08.28 12:11,매일경제,[콘텐츠 핫&뉴] ‘검사 모바일’ ‘요새 쟁탈전’ 테스트 서버 오픈
078340,2026.08.28 01:41,디지털데일리,"컴투스 신작 '제우스', 출시 18시간 만에 양대 마켓 매출 1위"
078340,2026.08.27 18:25,파이낸셜뉴스,컴투스 신작 '제우스' 양대마켓 매출 1위 찍었다
078340,2026.08.27 16:11,데일리e스포츠,"컴투스 '제우스: 오만의 신', 양대 마켓 매출 1위로 산뜻한 출발"
078340,2026.08.27 16:11,데일리e스포츠,"컴투스 '제우스: 오만의 신', 양대 마켓 매출 1위로 산뜻한 출발"
078340,2026.08.27 10:48,파이낸셜뉴스,출시하자마자 1위 찍었다…컴투스 '제우스' 양대 마켓 정상
078340,2026.08.27 10:35,뉴시스,출시 18시간 만에 앱마켓 평정…컴투스 '제우스: 오만의 신' 흥행 ...
078340,2026.08.27 10:07,지디넷코리아,"컴투스 '제우스: 오만의 신', 출시 18시간 만에 양대 마켓 매출 ..."
078340,2026.08.27 09:34,매일신문,"컴투스, 신작 '제우스' 흥행 기대에 18%대 급등"
078340,2026.08.27 18:07,매일경제,세계최대 게임쇼서 신작 공개…게임株 탄력 받나
078340,2026.08.27 13:22,스포츠월드,‘제우스: 오만의 신’ 초반 흥행 청신호…양대 마켓 매출 1위
078340,2026.08.27 11:53,비즈워치,컴투스 주가 끌어올린 '제우스'…출시 당일 매출 1위
078340,2026.08.27 11:53,비즈워치,컴투스 주가 끌어올린 '제우스'…출시 당일 매출 1위
078340,2026.08.27 11:25,포모스,컴투스 신작 '제우스' 양대 마켓 매출 순위 1위 기록
078340,2026.08.27 10:54,이데일리,컴투스 ‘제우스: 오만의 신’ 양대 마켓 매출 1위
078340,2026.08.27 10:18,매일경제,‘제우스:오만의 신’ 양대 마켓 매출 1위 기록…‘롱런’ 가능성↑
078340,2026.08.27 10:15,아이뉴스24,"컴투스 신작 '제우스: 오만의 신', 애플·구글 매출 1위"
078340,2026.08.27 09:18,머니투데이,'기대작' 제우스 잘 나가네…컴투스 18% 급등
078340,2026.08.27 00:01,OSEN,"‘제우스: 오만의 신’, 사전 다운로드 첫날 앱스토어 1위"
078340,2026.08.27 10:31,뉴시스,"신작 '제우스' 인기 좋네…컴투스, 장 초반 14% 급등"
078340,2026.08.27 09:44,조선비즈,"[특징주] 컴투스, 신작 ‘제우스’ 흥행 기대감에 장 초반 15%대 ..."
078340,2026.08.27 09:44,조선비즈,"[특징주] 컴투스, 신작 ‘제우스’ 흥행 기대감에 장 초반 15%대 ..."
078340,2026.08.27 09:34,아이뉴스24,"[특징주] 컴투스, 신작 흥행 기대감에 14% 급등"
078340,2026.08.27 09:28,한국경제,"컴투스, 신작 게임 '제우스' 흥행 조짐에 '급등'"
078340,2026.08.27 09:23,파이낸셜뉴스,"컴투스, 17%대 급등…신작 '제우스' 흥행 기대감에 이틀 연속 상승..."
078340,2026.08.27 09:23,데일리안,"컴투스, 신작 '제우스' 흥행 기대감에 17%대 급등 [특징주]"
078340,2026.08.27 09:12,이데일리,"컴투스, 신작 '제우스' 흥행 기대감에 18%대 강세[특징주]"
078340,2026.08.26 17:16,매일경제,"컴투스, 신작 ‘제우스’ 출시와 함께 8% 강세 마감"
078340,2026.08.26 15:00,데일리e스포츠,전투 넘어 경제로 차별화…'제우스: 오만의 신' 30개 서버로 정식 ...
078340,2026.08.26 15:00,데일리e스포츠,전투 넘어 경제로 차별화…'제우스: 오만의 신' 30개 서버로 정식 ...
078340,2026.08.26 12:12,포모스,"[차트-모바일]""컴투스 신작 '제우스: 오만의 신' 출시와 함께 양대..."
078340,2026.08.26 11:48,매일경제,MMORPG ‘제우스:오만의 신’의 거대한 신화가 열린다
078340,2026.08.26 11:31,포모스,컴투스 신작 MMORPG '제우스' 출격...30개 서버 마련
078340,2026.08.26 10:45,지디넷코리아,"[이기자의 게임픽] 컴투스, 신작 게임 '제우스: 오만의 신' 출격...."
078340,2026.08.26 10:43,조선비즈,컴투스 ‘제우스: 오만의 신’ 26일 낮 12시 정식 출시
078340,2026.08.26 09:50,이코노미스트,컴투스 신작 ‘제우스: 오만의 신’ 26일 정식 출시…PC·모바일 지...
078340,2026.08.26 09:26,아이뉴스24,"컴투스 신작 '제우스: 오만의 신', 26일 정오 서비스 개시"
078340,2026.08.26 17:01,한국일보,"엔씨는 슈팅, 크래프톤은 오픈월드... 장르 탈피하는 K게임"
078340,2026.08.26 13:31,뉴시스,"컴투스, '제우스: 오만의 신' 출시…양대 앱마켓 인기 게임 1위"
078340,2026.08.26 13:12,뉴스1,컴투스 신작 MMORPG '제우스' 정식 서비스…양대 앱마켓 1위
078340,2026.08.26 13:12,뉴스1,컴투스 신작 MMORPG '제우스' 정식 서비스…양대 앱마켓 1위
078340,2026.08.26 12:00,마이데일리,컴투스 ‘제우스: 오만의 신’ 정식 출시…양대 앱마켓 인기 1위
078340,2026.08.26 10:38,데일리안,컴투스 '제우스: 오만의 신' 오늘 출시…'올림포스' 정상 노린다
078340,2026.08.25 18:11,데일리안,"출시 D-1 '제우스: 오만의 신', 애플 앱스토어 인기 1위…흥행 예..."
078340,2026.08.25 15:19,스포츠월드,"‘제우스: 오만의 신’, 출시 전부터 흥행 조짐…앱스토어 인기 1위"
078340,2026.08.25 15:19,스포츠월드,"‘제우스: 오만의 신’, 출시 전부터 흥행 조짐…앱스토어 인기 1위"
078340,2026.08.25 12:07,포모스,"제우스: 오만의 신, 사전 다운로드로 앱스토어 인기 1위 차지"
078340,2026.08.25 10:41,아이뉴스24,"컴투스, 신작 '제우스: 오만의 신' 사전 다운로드 당일 애플 앱스토..."
078340,2026.08.25 10:38,비즈워치,"컴투스 신작 '제우스: 오만의 신', 출시 앞두고 기대감↑"
078340,2026.08.25 10:27,매일경제,‘제우스:오만의 신’ 기대감 ‘up’…사전 다운로드 마켓 인기 1위
078340,2026.08.25 10:21,지디넷코리아,"컴투스, 신작 '제우스: 오만의 신' 애플 앱스토어 인기 1위"
078340,2026.08.25 16:53,OSEN,"정식출시 D-1...‘제우스: 오만의 신’, 출시 전 사전 다운로드 개..."
078340,2026.08.25 14:02,마이데일리,"컴투스 ‘제우스: 오만의 신’, 사전 다운로드 당일 앱스토어 인기 1..."
078340,2026.08.25 14:02,마이데일리,"컴투스 ‘제우스: 오만의 신’, 사전 다운로드 당일 앱스토어 인기 1..."
078340,2026.08.25 12:01,뉴스1,"컴투스, '제우스: 오만의 신' 사전 다운로드 애플 앱스토어 1위"
078340,2026.08.25 11:14,데일리e스포츠,"'제우스: 오만의 신', 다운로드 시작하자 애플 인기 1위"
078340,2026.08.25 10:29,뉴시스,"컴투스 '제우스: 오만의 신', 출시 전 애플 앱스토어 인기 1위"
078340,2026.08.25 16:38,조선비즈,“자사주 소각에 창사 이래 첫 배당까지”… 주가 부진에 주주환원 나.....
078340,2026.08.24 20:41,헤럴드경제,"한투증권이 달라졌다, 무신사·코인원·카뱅·토스까지…“AI 시대 최..."
078340,2026.08.24 11:26,헤럴드경제,“AI 시대 최종 무기는 결국 상품력”
078340,2026.08.24 11:26,헤럴드경제,“AI 시대 최종 무기는 결국 상품력”
078340,2026.08.24 17:21,데일리e스포츠,"컴투스, 'SWC2026' 동남아·기타 아시아 대표 4인 확정"
078340,2026.08.24 17:11,지디넷코리아,"컴투스 'SWC2026', 동남아·기타 아시아 예선 종료…본선 진출자..."
078340,2026.08.24 17:11,지디넷코리아,"컴투스 'SWC2026', 동남아·기타 아시아 예선 종료…본선 진출자..."
078340,2026.08.24 14:38,매일경제,[SWC 2026] 아시아퍼시픽 컵 대표 4명 선수 선발
476060,2026.08.31 09:33,한국경제,"온코닉테라퓨틱스, 이중표적항암제 '네수파립' 미 특허 확보"
476060,2026.08.31 09:33,조선비즈,"온코닉테라퓨틱스, 항암제 후보 ‘네수파립’ 美 제조 특허 확보"
476060,2026.08.31 09:33,조선비즈,"온코닉테라퓨틱스, 항암제 후보 ‘네수파립’ 美 제조 특허 확보"
476060,2026.08.31 09:18,서울경제,"온코닉테라퓨틱스, ‘네수파립’ 제조기술 美 특허 확보"
476060,2026.08.31 09:11,아시아경제,"온코닉테라퓨틱스, 네수파립 제조방법 美 특허 등록 결정"
476060,2026.08.31 09:09,머니투데이,"온코닉테라퓨틱스, '네수파립' 美 제조 특허 확보…2042년까지 보호"
476060,2026.08.31 09:22,조선비즈,"美 긴축 우려에… 코스피, 2% 넘게 하락 출발"
476060,2026.08.30 06:03,이데일리,에이비온 5.6개월·에이비엘은 현금 순유입…기술이전이 가른 ‘자금...
476060,2026.08.25 18:36,서울경제,"“6개 중 3개가 국산”…K위장약, 中 파고든다"
476060,2026.08.24 11:10,동행미디어 시대,"한상철, 신약 승부수 통했다…자큐보가 바꾼 제일약품"
476060,2026.08.21 15:51,동행미디어 시대,"대웅제약, 펙수클루 중국 직판 체제 구축 본격화"
476060,2026.08.21 12:37,아이뉴스24,신약 지배하던 P-CAB…4000억 시장 후발주자 합류에 더 뜨거워진다
476060,2026.08.20 16:46,아이뉴스24,"""자큐보로 벌고 네수파립 키운다""?온코닉테라퓨틱스 재평가 가능성"
476060,2026.08.20 11:46,전자신문,"온코닉테라퓨틱스, '자큐보'로 연구개발 고삐 죈다"
476060,2026.08.20 11:46,전자신문,"온코닉테라퓨틱스, '자큐보'로 연구개발 고삐 죈다"
476060,2026.08.20 10:50,아시아경제,"온코닉테라퓨틱스, 자큐보 수익 기반 후속 신약 개발…기업가치 재평....."
476060,2026.08.19 16:18,디지털타임스,자회사 온코닉 개발 ‘자큐보’ 효과에 제일약품 체질개선 ‘속도’
476060,2026.08.18 17:12,한국경제,"제일약품, 식후혈당까지 잡는다…차세대 당뇨신약 연내 3상 IND"
204270,2026.08.19 12:03,이데일리,영업익 62% 급증…전기전자·유통이 견인[상반기 코스닥 결산]
204270,2026.08.11 17:51,이데일리,"설립 11년 LX인베, 소비재로 시작해 소부장서 터졌다[마켓인]"
204270,2026.07.28 17:38,한국경제,"[단독] 장상욱 ""고강도 사업재편…내년 영업이익률 30%"""
204270,2026.07.14 10:01,서울경제,127억달러 키트루다SC 시장…삼성·셀트리온 승부수
204270,2026.07.14 07:02,서울경제,"제이앤티씨, 日 토판과 TGV 유리기판 상용화 ‘맞손’…“AI 반도체 ..."
204270,2026.07.13 18:14,서울경제,"제이앤티씨, 일본 돗판과 TGV 유리기판 상용화 맞손"
204270,2026.07.13 16:01,지디넷코리아,"JNTC, 일본 토판과 유리기판 상용화 협약 체결"
204270,2026.07.13 16:01,지디넷코리아,"JNTC, 일본 토판과 유리기판 상용화 협약 체결"
204270,2026.07.13 15:22,조선비즈,"제이앤티씨, 日 토판과 TGV 유리기판 상용화 맞손…AI 반도체 시장..."
204270,2026.07.13 15:05,머니투데이,"제이앤티씨, 일본 돗판과 TGV 유리기판 상용화 협약 체결"
204270,2026.07.13 14:59,전자신문,"제이앤티씨, 日 토판과 TGV 유리기판 상용화 협력"
204270,2026.07.13 14:18,한국경제,"제이앤티씨, 日 반도체기업 ‘TOPPAN’과 TGV 유리기판 상용화 ..."
204270,2026.07.13 14:08,이데일리,"제이앤티씨, 日 TOPPAN과 TGV 유리기판 상용화 협약…글로벌 공..."
204270,2026.07.13 13:56,아시아경제,"제이앤티씨, 日 TOPPAN과 TGV 유리기판 상용화 협약…글로벌 공..."
204270,2026.07.13 13:31,뉴시스,"제이앤티씨, 日 TOPPAN과 TGV 유리기판 상용화 협약"
204270,2026.07.09 09:40,SBS Biz,[이 시각 시황] 코스피 나흘 만에 반등…반도체주 일제히 강세
204270,2026.06.26 19:02,조세일보,"넥스트레이드, 3분기 32개 종목 제외...카카오·대한항공 등 빠져"
204270,2026.06.23 12:07,이데일리,"제이앤티씨, 글로벌 완성차 3곳과 2500억 규모 커버글라스 수주"
204270,2026.06.23 10:33,아시아경제,"제이앤티씨, 2500억원 규모 차량용 3D 커버글라스 수주 확보"
204270,2026.06.23 10:33,아시아경제,"제이앤티씨, 2500억원 규모 차량용 3D 커버글라스 수주 확보"
204270,2026.06.23 10:22,전자신문,"제이앤티씨, 차량 디스플레이용 3D 커버유리 2500억원 규모 신규 ..."
204270,2026.06.23 10:06,뉴시스,"제이앤티씨, 2500억 규모 차량용 3D 커버글라스 수주 확보"
204270,2026.06.22 16:46,SBS Biz,[애프터마켓 브리핑] SK하이닉스 시총 1위 등극…26년만 '왕좌' 교...
000150,2026.08.31 09:10,뉴시스,"두산, 네팔 현지서 민간헬기 2대 운항 신청…드론 수색 추진 등 구조 ..."
000150,2026.08.31 08:27,뉴시스,"네팔 대홍수 엿새째…두산에너빌, 현장대응팀 2명 추가 파견 등 수색...."
000150,2026.08.31 08:27,뉴시스,"네팔 대홍수 엿새째…두산에너빌, 현장대응팀 2명 추가 파견 등 수색...."
000150,2026.08.31 06:30,뉴시스,신임 법무 김승원·재경 이형일·국방 강신철 지명…2차 개각 단행[간.....
000150,2026.08.31 02:00,뉴시스,"박정원·지원 회장, 네팔서 구조 직원들 만나…""모든 수색방식 동원"""
000150,2026.08.30 23:26,뉴시스,"[속보]두산 ""박정원·지원 회장, 가용한 모든 수색방식 강구 당부"""
000150,2026.08.30 23:25,뉴시스,"[속보]두산 ""박정원·지원 회장, 구조 직원만나 현장 설명 들어“"
000150,2026.08.30 22:01,연합뉴스,"[네팔 대홍수] ""실종좌표 더 수색해야 하는데""…기업팀, 헬기수색 무산..."
000150,2026.08.30 19:21,한국경제TV,"""헬기 구했는데 못 띄운다니""...직원 실종 기업들 '발동동'"
000150,2026.08.30 19:21,한국경제TV,"""헬기 구했는데 못 띄운다니""...직원 실종 기업들 '발동동'"
000150,2026.08.30 18:49,국민일보,두산·남동발전 현지 총력대응… 실종자 가족 “헬기 더 띄워 달라”
000150,2026.08.30 18:02,한국경제,"네팔 실종자 가족 ""헬기 추가 투입해달라"""
000150,2026.08.30 17:44,연합뉴스,"[네팔 대홍수] ""실종좌표 더 수색해야""…기업대응팀, 헬기 못띄워 '..."
000150,2026.08.30 15:01,매일경제,“헬기 한번만 더 띄워주세요”…네팔 홍수 실종자 가족들의 간곡한 .....
000150,2026.08.30 13:09,헤럴드경제,네팔 홍수 실종자 수색 시작도 못 해…악천후에 헬기 못 띄워
000150,2026.08.30 12:28,연합뉴스,"[네팔 대홍수] ""실종좌표 더 수색해야""…기업대응팀, 헬기 못띄워 '..."
000150,2026.08.30 19:55,MBN,허가 지연·악천후에 헬기 수색 난항…박정원 두산 회장 네팔 도착
000150,2026.08.30 18:23,서울경제,"박정원 두산 회장, 네팔서 실종자 구조 진두지휘"
000150,2026.08.30 18:06,파이낸셜뉴스,"박정원 두산 회장, 네팔서 직접 구조 지휘"
000150,2026.08.30 18:06,파이낸셜뉴스,"박정원 두산 회장, 네팔서 직접 구조 지휘"
000150,2026.08.30 15:39,한국일보,"박정원 두산 회장 네팔 급파에도 헬기 허가는 아직… ""수색·구조 총력..."
000150,2026.08.30 15:10,머니투데이,박정원 회장까지 네팔행…직원 구조 총력전 나선 두산
000150,2026.08.30 15:06,뉴시스,"박정원 회장 네팔 현장 직접 챙겨…두산, 실종 직원 6명 수색 '총력..."
000150,2026.08.30 13:47,파이낸셜뉴스,"박정원 두산 회장, 네팔로 긴급 출국..그룹 차원 직원 구조 총력전"
000150,2026.08.30 11:34,채널A,"두산 박정원 회장, 네팔 실종 직원 수색 직접 챙긴다 [현장영상]"
000150,2026.08.30 10:31,디지털데일리,"두산 박정원 회장·박지원 부회장 네팔 도착…""구조작업 최대한 빨리....."
000150,2026.08.30 09:11,연합뉴스TV,"두산 박정원·박지원 네팔 도착…""구조 작업 노력"""
000150,2026.08.30 05:00,뉴시스,"박정원 두산 회장 긴급 네팔行, 민간헬기 수색 시도 지속 ""직원 구조..."
000150,2026.08.30 16:58,YTN,"기업 현지팀, 추가 대응팀 파견...헬기는 대기 중"
000150,2026.08.30 13:43,연합뉴스TV,"남동발전, 네팔에 사장 대행 등 추가 파견…수색 총력"
000150,2026.08.30 13:43,연합뉴스TV,"남동발전, 네팔에 사장 대행 등 추가 파견…수색 총력"
000150,2026.08.30 12:21,YTN,"기업 대응팀, 사흘째 수색...남동발전, 추가 파견"
000150,2026.08.30 11:14,연합뉴스TV,"남동발전, 네팔에 대응팀 추가 파견…수색 지원 총력"
000150,2026.08.30 10:39,연합뉴스TV,남동발전 네팔 2차 파견…수색 지원 총력
000150,2026.08.30 09:44,경향신문,두산·남동발전 경영진 잇따라 네팔행…대홍수 실종 직원 수색 챙긴다
000150,2026.08.30 09:16,아시아경제,네팔 대홍수 실종자 3000명으로 늘어…사망 675명
000150,2026.08.30 09:01,이코노미스트,수천억 된 회장님 RSU…대체 얼마까지 줘도 되나
000150,2026.08.30 08:01,이코노미스트,"현금 규제하니 주식으로…재벌가 보상, '이것'으로 옮겨갔다"
000150,2026.08.29 23:18,전자신문,"박정원 두산 회장, 네팔서 실종 직원 수색현장 직접 지원"
000150,2026.08.29 22:09,조선비즈,"박정원 두산 회장, 네팔 도착…수색 현장 직접 지원"
000150,2026.08.29 22:09,조선비즈,"박정원 두산 회장, 네팔 도착…수색 현장 직접 지원"
000150,2026.08.29 21:48,데일리안,"네팔 도착한 두산 박정원·박지원…""실종 직원 가족들 만나고 왔다"""
000150,2026.08.29 21:47,연합뉴스,"[네팔 대홍수] 박정원 두산 회장, 카트만두 도착…직원 수색현장 직접..."
000150,2026.08.29 21:32,연합뉴스TV,"[현장연결] 박정원 두산 회장도 네팔 도착…""구조작업 지원에 최선"""
000150,2026.08.29 14:17,디지털데일리,"두산 박정원 회장·박지원 부회장, 네팔로 출국…실종 직원 수색 총력"
000150,2026.08.29 23:09,YTN,두산 박정원 회장·박지원 부회장 네팔 도착...수색활동 지원
000150,2026.08.29 22:19,연합뉴스TV,"두산 박정원·박지원 네팔 도착…""구조 작업 빨리 진행되도록 노력"""
000150,2026.08.29 22:19,연합뉴스TV,"두산 박정원·박지원 네팔 도착…""구조 작업 빨리 진행되도록 노력"""
000150,2026.08.29 21:36,뉴스1,"두산 박정원 회장·박지원 부회장, 네팔 카트만두 도착"
000150,2026.08.29 21:35,YTN,"박정원 두산 회장·박지원 부회장, 네팔 도착...수색작업 직접 지원"
000150,2026.08.29 21:35,뉴스1,"두산 박정원 회장·박지원 부회장, 실종자 수색 지원 위해"
000150,2026.08.29 21:35,뉴스1,"두산 박정원 회장·박지원 부회장, 네팔 실종자 수색 지원"
000150,2026.08.29 21:35,뉴스1,"두산 박정원 회장·박지원 부회장, 네팔 실종자 수색 지원"
000150,2026.08.29 21:34,뉴스1,"두산 박정원 회장·박지원 부회장, 네팔 도착"
000150,2026.08.29 21:19,뉴스1,"두산 박정원 회장·박지원 부회장, 네팔 도착"
000150,2026.08.29 13:59,파이낸셜뉴스,"[속보] 두산 박정원 회장·박지원 부회장, 네팔行…실종자 수색 지원"
000150,2026.08.29 22:43,중앙일보,네팔 도착 박지원 두산에너 회장 “구조작업 빨리 이뤄지도록 노력”
000150,2026.08.29 15:39,데일리안,네팔 대홍수에 두산 총수일가 직접 나섰다…박정원·박지원 출국(종합.....
000150,2026.08.29 15:39,데일리안,네팔 대홍수에 두산 총수일가 직접 나섰다…박정원·박지원 출국(종합.....
000150,2026.08.29 14:44,중앙일보,두산 박정원 회장?박지원 부회장 네팔행…“실종 직원 수색 지원”
000150,2026.08.29 14:22,한겨레,"두산 박정원 회장·박지원 부회장, 네팔행…연락 두절 직원 수색 지원"
000150,2026.08.29 14:18,조선일보,두산 박정원 회장·박지원 부회장 네팔行...실종자 수색 지원
000150,2026.08.29 14:09,세계일보,[속보] 두산 박정원 회장·박지원 부회장 네팔행…연락 두절 직원 수색...
000150,2026.08.29 14:00,동행미디어 시대,"두산 박정원·박지원, 네팔행…실종 직원 수색·구조 직접 점검"
000150,2026.08.29 13:48,뉴스1,"두산 박정원 회장·박지원 부회장 오늘 네팔행…""실종자 수색 지원"""
000150,2026.08.29 13:41,서울경제,"두산 박정원 회장·박지원 부회장, 네팔행…실종자 수색 지원"
000150,2026.08.29 21:57,뉴시스,"박정원 두산 회장 네팔 도착, 현지서 직원 구조 현장 지휘 [뉴시스Pi..."
000150,2026.08.29 21:21,연합뉴스TV,"두산 박정원 회장도 네팔로…""실종 직원 수색 총력"""
000150,2026.08.29 21:21,연합뉴스TV,"두산 박정원 회장도 네팔로…""실종 직원 수색 총력"""
000150,2026.08.29 16:36,연합뉴스TV,박정원 두산 회장 네팔로 출국…실종직원 수색 지원
000150,2026.08.29 15:38,디지털타임스,"박정원 두산 회장, 네팔로 출국…실종직원 수색 직접 지원"
000150,2026.08.29 15:11,노컷뉴스,"두산 박정원 회장, 현장 구조 지원 네팔로 출국"
000150,2026.08.29 14:51,데일리안,"박정원 두산 회장, 네팔로 간다…대홍수 실종자 수색 직접 지원"
000150,2026.08.29 14:49,뉴시스,"박정원 두산 회장, 직접 네팔서 직원 구조 현장 지휘…수색 헬기 운항..."
000150,2026.08.29 14:48,SBS,"박정원 두산 회장, 네팔행…실종 직원 수색 현장 직접 지원"
000150,2026.08.29 14:47,KBS,"박정원 두산 회장, 네팔행…실종직원 수색현장 직접 지원"
000150,2026.08.29 14:44,매일신문,"""매우 엄중한 상황""…두산 박정원 회장, 홍수 덮친 네팔로 출국"
000150,2026.08.29 14:43,연합뉴스TV,"박정원 두산 회장, 네팔 출국…실종 직원 수색 직접 지원"
000150,2026.08.29 14:42,kbc광주방송,"박정원 두산 회장, '대홍수' 네팔로 직접 간다…실종 직원 6명 수색..."
000150,2026.08.29 14:39,MBC,"박정원 두산 회장, 네팔 출국‥수색현장 직접 지원"
000150,2026.08.29 14:38,이코노미스트,"네팔 홍수에 직원 6명 연락두절…박정원 두산 회장, 출국해 현장 지원"
000150,2026.08.29 14:32,헤럴드경제,두산 박정원 회장·박지원 부회장 네팔行…실종자 가족들 “골든타임...
000150,2026.08.29 14:31,SBS Biz,"박정원 두산 회장, 네팔행…실종직원 수색현장 직접 지원"
000150,2026.08.29 14:30,MBN,"두산 박정원 회장, 오늘 네팔행…실종직원 수색 직접 지원"
000150,2026.08.29 14:26,조선비즈,박정원 두산 회장 네팔로 출국… 실종 직원 수색·구조 지원
000150,2026.08.29 14:22,아시아경제,"두산 박정원 회장, 네팔行…실종직원 수색현장 지원"
000150,2026.08.29 14:20,파이낸셜뉴스,"박정원 두산 회장, 네팔 출국...""실종직원 수색 상황 직접 지휘""(..."
000150,2026.08.29 21:39,데일리안,"[속보] 두산 박정원 회장·박지원 부회장, 네팔 도착 ""실종 직원 가족..."
000150,2026.08.29 21:35,뉴시스,네팔 입국하는 박정원 회장-박지원 부회장
000150,2026.08.29 21:28,뉴시스,네팔 입국하는 박정원 회장-박지원 부회장
000150,2026.08.29 21:28,뉴시스,네팔 입국하는 박정원 회장-박지원 부회장
000150,2026.08.29 21:28,뉴시스,네팔 입국하는 박정원 회장-박지원 부회장
000150,2026.08.29 21:27,뉴시스,네팔 입국하는 박정원 회장-박지원 부회장
000150,2026.08.29 21:27,뉴시스,네팔 입국하는 박정원 회장-박지원 부회장
000150,2026.08.29 21:27,뉴시스,네팔 입국하는 박정원 회장-박지원 부회장
000150,2026.08.29 21:27,뉴시스,네팔 입국하는 박정원 회장-박지원 부회장
000150,2026.08.29 21:27,뉴시스,네팔 입국하는 박정원 회장-박지원 부회장
000150,2026.08.29 21:27,뉴시스,네팔 입국하는 박정원 회장-박지원 부회장
000150,2026.08.29 14:51,더팩트,두산 박정원 회장-박지원 부회장 네팔행...실종자 수색 지원
000150,2026.08.29 13:50,데일리안,"[속보] '직원 6명 실종' 두산 박정원 회장·박지원 부회장, 네팔行..."
000150,2026.08.29 13:45,뉴시스,"두산 박정원 회장·박지원 부회장, 네팔로 출국 ""현장서 그룹차원 사...."
000150,2026.08.29 13:43,한경비즈니스,"[속보]두산 박정원 회장·박지원 부회장, 네팔행"
000150,2026.08.29 13:37,뉴스1,"[속보] 두산 박정원 회장·박지원 부회장, 네팔행…실종자 수색 지원"
000150,2026.08.29 21:35,뉴시스,질문받는 박정원 회장
000150,2026.08.29 21:21,뉴스1,카트만두 도착한 박정원 두산 회장
000150,2026.08.29 21:21,뉴스1,카트만두 도착한 박정원 두산 회장
000150,2026.08.29 19:30,연합뉴스,"[네팔 대홍수] 두산·남동발전팀, 악천후·운항불허로 헬기수색 '난항....."
000150,2026.08.29 18:23,뉴스1,두산 박정원 네팔행…헬기·드론 동원해 '실종자 수색 총력전'(종합)
000150,2026.08.29 18:23,뉴스1,두산 박정원 네팔행…헬기·드론 동원해 '실종자 수색 총력전'(종합)
000150,2026.08.29 16:11,조선비즈,"두산·남동발전, 네팔 홍수 실종자 헬기 수색 돌입…악천후에 이륙 차...."
000150,2026.08.29 15:06,SBS Biz,"두산·남동발전팀, 현장 헬기수색 시작했지만 기상여건 난항"
000150,2026.08.29 14:59,연합뉴스,"[네팔 대홍수] 두산·남동발전팀, 현장 헬기수색 시작했지만 기상여건...."
000150,2026.08.29 18:06,한경비즈니스,"전기전자, PCB 업사이클 숫자로 재확인[베스트 애널리스트 추천 전략...."
000150,2026.08.29 15:27,데일리안,네팔·티베트 대홍수 사망자 633명으로…실종자는 3000명 육박
000150,2026.08.29 15:13,SBS Biz,'네팔 대홍수' 사망자 633명으로 늘어…실종자 3천명 육박
000150,2026.08.29 15:13,SBS Biz,'네팔 대홍수' 사망자 633명으로 늘어…실종자 3천명 육박
000150,2026.08.29 14:56,YTN,두산·남동발전팀 헬기수색 착수...드론도 투입
000150,2026.08.29 12:00,뉴시스,한화·두산 '자사주 소각' 승부수…HD현대는 배당에 방점[주주환원시.....
000150,2026.08.29 07:00,데일리안,"이재용, 李대통령과 한 달 만에 또 만찬...네팔 총력 구조 박정원 [..."
000150,2026.08.28 17:24,연합뉴스TV,"[비즈&] 두산, 네팔 피해 수습에 70억원 긴급 지원 外"
000150,2026.08.28 16:36,YTN,"두산에너빌리티 찾은 실종 직원 가족...""드론이라도 날려야"""
000150,2026.08.28 15:41,MBC,"두산 현장 대응팀, 사고현장 수색·직원 귀환 '투트랙' 지원"
000150,2026.08.28 15:07,경향신문,두산에너빌리티·남동발전 대응팀 네팔 도착…본격 수색 작업 시작
000150,2026.08.28 15:07,경향신문,두산에너빌리티·남동발전 대응팀 네팔 도착…본격 수색 작업 시작
000150,2026.08.28 11:48,서울신문,"‘네팔 홍수’ 두산·남동발전 대응팀, 사고 현장 수색·직원 귀환 지...."
000150,2026.08.28 10:12,데일리안,"두산, 네팔서 구조 직원부터 만난다…연락두절 6명 수색 지원"
000150,2026.08.28 10:05,SBS,두산·남동발전 대응팀 네팔 도착…사고 현장 수색·직원 귀국 '투트랙....
000150,2026.08.28 09:35,연합뉴스,"[네팔 대홍수] 두산·남동발전 대응팀, 사고현장수색·직원귀환 '투트...."
000150,2026.08.28 15:14,연합뉴스TV,"두산·남동발전 ""구조 총력""…직원 가족들과 소통"
000150,2026.08.28 13:48,연합뉴스TV,"두산·남동발전, 현지에 캠프 마련…구조 총력 지원"
000150,2026.08.28 13:48,연합뉴스TV,"두산·남동발전, 현지에 캠프 마련…구조 총력 지원"
000150,2026.08.28 11:58,연합뉴스TV,"두산·남동발전, 현지에 캠프 마련…구조 총력 지원"
000150,2026.08.28 09:40,연합뉴스TV,"두산·남동발전, 현지에 캠프 마련…직원 구조 총력"
000150,2026.08.28 14:44,매일경제,"문홍성 전 두산 대표이사, 대구정책연구원 제2대 원장 선임"
000150,2026.08.28 13:06,연합뉴스TV,"[경제읽기] 두산·남동발전, 현지 캠프 마련…수색·구조 총력"
000150,2026.08.28 11:54,문화일보,“연락두절 9명 어디에 있나”… 대응팀 헬기확보 총력
000150,2026.08.28 07:58,뉴시스,"정연인 두산에너빌리티 부회장, 네팔 현지 도착…직원 구조·사고 수습....."
000150,2026.08.28 06:00,뉴스1,"'고립 직원' 구조…두산에너빌, 연락 두절 직원 구조 총력전"
000150,2026.08.28 06:00,뉴스1,"'고립 직원' 구조…두산에너빌, 연락 두절 직원 구조 총력전"
000150,2026.08.28 06:40,한국일보,엔비디아도 손 내민 AI 시대 ‘첨단 파트너’
000150,2026.08.28 00:52,조선일보,“네팔 발전소 물막이 시설 90% 소실”
000150,2026.08.27 21:57,연합뉴스TV,"두산 박정원 ""네팔 상황 조치에 전사적 역량"""
000150,2026.08.27 19:17,문화일보,두산 박정원 “직원 안전 확인·무사 귀환 최우선 과제…전사적 역량.....
000150,2026.08.27 19:17,문화일보,두산 박정원 “직원 안전 확인·무사 귀환 최우선 과제…전사적 역량.....
000150,2026.08.27 18:57,노컷뉴스,"두산 박정원, 네팔 홍수에 ""직원 무사 귀환 최우선 과제"""
000150,2026.08.27 18:55,디지털데일리,"박정원 두산 회장 ""네팔 직원 안전 확인 최우선…전사적 역량 집중"""
000150,2026.08.27 17:44,국민일보,두산 박정원 “직원 무사 귀환 최우선…한마음으로 기원해 달라”
000150,2026.08.27 17:37,서울경제,"박정원 두산 회장, 네팔 홍수에 “직원 안전확인·무사귀환 최우선”"
000150,2026.08.27 17:34,아이뉴스24,"박정원 두산 회장 ""직원 무사 귀환에 전사적 역량 집중"""
000150,2026.08.27 17:32,뉴스1,"박정원 ""무사 귀환 최우선""…두산·남동발전 동료들 한마음 기원(종합...."
000150,2026.08.27 17:29,한경비즈니스,"박정원 ""직원 무사 귀환 최우선""…두산, 네팔 홍수에 500만달러 긴..."
000150,2026.08.27 17:20,경향신문,‘직원 6명 실종’에 두산 박정원 회장 “무사히 가족 품으로 귀환하....
000150,2026.08.27 17:18,머니투데이,"박정원 두산 회장 ""네팔 직원 무사 귀환 최우선 과제 삼을 것"""
000150,2026.08.27 17:15,동행미디어 시대,"박정원 두산 회장 ""네팔 연락 두절 직원 안전 확인·무사 귀환 최우선..."
000150,2026.08.27 17:15,데일리안,"두산 박정원, 네팔 홍수에 ""직원 안전 확인·무사 귀환 최우선"""
000150,2026.08.27 17:15,아시아경제,"두산 박정원 ""직원 무사 귀환 최우선…전사적 역량 집중""(종합)"
000150,2026.08.27 17:15,헤럴드경제,박정원 두산 회장 “직원 무사 귀환이 최우선 과제…수색·구조 전사.....
000150,2026.08.27 17:08,이데일리,"두산 박정원 ""직원 안전 확인·무사 귀환 최우선 과제…전사적 역량 ...."
000150,2026.08.27 17:02,뉴시스,"박정원 두산 회장, 네팔 홍수 실종 직원들에 ""무사 귀환 위해 전사적..."
000150,2026.08.27 17:02,연합뉴스TV,"두산 박정원 ""직원들 안전 확인·무사 귀환에 전사적 역량 집중"""
000150,2026.08.27 16:59,뉴스1,"박정원 두산그룹 회장 ""직원 안전 확인과 무사 귀환 최우선"""
000150,2026.08.27 16:47,연합뉴스,"두산 박정원 ""직원 안전 확인·무사 귀환 최우선 과제""(종합)"
000150,2026.08.27 19:31,한국일보,네팔 직원들 이틀째 실종… 침통한 두산에너빌·남동발전 '발동동'
000150,2026.08.27 16:32,이코노미스트,"두산, 네팔 피해 수습에 500만 달러 지원...정연인 부회장 급파"
000150,2026.08.27 16:31,서울경제,"두산, 홍수 피해 네팔에 500만弗 긴급 지원…가족 파견도 돕는다"
000150,2026.08.27 16:31,서울경제,"두산, 홍수 피해 네팔에 500만弗 긴급 지원…가족 파견도 돕는다"
000150,2026.08.27 16:04,뉴스1,"두산그룹, 네팔 홍수 피해 수습에 500만 달러 긴급 지원"
000150,2026.08.27 13:49,연합뉴스TV,두산에너빌리티 비상대책본부 구성…현지대응팀 급파
000150,2026.08.27 09:50,연합뉴스TV,"두산·남동발전 현지대응팀 급파…""구조 총력"""
000150,2026.08.27 09:50,연합뉴스TV,"두산·남동발전 현지대응팀 급파…""구조 총력"""
000150,2026.08.27 10:57,중앙일보,"네팔 수력발전소 덮친 홍수…정연인 두산에너빌 대표, 긴급출국"
000150,2026.08.26 16:54,디지털데일리,日 미쓰이 독점판 뛰어든 롯데에너지머티…AI 동박 성패 가를 '수율'
000150,2026.08.26 16:07,아이뉴스24,"코스피 6800선 회복…""삼성전자·SK하이닉스 자사주 매입 추정"""
000150,2026.08.26 15:35,매일경제,"엔비디아, 젯슨 오린 나노 2 공개.. 두산밥캣 도입"
000150,2026.08.26 10:03,뉴시스,'삼전·닉스' 숨고르기…LG·한화·포스코 그룹주 ETF '약진'
000150,2026.08.25 15:50,이데일리,삼전닉스 쉬어가니 그룹주 ETF 담아볼까…LG·포스코 ‘두각’
000150,2026.08.25 06:00,뉴스1,잘나가던 두산그룹 ETF -11%…순환매 장세에선 그룹주 ‘투자주의’[...
000150,2026.08.25 04:10,머니투데이,"머리카락 5분의 1 두께...두산, 반도체용 동박 양산 추진"
000150,2026.08.24 15:51,머니투데이,"[단독]18㎛→13㎛로 더 얇게…두산, 초박판 CCL 양산 준비"
000150,2026.08.24 15:51,머니투데이,"[단독]18㎛→13㎛로 더 얇게…두산, 초박판 CCL 양산 준비"
000150,2026.08.24 17:30,머니투데이,반도체 '3각축' 갖춘 두산..AI發 동박적층판 공장 풀가동에 해외 증...
459580,2026.08.18 15:31,한국경제,"""코스피 다시 오른다""…간 큰 개미들 '18조 아찔한 베팅'"
459580,2026.06.07 06:00,뉴스1,'방어→공격' 전환한 파킹형 ETF…자금 회수해 '불타기' 나섰다
459580,2026.04.28 16:58,이데일리,종합 대상에 삼성운용…“ETF 시장 발전 핵심 역할”[2026 금융투자...
459580,2026.04.17 06:00,뉴스1,ETF 400조 시대…'육천피' 일등공신 vs 극심한 변동성의 '개미굴...
459580,2026.04.12 09:01,매경이코노미,종잡을 수 없는 증시...‘파킹형 상품’ 뜬다
459580,2026.03.13 15:39,매경이코노미,현기증 나는 ‘롤러코스피’…동학개미 몰린 피난처는
459580,2026.03.13 07:15,세계일보,“오르면 좋고 떨어지면 버티고”… 개미들 ‘냉온탕’ 증시에 커버드.....
459580,2026.03.13 07:15,세계일보,“오르면 좋고 떨어지면 버티고”… 개미들 ‘냉온탕’ 증시에 커버드.....
459580,2026.03.13 10:59,매일경제,롤러코스터 증시에 영향력 커진 ETF…순자산 400조 육박·1조 클럽 ...
459580,2026.03.11 17:18,한국경제,"개미, 파킹형·고배당 ETF로 피신"
459580,2026.03.01 18:26,파이낸셜뉴스,불장에 '공격 앞으로'... 안정형 ETF 팔고 코스닥으로
459580,2026.03.01 14:57,파이낸셜뉴스,"""증시 불장인데 만족 못 해""…'채권·파킹형' ETF 자금 '뚝'"
459580,2026.03.01 14:57,파이낸셜뉴스,"""증시 불장인데 만족 못 해""…'채권·파킹형' ETF 자금 '뚝'"
459580,2026.02.23 05:21,이데일리,1년에 178% ‘껑충’…퇴직연금 계좌 수익률 1위 펀드는
278280,2026.06.04 17:52,이데일리,"천보, 34.6억 규모 전환청구권 행사"
278280,2026.05.19 08:11,한국경제,"""천보, 이익 모멘텀 제한적…목표가↓""-삼성"
278280,2026.05.07 11:08,서울경제,오늘의 메모[5월 8일]
278280,2026.03.30 14:24,뉴스1,"키움證, 코스닥 기업 초청하는 '콥데이'에 개미 참여 기회 제공"
278280,2026.03.17 11:03,서울경제,오늘의 메모[3월 18일]
278280,2026.02.11 11:31,헤럴드경제,"동화일렉, 북미 배터리소재 공급망 안정화"
278280,2026.02.10 13:15,뉴스1,"동화일렉트로·피지티·천보, '북미 배터리 순환형 공급망' 협력"
278280,2026.02.10 10:44,헤럴드경제,"동화일렉, 북미 공략 배터리소재 공급망 안정화"
278280,2026.02.10 10:44,헤럴드경제,"동화일렉, 북미 공략 배터리소재 공급망 안정화"
278280,2026.02.10 10:32,지디넷코리아,"동화일렉트로, 국내산 전해액 소재 수급…美 규제 대응"
278280,2026.02.10 09:40,파이낸셜뉴스,"동화일렉트로라이트, 피지티·천보와 북미 배터리 공략"
278280,2026.01.08 15:18,서울경제,오늘의 메모[1월 9일]
278280,2026.01.07 17:34,이데일리,"천보, 43억원 규모 전환청구권 행사"
278280,2026.01.04 09:42,이데일리,배터리 울상에 이차전지주도 비상…주가 반등 여력 있나
456160,2026.08.31 05:00,데일리안,"""검증된 성분으로"" 국산 비만약, '제형'으로 승부수[진격의 K-비만약..."
456160,2026.08.27 16:23,서울경제,기업 공시 [8월 27일]
456160,2026.08.27 16:22,이데일리,"지투지바이오, 장기지속형 치매 치료제 임상1상 결과 초안 수령"
456160,2026.08.27 10:16,서울경제,"지투지바이오, 월 1회 치매 주사제 임상 1상서 안전성 확인"
456160,2026.08.27 10:16,서울경제,"지투지바이오, 월 1회 치매 주사제 임상 1상서 안전성 확인"
456160,2026.08.27 09:08,뉴시스,"지투지바이오 ""치매약 1상서 안전성·내약성 확인"""
456160,2026.08.27 08:33,머니투데이,"지투지바이오 ""주 1회 치매치료제 임상 1상서 다회 투여 안전성 확인..."
456160,2026.08.27 08:27,아시아경제,"지투지바이오, '월 1회 주사형 치매 치료제' 임상 1상서 안전성 확..."
456160,2026.08.25 10:01,서울경제,덕수궁 지키는 AI 순찰로봇…3m 밖 화재도 5초 만에 감지
456160,2026.08.24 18:05,서울경제,근육은 지키고 지방만 빠져…135조 비만시장 ‘게임 체인저’로
456160,2026.08.20 07:00,뉴시스,"이제는 지수 말고 '종목'의 시간…순환매, 어디로 갈까"
456160,2026.08.19 10:12,아시아경제,"K-바이오, 'R&D 전쟁' 실탄 상반기에만 1조3000억 장전"
456160,2026.08.18 17:59,한국경제TV,주 1회 맞는 인슐린 등장…74조 '신 주사제' 시장 온다 [바이탈]
456160,2026.08.18 06:00,뉴스1,'전세계 1위' 코스닥이지만…액티브 ETF 수익률은 천차만별 [ETF ...
456160,2026.08.13 16:27,디지털타임스,“매년 1개 이상 임상진입” 김경아 삼성바이오에피스 사장의 약속은...
060250,2026.08.24 09:31,데일리안,스테이블코인 입법 기대감…헥토파이낸셜·NHN KCP↑[특징주]
060250,2026.08.20 09:46,조선비즈,[특징주] 트럼프 ‘클래리티법’ 촉구에 스테이블코인주 급등…헥토파...
060250,2026.08.19 08:11,아시아경제,"역대급 실적에 국민연금도 담더니…""이미 목표 주가도 뛰어넘었다"" 주....."
060250,2026.08.12 09:38,조선비즈,"[특징주] NHN, 이틀째 급등…역대급 실적에 12% 강세"
060250,2026.08.12 09:24,데일리안,"NHN, 12%대↑…‘역대 최대 실적’에 이틀째 강세[특징주]"
060250,2026.08.12 09:24,데일리안,"NHN, 12%대↑…‘역대 최대 실적’에 이틀째 강세[특징주]"
060250,2026.08.11 16:25,SBS Biz,"NHN KCP, 2분기 영업이익 154억원…전년비 24.8% 증가"
060250,2026.08.11 14:32,디지털데일리,"NHN KCP, 2분기 매출 3834억원…역대 최대 실적"
060250,2026.08.11 14:32,디지털데일리,"NHN KCP, 2분기 매출 3834억원…역대 최대 실적"
060250,2026.08.11 10:56,전자신문,"NHN KCP, 2분기 매출 3834억원 '역대 최대'…영업익 25%..."
060250,2026.08.11 09:33,이데일리,"NHN KCP, 2분기 매출 3834억…거래액 17조 ‘역대 최대’"
060250,2026.08.11 09:13,뉴시스,"NHN KCP, 2분기 역대 최대 매출 달성"
060250,2026.08.11 10:35,연합뉴스,"NHN, 결제·AI 클라우드 성장에 2분기 역대 최대 실적(종합2보)"
060250,2026.08.11 09:41,SBS Biz,NHN 2분기 영업익 164%↑…페이코·KCP 등 호조
060250,2026.08.11 09:41,SBS Biz,NHN 2분기 영업익 164%↑…페이코·KCP 등 호조
060250,2026.08.11 09:29,아이뉴스24,"[특징주] '어닝 서프라이즈' NHN, 장 초반 13%↑"
060250,2026.08.11 08:54,연합뉴스,"NHN, 매출 호조에 2분기 영업익 전년 대비 164%↑(종합)"
060250,2026.08.11 10:22,한국경제,"엔비디아 덕에 '최대 실적'…NHN, AI로 '잭팟' 터뜨렸다"
060250,2026.08.11 08:40,뉴스1,"NHN, 역대 분기 최대 실적…AI GPU 사업 성장세 본격화"
060250,2026.08.11 08:34,데일리안,"AI GPU 날개 단 NHN, 2분기 매출·영업익 역대 최대"
060250,2026.08.11 08:27,헤럴드경제,"NHN KCP, 2분기 영업익 154억…전년비 24.8% ↑"
009420,2026.08.31 09:38,서울신문,[서울데이터랩]코스피 6562.88로 급락 출발…외국인·기관 매도에 시...
009420,2026.08.27 15:17,노컷뉴스,"대웅제약, '역노화' 핵심기술 美 특허등록 결정…신약 개발 가속"
009420,2026.08.27 13:40,머니투데이,"대웅제약, 'mRNA 핵심' 이온화지질 美 특허 등록 결정…14조 역..."
009420,2026.08.27 13:40,머니투데이,"대웅제약, 'mRNA 핵심' 이온화지질 美 특허 등록 결정…14조 역..."
009420,2026.08.27 12:19,더팩트,"대웅제약, mRNA 핵심 '이온화지질' 美 특허 등록…14조 역노화 ..."
009420,2026.08.27 11:16,뉴시스,"대웅제약 ""mRNA 핵심 '이온화지질' 美특허등록"""
009420,2026.08.27 10:59,아이뉴스24,"대웅제약, 'mRNA 핵심' 이온화지질 기술 美 특허 등록 결정"
009420,2026.08.27 10:50,조선비즈,"대웅제약, 턴바이오 인수 후 첫 美 특허…“mRNA 전달기술”"
009420,2026.08.27 10:00,전자신문,"대웅제약, mRNA 전달 핵심 '이온화지질' 美 특허 등록…역노화 시..."
009420,2026.08.27 10:42,파이낸셜뉴스,"대웅제약, 이온화지질 美 특허 등록 결정..역노화 사업 속도"
009420,2026.08.26 09:40,SBS Biz,[이 시각 시황] 코스피 상승세 지속…광통신·건설기계·원전주 강세
009420,2026.08.26 07:02,서울경제,[단독] 카이진 1000억 조달 추진…5년來 최대 규모
009420,2026.08.24 16:28,헤럴드경제,삼성전자 주주환원 실망에 코스피 6700선 하회…코스닥은 810선 회복...
009420,2026.08.23 17:40,머니투데이,"""일회성에 그치지 않을 것"" SK하닉 자사주 매입, 40조원에서 더?"
009420,2026.08.22 09:39,매일경제,“모더나의 ‘mRNA 암 백신’은 역사적 사건”…국내 증시 진짜 수혜....
009420,2026.08.20 17:33,이데일리,적응증 변경이 전화위복?…에이프릴바이오 'APB-A1' 기사회생하려면
009420,2026.08.20 15:53,한국경제,"코스피, 삼전닉스 업고 5%대 급등…외인 2.2조 '사자'"
161890,2026.08.31 08:25,연합뉴스,"식약처, 내달 화장품의 날 행사…""K뷰티 성과 알린다"""
161890,2026.08.31 07:20,비즈워치,"라인 다 깔았는데…한국콜마, 미국 주문량 감소에 골머리"
161890,2026.08.29 14:01,서울경제,PDRN 매출 32배 뛴 한국콜마…‘더마 소재’ 선점 나선다
161890,2026.08.28 16:02,아이뉴스24,외국인 1.7조 '팔자' 코스피 6800 붕괴…'삼전닉스' 급락
161890,2026.08.28 15:30,SBS Biz,[오후장 체크포인트] 엔비디아 역대급 호실적 '어닝 서프' 징크스 깼다
161890,2026.08.28 14:50,서울경제,화장품株 실적 기대감 속 불기둥…“밸류에이션 매력적” [이런국장 ...
161890,2026.08.28 10:38,뉴스1,"화장품주, 실적 개선 기대감 강세…한국콜마 5%↑[핫종목]"
161890,2026.08.28 10:28,헤럴드경제,"잘나가는 K-뷰티, 일자리도 늘렸다…한국콜마·코스맥스 4년새 1000명..."
161890,2026.08.28 09:33,문화일보,"“AI시대 반도체 대격변… 韓, 현대판 거북선인 제조업서 답 찾아야”...."
161890,2026.08.28 09:29,문화일보,‘작은 충무공’ 길러낸 이순신학교… 9년간 34기 1000명 수료[M...
161890,2026.08.28 09:29,문화일보,‘작은 충무공’ 길러낸 이순신학교… 9년간 34기 1000명 수료[M...
161890,2026.08.27 21:01,매경이코노미,알짜회사인 줄…지금은 애물단지 [스페셜리포트]
161890,2026.08.27 18:12,파이낸셜뉴스,KT&G·삼양식품 '실적 훈풍'이 주가 밀어올리나
161890,2026.08.27 15:39,파이낸셜뉴스,화장품株 다음은 담배·불닭?…KT&G·삼양식품 최고가 '성큼'
161890,2026.08.27 15:39,파이낸셜뉴스,화장품株 다음은 담배·불닭?…KT&G·삼양식품 최고가 '성큼'
161890,2026.08.27 16:35,블로터,마스크팩 주고 치약 받았다…콜마BNH·한국콜마 사업 스왑 배경은
161890,2026.08.27 15:22,SBS Biz,"[ETF 따라잡기] 반도체와 같이 가는 소부장 ""현재는 전공정, 연말엔..."
161890,2026.08.27 14:56,이데일리,중국서 미국·유럽으로…재편된 K뷰티 수출 지도
161890,2026.08.27 14:55,머니투데이,"제이투케이바이오, 본사 인근 부지 매입…'K뷰티' ODM 증설 랠리 잇..."
161890,2026.08.27 09:30,매일신문,"잘나가는 화장품株, 더 뜨거운 ODM…K뷰티 타고 '질주'"
161890,2026.08.27 08:01,더팩트,[토스증권 주문 논란①] 한 이용자에게 76번 '거부·실패'…토스증권....
161890,2026.08.27 06:16,매일경제,“요즘 불기둥 보면 죄다 K뷰티네요”…ETF 수익률도 승승장구
161890,2026.08.27 06:00,연합뉴스,[유행에서 주류로] ② K뷰티 양날의 검 '속도와 가성비'…'브랜드' ...
161890,2026.08.26 18:30,파이낸셜뉴스,美생산기반 늘린 韓완성차·K뷰티…'뜻밖의 호재' 터지나 [美-캐나다 ....
161890,2026.08.26 18:10,한국경제TV,K-뷰티가 뉴욕 가는 법…기획·생산·유통 다 따로 [참견하는 기자]
161890,2026.08.26 17:57,매일경제,날아오른 K뷰티 ETF …'1등주 전략' 통했다
161890,2026.08.26 16:24,이데일리,반도체 주춤할 때 잘나가는 화장품株…3분기 실적 전망도 '쑥'
161890,2026.08.26 15:40,조선비즈,"반복되는 투자자 보호 논란에…금감원, 토스증권 찾아 ‘엄중 경고’"
161890,2026.08.26 14:19,더팩트,K-뷰티 대세 된 '히알루론산'…정통·인디·ODM 모두 '속보습' 총력
161890,2026.08.26 14:15,매일신문,"대구창조경제혁신센터, 오픈이노베이션 밋업데이 참가기업 모집"
161890,2026.08.26 11:55,헤럴드경제,“화장품 용기도 규제대상”… EU 새 플라스틱 규제에 K뷰티 ‘골머리....
161890,2026.08.26 10:01,서울경제,오픈AI·앤트로픽 IPO 앞두고…AI 투자도 ‘모델별’로 쪼개진다
161890,2026.08.26 10:01,서울경제,이란 조이고 중국·캐나다 때린다…트럼프발 관세전쟁 확산
161890,2026.08.26 06:01,이코노미스트,에코프로·맥쿼리도 베팅한 K뷰티..제조생태계에 몰리는 자금줄 [K뷰티....
161890,2026.08.26 06:00,뉴스1,"""중국 넘어 美·유럽 홀렸다""…K뷰티株 신고가 '10조 대어'도 온다"
161890,2026.08.25 18:03,서울경제,"수출 날개 단 화장품株, 새 성장주로 뜬다"
161890,2026.08.25 17:19,연합뉴스TV,[퇴근길머니] '카카오 승부수' 시험대에…질주하는 K-뷰티
161890,2026.08.25 16:12,조선비즈,[마켓뷰] 외국인 매도에도… 삼전닉스 자사주 매입이 지수 방어
161890,2026.08.25 09:01,아시아경제,"K-뷰티 고용도 '세대교체'…양대산맥 인력 줄이고, 신흥강자 두자릿수...."
161890,2026.08.25 06:31,한국경제,반도체株 쏠렸던 돈 어디 갔나 봤더니…한 달 새 68% 폭등 [종목+]
161890,2026.08.24 19:31,헤럴드경제,‘K뷰티’ 성장판이 중기로 옮겨왔다…‘전통강자’ 콜마·코스맥스부...
161890,2026.08.24 18:00,한국경제,B2C 마케팅 힘주는 뷰티 ODM사
161890,2026.08.24 17:14,동아일보,한국콜마 “K-뷰티 경쟁력 세계에 선보일 것”…서울뷰티위크 공식 파.....
161890,2026.08.24 16:06,스포츠서울,"5년 연속 K뷰티 트렌드 선보인다…한국콜마, ‘2026 서울뷰티위크’..."
161890,2026.08.24 16:06,스포츠서울,"5년 연속 K뷰티 트렌드 선보인다…한국콜마, ‘2026 서울뷰티위크’..."
161890,2026.08.24 15:32,SBS Biz,한국콜마 'K뷰티' 루틴 소개…서울뷰티위크 5년 연속 참가
161890,2026.08.24 15:06,스포츠조선,"'2026 서울뷰티위크' 25일까지 DDP서 열려…한국콜마, 5년 연..."
161890,2026.08.24 10:25,서울경제,"“스킨케어부터 클렌징까지”…한국콜마, ‘서울뷰티위크’서 K뷰티 ..."
161890,2026.08.24 09:51,연합뉴스,"한국콜마, 서울뷰티위크서 '24시간 뷰티 루틴' 선보여"
161890,2026.08.24 09:46,비즈워치,"K뷰티의 24시간을 담았다…한국콜마, 서울뷰티위크 출격"
161890,2026.08.24 09:31,아시아경제,"한국콜마, 서울뷰티위크 5년 연속 공식 파트너 참가"
161890,2026.08.24 09:13,뉴시스,"""24시간 함께하는 K뷰티 기술 한눈에""…한국콜마, 서울뷰티위크 참가"
161890,2026.08.24 09:09,더팩트,"한국콜마, 서울뷰티위크 5년 연속 참가…K뷰티 혁신 기술 선봬"
161890,2026.08.24 16:21,조세일보,폭염 속 존재감 커진 쿨링 뷰티…화장대·세면대 곳곳 영역 확장
487240,2026.08.13 08:26,한국경제,"'고점' 찍고 추락하더니…""일감 쏟아진다"" 반등 시작한 회사 [종목+]"
487240,2026.08.07 13:26,조세일보,"iM증권, ETF 고객 잡기 나섰다... 절세계좌·퇴직연금 이벤트 진행"
487240,2026.08.02 18:22,파이낸셜뉴스,휴머노이드·AI SW 반등… 태양광·신재생에너지 10%대 하락 [ETF...
487240,2026.08.02 12:55,파이낸셜뉴스,휴머노이드 ETF 4% 오를 때 태양광 19% 급락…테마 순환매 [E...
487240,2026.08.02 12:55,파이낸셜뉴스,휴머노이드 ETF 4% 오를 때 태양광 19% 급락…테마 순환매 [E...
487240,2026.07.05 17:14,매일경제,美 휩쓰는 'K전력 삼총사' ETF로 담아볼까
487240,2026.07.02 11:21,뉴시스,"iM증권, 절세계좌·퇴직연금 ETF 거래 이벤트"
487240,2026.07.02 10:48,매일경제,"iM증권, 절세계좌·퇴직연금 ETF 거래 이벤트"
487240,2026.07.02 10:48,매일경제,"iM증권, 절세계좌·퇴직연금 ETF 거래 이벤트"
487240,2026.06.29 14:27,뉴시스,"삼성운용, 하반기 투자 키워드로 'AI 병목' 제시"
487240,2026.06.29 10:49,매일경제,"삼성운용, 하반기 투자 키워드 ‘AI 병목’ 제시…“반도체·전력·네...."
487240,2026.06.29 10:49,매일경제,"삼성운용, 하반기 투자 키워드 ‘AI 병목’ 제시…“반도체·전력·네...."
487240,2026.06.29 10:16,한국경제,삼성운용이 찍은 하반기 AI 투자처…반도체 다음은 여기
487240,2026.06.29 09:13,이데일리,"“AI 성장의 다음 투자처는 병목 해소”…삼성운용, 하반기 ETF 키..."
487240,2026.06.28 18:36,파이낸셜뉴스,中반도체 치고 오르는 사이… 우주항공·방산·로봇 ‘우수수’[ETF 스....
487240,2026.06.28 12:36,파이낸셜뉴스,中 반도체 ETF만 버텼다…우주항공·방산·로봇 ETF 20% 안팎 급...
487240,2026.06.28 12:36,파이낸셜뉴스,中 반도체 ETF만 버텼다…우주항공·방산·로봇 ETF 20% 안팎 급...
487240,2026.06.23 17:42,머니투데이,"같은 AI전력 ETF…미국 12%↑, 한국 24%↓ '엇갈린 성적표'"
487240,2026.06.16 06:03,세계일보,20년 넘게 1위 지존… ‘AI 병목’ 전력·네트워크 정조준
487240,2026.06.08 15:59,한국경제,코스피 급락에 승승장구 하던 ETF 시총도 다시 500조원 밑으로
450080,2026.08.28 17:43,연합뉴스,[포항소식] 직업계고 취업박람회…포스코 등 16개사 참여
450080,2026.08.24 15:11,뉴스1,삼전 9% 하락에 코스피 6600선 밀려…하닉 2.5% 낙폭 확대[장중...
450080,2026.08.24 10:53,파이낸셜뉴스,"삼성SDI, 투자재원 확보에 8%대 급등…이차전지주 동반 강세[특징주]"
450080,2026.08.24 10:16,뉴스1,삼성SDI 장 초반 8% 급등…이차전지주 동반 강세[핫종목]
450080,2026.08.24 10:16,뉴스1,삼성SDI 장 초반 8% 급등…이차전지주 동반 강세[핫종목]
450080,2026.08.19 16:37,연합뉴스,포항서 28일 첫 직업계고 취업박람회…16개 기업 참여
450080,2026.08.13 05:20,머니투데이,중저가부터 하이엔드까지…차세대 배터리 소재 보폭 넓히는 에코프로
450080,2026.08.11 22:14,세계일보,"에코프로, 인도네시아 니켈 제련소 설명회 개최"
450080,2026.08.11 17:58,지디넷코리아,"이동채 에코프로 창업주, 인니 투자 중요성 직접 설명 나서"
450080,2026.08.11 17:58,지디넷코리아,"이동채 에코프로 창업주, 인니 투자 중요성 직접 설명 나서"
450080,2026.08.11 17:12,블로터,"에코프로, 인니 니켈 수급권 6.5만톤으로 확대…BNSI 투자 본격화"
450080,2026.08.11 16:15,뉴시스,"이동채 에코프로 창업주 ""인니 니켈 제련소, 전기차 밸류체인 핵심 역..."
450080,2026.08.11 16:08,이데일리,"에코프로, 印尼 니켈 공급망 확대…BNSI서 6만5000톤 수급권 확..."
450080,2026.08.11 15:53,아시아경제,"에코프로 ""BNSI 대주주 참여로 니켈 공급망 구축·원가 경쟁력 강화..."
450080,2026.08.11 15:22,파이낸셜뉴스,"이동채 에코프로 창업주 ""인니 니켈 제련소 투자, 韓 전기차에 중요 ..."
450080,2026.08.11 14:53,데일리안,"에코프로, BNSI 투자 세미나…""전기차 밸류체인 핵심 역할"""
450080,2026.08.06 18:04,서울경제,SK바사·에코프로머티…조정장에 역대 최저가 종목 속출
450080,2026.08.05 07:01,조세일보,"에코프로, 매출 줄고 이익 늘었다…2분기 영업익 103% 증가"
450080,2026.08.04 19:13,디지털타임스,"에코프로, 2분기 영업익 329억원…전년比 102.7%↑"
450080,2026.08.04 16:55,매일신문,"에코프로, 2분기 영업이익 329억원…전년 동기 대비 102.7%↑"
450080,2026.08.04 16:55,매일신문,"에코프로, 2분기 영업이익 329억원…전년 동기 대비 102.7%↑"
450080,2026.08.04 16:43,머니투데이,"에코프로, 2Q 영업익 329억…인니 제련소 앞세워 하반기 반등"
450080,2026.08.04 16:32,부산일보,"에코프로, 2분기 영업익 41% 감소…”니켈 제련소 가동률 하락”"
450080,2026.08.04 15:59,블로터,"'영업익 103% 점프' 에코프로, 유상증자·제련소 투자 부담 진화나..."
450080,2026.08.04 15:31,연합뉴스,"에코프로, 2분기 영업익 329억원…전년대비 102.7%↑(종합2보)"
450080,2026.08.04 15:30,문화일보,"에코프로, 올해 2분기 영업이익 329억 원…전년比 102.7%↑"
450080,2026.08.04 14:57,동행미디어 시대,"에코프로, 2분기 영업익 329억원…전년 대비 102.7%↑"
450080,2026.08.04 14:56,조선비즈,"에코프로, 2분기 영업이익 329억원…전년比 103%↑"
450080,2026.08.04 14:44,아이뉴스24,"리튬 사업 호조에 에코프로, 2Q 영업익 전년 比 103% ↑"
450080,2026.08.04 14:43,연합뉴스,"에코프로, 2분기 영업익 329억원…작년대비 102.7%↑(종합)"
450080,2026.08.04 14:42,한국경제TV,"에코프로, 2분기 영업익 329억…""리튬 사업 수익성 개선"""
450080,2026.08.04 14:35,한경비즈니스,"에코프로, 2분기 영업익 329억…전년 대비 102.7% 증가"
450080,2026.08.04 14:27,더팩트,"에코프로, 2Q 영업익 329억…전년비 102.7%↑"
450080,2026.08.04 14:25,전자신문,"에코프로, 2분기 매출 8208억, 영업이익 329억 기록"
450080,2026.08.04 14:23,뉴스1,"에코프로 2Q 영업익, 329억원, 전년비 102.7%↑…매출 820..."
450080,2026.08.04 14:19,머니투데이,"에코프로, 2분기 영업이익 329억원…전년 比 102.7%↑"
450080,2026.08.04 14:19,헤럴드경제,"에코프로, 2분기 영업익 329억원…전년比 102.7%↑"
450080,2026.08.04 14:18,데일리안,"에코프로, 2분기 영업익 329억…전년비 102.7%↑"
450080,2026.08.04 14:12,아시아경제,"에코프로 2분기 영업이익 329억원, 전분기 대비 41.7%↓"
450080,2026.08.04 17:49,지디넷코리아,"에코프로, '반도체 소재' 순항…전구체 공급 확대 기대"
450080,2026.08.04 17:33,이데일리,흑자 이어간 에코프로…리튬·도시광산·반도체 소재 3축 키운다
450080,2026.08.04 17:33,이데일리,흑자 이어간 에코프로…리튬·도시광산·반도체 소재 3축 키운다
450080,2026.08.04 17:18,데일리안,"리튬으로 흑자 지켰다…에코프로 ""3분기부터 회복 본격화"" (종합)"
450080,2026.08.04 16:22,디지털데일리,"[종합] 에코프로, 3분기 반등 예고…인니 정상화·유럽 공략 본격화"
450080,2026.08.04 16:19,디지털데일리,"에코프로, 2분기 영업익 329억원…흑자 지속"
450080,2026.08.04 15:55,비즈워치,"에코프로, 흑자 이어가며 체질개선…도시광산·반도체 승부수"
450080,2026.08.04 15:24,파이낸셜뉴스,"에코프로, 2분기 영업익 329억원…메탈가 상승 업고 흑자 지속"
450080,2026.08.04 14:17,이데일리,"에코프로, 2분기 매출 8208억원…전년比 12% 감소"
450080,2026.08.04 14:08,뉴시스,"에코프로, 2Q 영업익 329억원 전년比 103%↑…순이익 흑자 전환"
445680,2026.08.27 08:32,이데일리,"김남용 큐리옥스 대표 ""글로벌 기업과 수주 계약, 선입금 계약 또 나올..."
445680,2026.08.24 16:18,서울신문,"[마감시황]코스닥, 1.42% 올라 813.33 마감…2차전지 강세에 ..."
445680,2026.08.24 15:43,서울경제,오늘의 메모[8월 25일]
445680,2026.08.19 08:28,이데일리,"큐리옥스 '멀티유닛' 수주에 上…올릭스, CPS 오버행 부담에 발목[바..."
445680,2026.08.14 15:39,한국경제,"이번주 내내 오른 코스피, '칠천피' 근접 마감…코스닥도 상승"
445680,2026.08.14 11:40,SBS Biz,"코스피, 美 기술주 강세에 장 초반 7000선 회복"
445680,2026.08.14 09:18,한국경제,"큐리옥스바이오, 글로벌 제약사서 5억원대 수주…23% 급등"
445680,2026.08.10 13:24,아이뉴스24,롤링스톤 최대주주 지분 39% 보호예수 해제
445680,2026.08.06 16:11,연합뉴스,큐리옥스바이오시스템즈 2분기 영업손실 45억원…적자 확대
445680,2026.07.06 08:35,이데일리,"큐리옥스, '장비'서 '소프트웨어'로 사업 확대...빅파마 계약이 쏜 ..."
102110,2026.08.29 11:01,한국경제,"예금부터 TDF, 자산배분펀드까지…퇴직연금 상품의 모든 것"
102110,2026.08.20 18:25,파이낸셜뉴스,"""이미 오른 반도체 말고 없나"" ETF자금 지수상품에 '밀물'"
102110,2026.08.14 14:59,매일신문,[여의도단신]NH투자증권·삼성증권·미래에셋자산운용
102110,2026.08.14 11:26,헤럴드경제,"‘TIGER 200 ETF’, 올들어 개인 순매수 1조 돌파"
102110,2026.08.14 09:48,이데일리,"미래에셋 'TIGER 200 ETF', 개인 순매수 1조원 돌파"
102110,2026.08.14 09:48,이데일리,"미래에셋 'TIGER 200 ETF', 개인 순매수 1조원 돌파"
102110,2026.08.14 09:47,아시아경제,"미래에셋운용, 'TIGER 200 ETF' 개인 순매수 1조원 돌파"
102110,2026.08.14 09:33,헤럴드경제,변동성 커지자 개별 종목 대신 ‘코스피200’…미래에셋자산운용 ‘T....
102110,2026.07.29 18:02,서울경제,"500조 웃돌았던 ETF 시장, 400조도 위태…한 달 새 100조 넘..."
102110,2026.07.07 08:11,파이낸셜뉴스,"""하반기 변동성 더 커진다…가만히 있는 것도 방법"" 전문가의 투자 조...."
102110,2026.07.07 01:30,뉴시스,"""증시 흔들릴수록 '가만히'""…전문가가 꼽은 하반기 투자 전략"
102110,2026.07.07 01:30,뉴시스,"""증시 흔들릴수록 '가만히'""…전문가가 꼽은 하반기 투자 전략"
102110,2026.06.23 13:49,파이낸셜뉴스,"""코스피 질주에 자금 몰렸다""…TIGER 200 ETF, 대표지수 수익..."
102110,2026.06.23 13:07,이데일리,"TIGER 200 ETF, 연초 이후 수익률 145.5%…동종 상품 ..."
102110,2026.06.23 13:07,이데일리,"TIGER 200 ETF, 연초 이후 수익률 145.5%…동종 상품 ..."
102110,2026.06.23 09:51,디지털타임스,"TIGER 200 ETF, 연초 이후 수익률 145%…코스피200 E..."
102110,2026.06.23 09:50,연합뉴스TV,"'TIGER 200 ETF', 코스피200 지수 추종 ETF 중 수익..."
102110,2026.06.23 09:38,연합뉴스,"'TIGER 200 ETF' 수익률, 코스피200 지수 추종 ETF ..."
102110,2026.06.23 09:14,서울경제,"미래에셋 ‘TIGER 200 ETF’, 코스피200 지수 추종 ETF..."
102110,2026.06.23 10:59,매일신문,[여의도단신]삼성자산운용·미래에셋자산운용·한국투자신탁운용
102110,2026.06.19 06:34,서울경제,9000피 축포 속 지수 인덱스가 -3.7%? ‘동일가중 ETF’의 눈...
102110,2026.06.10 20:00,한국경제TV,"""이래서 빠졌네""…ETF 리밸런싱 '풍전등화' [B급기자의 B급리포트]"
052690,2026.08.30 11:00,뉴시스,한미 원전업계 70명 美 댈러스 집결…공급망 협력 확대
052690,2026.08.29 09:00,머니투데이,종목 장세 시작되나?…삼성·현대·SK 그룹주 모두 '미끌'[김근희의 증...
052690,2026.08.26 16:56,뉴스1,"원전·건설주, 수주 기대감 연이틀 강세…한전기술 13% 급등[핫종목]"
052690,2026.08.26 15:58,조선비즈,"[마켓뷰] ‘삼전닉스’ 자사주 매입 효과…코스피, 6800선 회복"
052690,2026.08.26 15:37,연합뉴스,"[특징주] 한전, 웨스팅하우스 지분투자설에 6%대 급등 마감(종합)"
052690,2026.08.26 09:43,한국경제,美 웨스팅하우스 지분 인수 제안설에…한전 이틀째 '급등'
052690,2026.08.26 09:43,한국경제,美 웨스팅하우스 지분 인수 제안설에…한전 이틀째 '급등'
052690,2026.08.26 15:34,이데일리,코스피 6800선 탈환했지만…엔비디아 실적 앞두고 뒷심 부족
052690,2026.08.26 11:44,뉴스1,외국인 순매도 축소… 코스피 1% 상승 6800선 회복[장중시황]
052690,2026.08.26 10:05,뉴스1,수주 확대 기대감에 건설·원전주 연이틀 강세[핫종목]
052690,2026.08.26 09:29,이데일리,국내 원전주...美 신규 원전 기대감에 이틀째 강세[특징주]
052690,2026.08.26 07:52,SBS Biz,[애프터마켓 리뷰] AI 전력수요에 원전주 '활활'…한전기술 급등
052690,2026.08.26 07:01,서울경제,美원전 특수 기대감에…반토막 났던 원전株 들썩
052690,2026.08.26 00:00,한국경제TV,"""드디어 바닥 찍었나"" 8만원대 복귀…'두에빌' 개미 환희의 눈물"
052690,2026.08.25 17:49,매일경제,미국發 원전 건설 수혜 기대…한전기술 20%·현건 15% 쑥
052690,2026.08.25 17:47,한국경제,"원전주 일제히 강세…""지금이 매수 타이밍"""
052690,2026.08.25 17:01,뉴스1,"수주 확대 기대감, 원전주 강세…현대건설 14% 급등[핫종목](종합)"
052690,2026.08.25 10:35,매일신문,원전株 동반 강세…한전기술 10%·현대건설 9%↑
052690,2026.08.25 09:10,파이낸셜뉴스,2040년 최대전력 전망 상향…원전 수주 모멘텀 유효-한투증권
052690,2026.08.25 09:10,파이낸셜뉴스,2040년 최대전력 전망 상향…원전 수주 모멘텀 유효-한투증권
052690,2026.08.25 09:51,뉴스1,"두산에너빌리티, 5거래일 조정 후 반등…6% 상승[핫종목]"
052690,2026.08.25 09:40,SBS Biz,[이 시각 시황] 코스피·코스닥 3%대 급락…투심 급랭
052690,2026.08.25 09:14,서울신문,[서울데이터랩]개장 직후 인기 검색 종목 20選
052690,2026.08.20 17:05,서울경제,기업 공시 [8월 20일]
