ts_kst,breadth,momentum,trend,sample,source,breadth_cap,p10,p25,p75,p90,up,down,turnover,regime,bull_score
2026-09-01 09:10,39.0,-0.37,20.9,100,top100_live,15.0,-2.19,-1.23,0.48,1.58,39,56,14726,SIDEWAYS,37.7
2026-09-01 09:20,39.0,-0.27,20.9,100,top100_live,17.3,-2.82,-1.44,0.59,1.84,39,58,24323,SIDEWAYS,37.9
2026-09-01 09:30,38.0,-0.26,20.9,100,top100_live,17.6,-2.94,-1.61,0.47,1.69,38,57,32695,SIDEWAYS,37.5
2026-09-01 09:41,36.0,-0.45,20.9,100,top100_live,42.3,-3.14,-1.73,0.47,1.63,36,63,41888,SIDEWAYS,36.3
2026-09-01 09:50,38.0,-0.47,20.9,100,top100_live,45.1,-3.53,-1.74,0.52,1.45,38,59,51136,SIDEWAYS,37.1
2026-09-01 10:00,32.0,-0.64,20.9,100,top100_live,70.8,-3.71,-2.18,0.24,1.03,32,66,60096,SIDEWAYS,34.4
2026-09-01 10:10,37.0,-0.48,20.9,100,top100_live,73.9,-3.08,-1.69,0.37,1.69,37,58,70406,SIDEWAYS,36.7
2026-09-01 10:20,40.0,-0.46,20.9,100,top100_live,73.6,-3.20,-1.93,0.58,1.69,40,60,77621,SIDEWAYS,37.9
2026-09-01 10:31,32.0,-1.13,20.9,100,top100_live,40.6,-3.54,-2.49,0.13,1.24,32,67,83557,SIDEWAYS,33.5
2026-09-01 10:40,33.0,-0.93,20.9,100,top100_live,43.2,-3.69,-2.30,0.19,1.62,33,66,88723,SIDEWAYS,34.3
2026-09-01 10:50,37.0,-0.72,20.9,100,top100_live,43.9,-3.65,-2.18,0.37,1.65,37,60,93581,SIDEWAYS,36.3
2026-09-01 11:00,32.0,-1.00,20.9,100,top100_live,40.2,-3.74,-2.63,0.19,1.56,32,66,98504,SIDEWAYS,33.8
2026-09-01 11:10,32.0,-0.97,20.9,100,top100_live,42.7,-4.06,-2.58,0.19,1.47,32,65,102662,SIDEWAYS,33.8
2026-09-01 11:20,29.0,-0.82,20.9,100,top100_live,41.2,-3.80,-2.38,0.19,1.60,29,68,106268,SIDEWAYS,32.9
2026-09-01 11:31,25.0,-1.06,20.9,100,top100_live,35.6,-4.41,-2.68,0.00,1.40,25,73,110678,SIDEWAYS,30.9
2026-09-01 11:41,22.0,-1.17,20.9,100,top100_live,10.4,-4.63,-2.87,0.00,1.47,22,74,114455,SIDEWAYS,29.5
2026-09-01 11:51,26.0,-1.05,20.9,100,top100_live,37.1,-4.27,-2.65,0.01,1.56,26,72,118122,SIDEWAYS,31.3
2026-09-01 12:00,27.0,-0.72,20.9,100,top100_live,36.6,-4.31,-2.29,0.01,1.65,27,71,121231,SIDEWAYS,32.3
2026-09-01 12:11,29.0,-0.57,20.9,100,top100_live,39.5,-4.63,-2.41,0.21,1.72,29,69,124211,SIDEWAYS,33.3
2026-09-01 12:20,29.0,-0.66,20.9,100,top100_live,40.0,-4.78,-2.41,0.07,1.69,29,68,126369,SIDEWAYS,33.2
2026-09-01 12:30,30.0,-0.78,20.9,100,top100_live,40.9,-5.05,-2.46,0.19,1.72,30,70,129102,SIDEWAYS,33.4
2026-09-01 12:40,32.0,-0.61,20.9,100,top100_live,42.2,-3.91,-2.16,0.21,1.75,32,62,132205,SIDEWAYS,34.5
2026-09-01 12:51,39.0,-0.39,20.9,100,top100_live,44.1,-3.57,-2.05,0.48,1.76,39,57,136042,SIDEWAYS,37.6
2026-09-01 13:00,40.0,-0.39,20.9,100,top100_live,45.0,-3.84,-2.06,0.51,1.95,40,55,138658,SIDEWAYS,38.0
2026-09-01 13:10,40.0,-0.48,20.9,100,top100_live,73.5,-3.81,-2.16,0.48,1.77,40,56,142905,SIDEWAYS,37.9
2026-09-01 13:20,40.0,-0.39,20.9,100,top100_live,72.6,-4.14,-2.28,0.66,1.76,40,56,146082,SIDEWAYS,38.0
2026-09-01 13:31,43.0,-0.42,20.9,100,top100_live,74.3,-4.27,-2.19,0.51,1.67,43,56,149495,SIDEWAYS,39.2
2026-09-01 13:41,42.0,-0.42,20.9,100,top100_live,73.1,-4.14,-2.06,0.60,1.76,42,56,152540,SIDEWAYS,38.8
2026-09-01 13:50,41.0,-0.38,20.9,100,top100_live,72.8,-4.24,-1.93,0.72,1.95,41,56,158281,SIDEWAYS,38.5
2026-09-01 14:00,36.0,-0.58,20.9,100,top100_live,42.8,-4.51,-2.06,0.45,1.78,36,61,162625,SIDEWAYS,36.1
2026-09-01 14:10,33.0,-0.56,20.9,100,top100_live,41.3,-4.85,-2.06,0.48,1.66,33,64,166910,SIDEWAYS,34.9
2026-09-01 14:20,30.0,-0.68,20.9,100,top100_live,40.7,-4.78,-2.50,0.37,1.50,30,69,170863,SIDEWAYS,33.5
2026-09-01 14:30,35.0,-0.44,20.9,100,top100_live,42.2,-4.51,-2.17,0.72,1.63,35,63,176107,SIDEWAYS,36.0
2026-09-01 14:40,43.0,-0.17,20.9,100,top100_live,75.1,-3.97,-1.91,0.89,1.96,43,55,182238,SIDEWAYS,39.6
2026-09-01 14:51,49.0,-0.08,20.9,100,top100_live,75.8,-3.91,-1.89,1.15,2.14,49,51,188933,SIDEWAYS,42.2
2026-09-01 15:00,52.0,0.03,20.9,100,top100_live,76.7,-3.69,-1.80,1.25,2.07,52,48,193634,SIDEWAYS,43.6
2026-09-01 15:10,49.0,0.00,20.9,100,top100_live,76.1,-3.72,-1.78,1.18,2.16,49,47,197417,SIDEWAYS,42.3
2026-09-01 15:20,48.0,0.00,20.9,100,top100_live,75.7,-3.80,-1.94,0.98,1.98,48,49,202091,SIDEWAYS,41.9
2026-09-01 15:30,48.0,0.00,20.9,100,top100_live,75.7,-3.80,-1.94,0.98,1.98,48,49,202218,SIDEWAYS,41.9
2026-09-01 15:40,49.0,-0.02,20.9,100,top100_live,77.1,-3.68,-1.92,0.96,2.04,49,50,210624,SIDEWAYS,42.3
2026-09-02 09:10,9.0,-2.53,20.9,100,top100_live,4.5,-4.73,-3.75,-1.14,0.00,9,88,15075,SIDEWAYS,21.9
2026-09-02 09:20,11.0,-2.02,20.9,100,top100_live,3.8,-4.06,-2.95,-0.89,0.01,11,88,24205,SIDEWAYS,23.6
2026-09-02 09:30,11.0,-1.85,20.9,100,top100_live,6.9,-4.10,-2.95,-0.82,0.01,11,87,31909,SIDEWAYS,23.9
2026-09-02 09:40,16.0,-1.46,20.9,100,top100_live,6.8,-3.95,-2.59,-0.67,0.51,16,80,38775,SIDEWAYS,26.6
2026-09-02 09:50,16.0,-1.81,20.9,100,top100_live,6.7,-4.29,-3.01,-0.69,0.69,16,82,45286,SIDEWAYS,26.0
2026-09-02 10:00,13.0,-2.06,20.9,100,top100_live,5.5,-4.64,-3.27,-0.92,0.60,13,84,51457,SIDEWAYS,24.3
2026-09-02 10:11,18.0,-2.06,20.9,100,top100_live,7.2,-4.56,-3.22,-0.61,0.57,18,81,58081,SIDEWAYS,26.3
2026-09-02 10:20,16.0,-2.21,20.9,100,top100_live,6.7,-4.69,-3.40,-0.71,0.28,16,81,63628,BEAR,25.3
2026-09-02 10:30,17.0,-2.30,20.9,100,top100_live,7.1,-4.49,-3.41,-0.66,0.48,17,81,68948,BEAR,25.5
2026-09-02 10:40,14.0,-2.87,20.9,100,top100_live,5.9,-5.20,-4.01,-1.03,0.66,14,84,76280,BEAR,23.3
2026-09-02 10:50,16.0,-2.83,20.9,100,top100_live,6.4,-5.12,-3.83,-0.84,0.26,16,83,81879,BEAR,24.2
2026-09-02 11:00,14.0,-2.83,20.9,100,top100_live,5.9,-5.35,-3.86,-0.86,0.42,14,85,87339,BEAR,23.4
2026-09-02 11:10,14.0,-2.99,20.9,100,top100_live,5.9,-5.46,-4.15,-0.86,0.31,14,83,91461,BEAR,23.1
2026-09-02 11:20,15.0,-2.80,20.9,100,top100_live,6.2,-5.37,-3.81,-0.55,0.48,15,82,95796,BEAR,23.8
2026-09-02 11:30,15.0,-2.96,20.9,100,top100_live,5.9,-5.49,-4.15,-0.69,0.51,15,83,99384,BEAR,23.5
2026-09-02 11:41,16.0,-3.09,20.9,100,top100_live,6.2,-5.54,-4.29,-0.74,0.71,16,84,103415,BEAR,23.7
2026-09-02 11:50,16.0,-2.86,20.9,100,top100_live,6.2,-5.54,-4.05,-0.74,0.48,16,84,106280,BEAR,24.1
2026-09-02 12:00,15.0,-3.11,20.9,100,top100_live,5.9,-5.66,-4.39,-0.78,0.29,15,84,110204,BEAR,23.3
2026-09-02 12:11,15.0,-2.96,20.9,100,top100_live,5.6,-5.68,-4.26,-0.68,0.30,15,83,113847,BEAR,23.5
2026-09-02 12:20,16.0,-3.08,20.9,100,top100_live,5.9,-5.72,-4.38,-0.74,0.24,16,84,116154,BEAR,23.7
2026-09-02 12:30,16.0,-3.00,20.9,100,top100_live,6.0,-5.68,-4.38,-0.75,0.34,16,83,118619,BEAR,23.9
2026-09-02 12:40,15.0,-3.15,20.9,100,top100_live,5.5,-5.80,-4.53,-0.78,0.17,15,85,122505,BEAR,23.2
2026-09-02 12:50,12.0,-3.34,20.9,100,top100_live,3.8,-6.11,-4.53,-0.82,0.10,12,85,125249,BEAR,21.7
2026-09-02 13:00,13.0,-3.34,20.9,100,top100_live,4.1,-6.21,-4.67,-0.96,0.05,13,87,128674,BEAR,22.1
2026-09-02 13:10,10.0,-3.55,20.9,100,top100_live,2.5,-6.40,-4.69,-0.95,0.00,10,87,133557,BEAR,20.5
2026-09-02 13:20,12.0,-3.43,20.9,100,top100_live,4.0,-6.35,-4.70,-0.91,0.12,12,86,138430,BEAR,21.5
2026-09-02 13:30,12.0,-3.38,20.9,100,top100_live,3.6,-6.30,-4.67,-0.78,0.05,12,87,142406,BEAR,21.6
2026-09-02 13:40,10.0,-3.35,20.9,100,top100_live,3.1,-6.43,-4.69,-0.88,0.00,10,87,146870,BEAR,20.9
2026-09-02 13:50,12.0,-3.27,20.9,100,top100_live,3.7,-6.21,-4.77,-1.04,0.01,12,87,151779,BEAR,21.8
2026-09-02 14:01,11.0,-3.33,20.9,100,top100_live,3.5,-6.25,-4.82,-1.02,0.01,11,87,156125,BEAR,21.3
2026-09-02 14:11,10.0,-3.26,20.9,100,top100_live,3.1,-6.31,-4.96,-1.29,-0.23,10,90,161322,BEAR,21.0
2026-09-02 14:20,10.0,-3.04,20.9,100,top100_live,3.1,-6.20,-4.48,-0.94,0.00,10,89,167135,BEAR,21.4
2026-09-02 14:30,10.0,-2.92,20.9,100,top100_live,2.2,-5.98,-4.23,-0.96,0.00,10,88,172554,BEAR,21.6
2026-09-02 14:40,9.0,-3.16,20.9,100,top100_live,2.0,-6.43,-4.48,-1.23,-0.17,9,90,176765,BEAR,20.8
2026-09-02 14:50,7.0,-2.99,20.9,100,top100_live,1.4,-6.30,-4.31,-0.91,-0.20,7,92,182734,BEAR,20.3
2026-09-02 15:01,6.0,-3.27,20.9,100,top100_live,1.3,-6.65,-4.79,-1.40,-0.42,6,92,187819,BEAR,19.4
2026-09-02 15:10,7.0,-3.42,20.9,100,top100_live,1.4,-6.55,-4.86,-1.40,-0.59,7,93,192476,BEAR,19.5
2026-09-02 15:20,7.0,-3.40,20.9,100,top100_live,1.4,-6.54,-4.90,-1.45,-0.27,7,93,199728,BEAR,19.6
2026-09-02 15:30,7.0,-3.35,20.9,100,top100_live,1.4,-6.54,-4.87,-1.45,-0.33,7,93,199908,BEAR,19.7
2026-09-02 15:40,7.0,-3.30,20.9,100,top100_live,1.4,-6.71,-5.01,-1.70,-0.29,7,93,214263,BEAR,19.8
2026-09-03 09:10,49.0,0.00,20.9,100,top100_live,80.2,-1.54,-0.68,0.72,1.36,49,47,12736,BEAR,42.3
2026-09-03 09:20,54.0,0.10,20.9,100,top100_live,79.2,-1.83,-0.81,0.80,1.83,54,43,20527,BEAR,44.5
2026-09-03 09:30,57.0,0.12,20.9,100,top100_live,80.1,-2.01,-0.61,0.91,2.55,57,39,28760,SIDEWAYS,45.7
2026-09-03 09:40,72.0,0.78,20.9,100,top100_live,88.5,-1.07,0.00,2.07,3.48,72,24,36853,SIDEWAYS,52.9
2026-09-03 09:50,77.0,0.92,20.9,100,top100_live,89.8,-1.11,0.03,2.28,3.91,77,21,43095,SIDEWAYS,55.1
2026-09-03 10:01,77.0,1.29,20.9,100,top100_live,89.8,-0.90,0.03,2.56,4.00,77,22,49256,SIDEWAYS,55.8
2026-09-03 10:10,76.0,1.43,20.9,100,top100_live,89.7,-0.55,0.01,2.51,4.02,76,21,54739,SIDEWAYS,55.6
2026-09-03 10:23,79.0,1.60,20.9,100,top100_live,90.5,-0.29,0.16,2.63,4.31,79,18,62486,SIDEWAYS,57.1
2026-09-03 10:30,75.0,1.29,20.9,100,top100_live,89.0,-0.70,0.00,2.26,4.19,75,24,66340,SIDEWAYS,55.0
2026-09-03 10:41,73.0,1.10,20.9,100,top100_live,88.4,-0.84,-0.15,2.50,3.95,73,26,72497,SIDEWAYS,53.9
2026-09-03 10:50,71.0,0.89,20.9,100,top100_live,85.3,-1.17,-0.11,2.33,3.64,71,27,76680,SIDEWAYS,52.7
2026-09-03 11:00,70.0,0.65,20.9,100,top100_live,85.1,-1.59,-0.21,1.70,3.17,70,29,81208,SIDEWAYS,51.9
2026-09-03 11:10,70.0,0.78,20.9,100,top100_live,84.8,-1.27,-0.16,2.01,3.38,70,30,85215,SIDEWAYS,52.1
2026-09-03 11:20,73.0,0.95,20.9,100,top100_live,85.5,-1.12,-0.08,2.40,4.00,73,26,89250,SIDEWAYS,53.6
2026-09-03 11:30,71.0,0.94,20.9,100,top100_live,85.0,-1.19,-0.11,2.42,3.84,71,28,92919,SIDEWAYS,52.8
2026-09-03 11:40,73.0,1.08,20.9,100,top100_live,85.7,-1.21,-0.11,2.50,4.32,73,25,96156,SIDEWAYS,53.8
2026-09-03 11:50,71.0,0.97,20.9,100,top100_live,85.4,-1.52,-0.12,2.42,4.30,71,26,98765,SIDEWAYS,52.8
2026-09-03 12:00,73.0,1.11,20.9,100,top100_live,85.7,-1.29,-0.07,2.52,4.25,73,26,101575,SIDEWAYS,53.9
2026-09-03 12:11,77.0,1.15,20.9,100,top100_live,89.9,-1.01,0.03,2.86,4.51,77,21,104879,SIDEWAYS,55.5
2026-09-03 12:20,82.0,1.39,20.9,100,top100_live,91.3,-1.01,0.13,2.89,4.48,82,18,108262,SIDEWAYS,58.0
2026-09-03 12:30,81.0,1.19,20.9,100,top100_live,91.2,-0.93,0.07,3.00,4.80,81,18,111180,SIDEWAYS,57.2
2026-09-03 12:40,78.0,1.21,20.9,100,top100_live,90.4,-1.07,0.04,2.89,4.96,78,19,113860,SIDEWAYS,56.0
2026-09-03 12:50,79.0,1.25,20.9,100,top100_live,90.6,-1.19,0.04,3.11,5.20,79,19,116571,SIDEWAYS,56.5
2026-09-03 13:01,76.0,1.21,20.9,100,top100_live,90.0,-1.40,0.01,3.33,4.80,76,22,120719,SIDEWAYS,55.2
2026-09-03 13:10,78.0,1.42,20.9,100,top100_live,91.0,-1.48,0.05,3.33,5.18,78,22,123599,SIDEWAYS,56.4
2026-09-03 13:20,78.0,1.32,20.9,100,top100_live,90.8,-1.41,0.05,3.73,5.78,78,19,126760,SIDEWAYS,56.2
2026-09-03 13:31,75.0,1.21,20.9,100,top100_live,87.1,-1.76,0.00,3.71,5.46,75,21,129990,SIDEWAYS,54.8
2026-09-03 13:40,74.0,1.17,20.9,100,top100_live,87.2,-1.76,-0.04,3.98,5.55,74,26,132574,SIDEWAYS,54.4
2026-09-03 13:50,78.0,1.19,20.9,100,top100_live,87.9,-1.72,0.03,4.07,5.87,78,22,136538,SIDEWAYS,56.0
2026-09-03 14:01,77.0,0.94,20.9,100,top100_live,87.0,-1.74,0.03,3.82,5.90,77,22,140410,SIDEWAYS,55.2
2026-09-03 14:10,64.0,0.34,20.9,100,top100_live,57.9,-2.17,-0.34,2.76,4.94,64,31,145099,SIDEWAYS,48.9
2026-09-03 14:20,38.0,-0.53,20.9,100,top100_live,19.0,-3.47,-2.02,1.20,3.29,38,59,159024,SIDEWAYS,37.0
2026-09-03 14:30,38.0,-0.74,20.9,100,top100_live,20.1,-3.20,-2.00,1.42,3.43,38,58,176413,SIDEWAYS,36.6
2026-09-03 14:40,44.0,-0.13,20.9,100,top100_live,22.8,-2.80,-1.22,2.25,4.17,44,54,188667,SIDEWAYS,40.1
2026-09-03 14:50,58.0,0.19,20.9,100,top100_live,28.1,-2.47,-0.68,3.02,5.01,58,39,197791,SIDEWAYS,46.3
2026-09-03 15:01,67.0,0.40,20.9,100,top100_live,30.6,-2.12,-0.46,3.02,5.32,67,31,205696,SIDEWAYS,50.2
2026-09-03 15:10,61.0,0.42,20.9,100,top100_live,31.4,-2.01,-0.47,3.02,5.32,61,34,211134,SIDEWAYS,47.9
2026-09-03 15:20,60.0,0.40,20.9,100,top100_live,28.0,-2.12,-0.65,2.93,5.32,60,39,216524,SIDEWAYS,47.4
2026-09-03 15:30,60.0,0.40,20.9,100,top100_live,28.0,-2.12,-0.65,2.93,5.32,60,39,216891,SIDEWAYS,47.4
2026-09-03 15:40,60.0,0.20,20.9,100,top100_live,27.4,-1.99,-0.54,2.89,5.20,60,38,226472,SIDEWAYS,47.1
2026-09-04 09:13,83.0,1.14,20.9,100,top100_live,91.7,-0.42,0.41,2.17,3.58,83,13,19824,SIDEWAYS,57.9
2026-09-04 09:20,79.0,1.04,20.9,100,top100_live,88.5,-1.03,0.14,2.15,3.31,79,18,26469,SIDEWAYS,56.1
2026-09-04 09:31,71.0,1.02,19.1,100,top100_live,84.6,-1.30,-0.20,2.14,3.49,71,27,35311,SIDEWAYS,52.5
2026-09-04 09:40,66.0,0.69,19.1,100,top100_live,81.4,-1.79,-0.66,2.01,3.12,66,34,41141,SIDEWAYS,49.9
2026-09-04 09:51,59.0,0.56,19.1,100,top100_live,78.4,-2.22,-0.66,2.34,3.90,59,39,48121,SIDEWAYS,46.9
2026-09-04 10:00,61.0,0.54,19.1,100,top100_live,80.3,-1.95,-0.81,2.12,3.25,61,39,53770,SIDEWAYS,47.6
2026-09-04 10:10,61.0,0.33,19.1,100,top100_live,80.0,-2.04,-0.88,2.06,3.03,61,35,58874,SIDEWAYS,47.3
2026-09-04 10:21,60.0,0.42,19.1,100,top100_live,80.0,-1.74,-0.66,1.93,3.26,60,38,63615,SIDEWAYS,47.0
2026-09-04 10:30,57.0,0.36,19.1,100,top100_live,77.4,-2.10,-0.82,1.73,3.09,57,41,67235,SIDEWAYS,45.7
2026-09-04 10:41,56.0,0.23,19.1,100,top100_live,76.7,-2.08,-0.78,1.94,2.92,56,39,70802,SIDEWAYS,45.1
2026-09-04 10:50,62.0,0.44,19.1,100,top100_live,78.9,-1.74,-0.63,1.84,3.02,62,35,75173,SIDEWAYS,47.8
2026-09-04 11:01,61.0,0.57,19.1,100,top100_live,78.0,-1.72,-0.66,1.88,3.09,61,38,80766,SIDEWAYS,47.7
2026-09-04 11:10,62.0,0.57,19.1,100,top100_live,78.8,-1.72,-0.72,1.74,3.17,62,38,84084,SIDEWAYS,48.1
2026-09-04 11:21,61.0,0.58,19.1,100,top100_live,78.4,-2.06,-0.73,1.94,3.92,61,35,89402,SIDEWAYS,47.7
2026-09-04 11:30,62.0,0.57,19.1,100,top100_live,78.6,-2.30,-0.63,1.86,3.84,62,37,91995,SIDEWAYS,48.1
2026-09-04 11:40,61.0,0.46,19.1,100,top100_live,78.3,-2.30,-0.84,1.78,3.62,61,38,95340,SIDEWAYS,47.5
2026-09-04 11:50,67.0,0.84,19.1,100,top100_live,80.9,-2.30,-0.62,1.93,3.60,67,31,98761,SIDEWAYS,50.5
2026-09-04 12:00,68.0,0.89,19.1,100,top100_live,82.4,-2.37,-0.55,2.00,3.77,68,31,103412,SIDEWAYS,51.0
2026-09-04 12:10,62.0,0.61,19.1,100,top100_live,78.1,-2.44,-0.77,1.92,3.77,62,38,106757,SIDEWAYS,48.1
2026-09-04 12:20,62.0,0.73,19.1,100,top100_live,77.9,-2.30,-0.71,1.84,3.70,62,37,110287,SIDEWAYS,48.4
2026-09-04 12:30,59.0,0.70,19.1,100,top100_live,76.3,-2.37,-0.77,1.88,3.52,59,41,113208,SIDEWAYS,47.1
2026-09-04 12:40,60.0,0.71,19.1,100,top100_live,76.9,-2.59,-0.83,1.88,3.64,60,40,116176,SIDEWAYS,47.5
2026-09-04 12:50,59.0,0.65,19.1,100,top100_live,76.4,-2.48,-0.84,1.72,3.68,59,41,119223,SIDEWAYS,47.0
2026-09-04 13:00,60.0,0.49,19.1,100,top100_live,76.9,-2.31,-0.92,2.10,3.58,60,39,122580,SIDEWAYS,47.1
2026-09-04 13:10,63.0,0.77,19.1,100,top100_live,77.8,-2.22,-0.60,2.30,3.87,63,34,127993,SIDEWAYS,48.8
2026-09-04 13:20,57.0,0.39,19.1,100,top100_live,76.4,-2.44,-0.92,2.10,3.92,57,38,133871,SIDEWAYS,45.8
2026-09-04 13:30,63.0,0.68,19.1,100,top100_live,80.0,-2.36,-0.92,2.32,4.20,63,37,138619,SIDEWAYS,48.7
2026-09-04 13:40,61.0,0.54,19.1,100,top100_live,78.3,-2.41,-1.02,2.16,4.07,61,36,144591,SIDEWAYS,47.6
2026-09-04 13:50,63.0,0.51,19.1,100,top100_live,80.2,-2.59,-0.92,2.19,4.20,63,37,149776,SIDEWAYS,48.4
2026-09-04 14:00,60.0,0.47,19.1,100,top100_live,77.3,-2.52,-1.08,2.27,4.21,60,38,154244,SIDEWAYS,47.1
2026-09-04 14:10,64.0,0.64,19.1,100,top100_live,80.6,-2.44,-1.19,2.37,4.42,64,35,160254,SIDEWAYS,49.0
2026-09-04 14:20,70.0,0.81,19.1,100,top100_live,84.1,-1.92,-0.77,2.68,5.12,70,30,168319,SIDEWAYS,51.7
2026-09-04 14:30,68.0,0.77,19.1,100,top100_live,83.1,-2.26,-0.92,2.68,4.75,68,30,174037,SIDEWAYS,50.8
2026-09-04 14:40,67.0,0.73,19.1,100,top100_live,82.2,-2.26,-0.77,2.58,4.57,67,32,179192,SIDEWAYS,50.4
2026-09-04 14:51,67.0,0.75,19.1,100,top100_live,81.9,-1.92,-0.55,2.35,4.53,67,33,185858,SIDEWAYS,50.4
2026-09-04 15:00,66.0,0.71,19.1,100,top100_live,80.9,-1.92,-0.56,2.37,4.72,66,32,191397,SIDEWAYS,49.9
2026-09-04 15:10,65.0,0.67,19.1,100,top100_live,79.4,-2.09,-0.62,2.26,4.58,65,32,197304,SIDEWAYS,49.4
2026-09-04 15:20,67.0,0.79,19.1,100,top100_live,80.6,-1.95,-0.54,2.37,4.52,67,30,203985,SIDEWAYS,50.5
2026-09-04 15:30,67.0,0.79,19.1,100,top100_live,80.6,-1.95,-0.54,2.37,4.52,67,30,203990,SIDEWAYS,50.5
2026-09-04 15:40,68.0,0.75,19.1,100,top100_live,80.6,-1.95,-0.54,2.37,4.63,68,30,215816,SIDEWAYS,50.8
