종목명,현재가,등락률,외인변화,게시물,고유작성자,공감총량,외인비중,시장구분,전일종가,시가,당일고가,당일저가,전일외인,거래대금,52주최고,52주최저,외인추정순매수,기관추정순매수,게시물_요약,감정,팩트점수,키워드,연속,상태,code
비아트론,14430,'+20.35%,-0.23,40,24,79,4.43,KOSDAQ,11990,14330,14430,13070,4.66,22183534685,14430,6500,-16000,0,삼성전기향 차세대 유리기판 핵심 장비 '글라스 본더' 공급 계약 체결. 동종 업체 대비 낮은 시총으로 인한 높은 상승 여력 기대.,,0.7,"['글라스 본더', '유리기판', '삼성전기']",1,활성,141000
본느,6890,'+6.66%,-0.31,56,35,117,0.0,KOSDAQ,6460,6930,8390,6890,0.31,16929070125,9680,371,-23000,0,신규 최대주주 확정 기대감에도 불구하고 거래량 부진 및 주가 흐름 둔화. 재료 소멸 가능성 언급.,,0.1,"['신규 최대주주', '거래량', '재료 소멸']",1,활성,226340
SK하이닉스,1732000,'+0.52%,-0.12,747,414,1949,49.59,KOSPI,1723000,1722000,1750000,1722000,49.71,1252223133000,2987000,403000,-21000,-5000,마이크론 급등에 따른 SK하이닉스 반등 기대감 형성. 보호예수 물량 거래 및 솔리다임 관련 언급.,,0.4,"['마이크론', '반등', '보호예수']",8,활성,000660
국제약품,4440,'+0.23%,1.19,47,35,117,4.46,KOSPI,4430,4650,4855,4255,3.27,57630281274,5470,2810,-470000,0,"미국 항생제 보유 회사 주가 폭등, WHO의 러시아 폐렴 상황 파악 불가 속 전염병 우려 제기. 다만 WHO는 공중보건 위험성 낮다고 발표.",,0.1,"['전염병', 'WHO', '폐렴']",2,활성,002720
LG디스플레이,8260,'+0.12%,-0.17,42,31,101,26.38,KOSPI,8250,8190,8320,8090,26.55,7347086830,17950,8090,-164000,18000,"지속적인 주가 하락 및 경영 부실에 대한 비판과 함께, 유상증자에 대한 부정적 전망이 지배적.",,0.2,"['주가 하락', '경영 부실', '유상증자']",1,활성,034220
삼성전자,267250,'-0.47%,0.01,800,566,2127,46.38,KOSPI,268500,269500,270000,266000,46.37,1105878960250,374500,90200,-246000,-228000,107조 원대 역대급 영업이익에도 불구하고 주가 하락. 정치적 책임론과 시장 시스템 붕괴에 대한 불만 고조.,,0.4,"['영업이익', '주가 하락', '정치']",8,활성,005930
HLB,45550,'-0.76%,-0.73,127,77,459,13.39,KOSDAQ,45900,45950,46250,45100,14.12,10429341850,69200,24150,-14000,0,"공매도와 전환사채 이슈 속에서도 긍정적 우상향 차트 전망, FDA 임상 3상 종료 약물에 대한 기대감과 펩트론 기술 계약 해지 반사이익 예상.",,0.3,"['공매도', '임상 3상', '전환사채']",3,활성,028300
삼성중공업,19085,'-2.33%,0.01,52,32,127,27.68,KOSPI,19540,19490,19500,19060,27.67,17034750870,35350,18440,-75000,-17000,"조선업 경쟁 심화 및 수주 부진에 대한 우려와 함께, 증권사 및 시장 시스템에 대한 불신 제기.",,0.1,"['조선업', '수주 부진', '시장 불신']",5,활성,010140
대우건설,16860,'-2.77%,-0.04,60,35,281,9.46,KOSPI,17340,17190,17220,16710,9.5,18150639200,40350,3320,35000,5000,"공매도 및 대차 해지에 대한 주주들의 호소가 반복되며, 시장 참여자들의 불만이 고조되는 상황.",,0.1,"['공매도', '대차해지', '호소']",8,활성,047040
삼천당제약,233000,'-3.32%,-0.65,103,61,436,3.47,KOSDAQ,241000,227000,235500,210500,4.12,24764151250,1233000,120000,6000,1000,공매도 과열 관련 언급 및 캐나다 세마 출시 기대. 릴레이 계약 공시와 미장 바이오 섹터 동향에 따른 수급 몰림 전망.,,0.3,"['공매도', '계약공시', '세마']",2,활성,000250
두산에너빌리티,76600,'-4.84%,-0.1,175,111,492,22.49,KOSPI,80500,79600,79600,76500,22.59,78681863150,139200,57000,-83000,-40000,"미국발 악재와 국내 증시 상황에 대한 언급이 공존하며, 주가 하락에 대한 개인 투자자들의 답답함 표출.",,0.2,"['원전', '주가 하락', '미국 증시']",2,활성,034020
대한광통신,16950,'-5.52%,-0.95,64,48,265,3.97,KOSDAQ,17940,17770,17940,16900,4.92,52326437535,31500,1272,15000,-8000,미국 광통신주 급락 및 외인·기관 매도세에 따른 주가 하락. 적자 기업에 대한 비판 제기.,,0.2,"['광통신', '주가 하락', '외인 매도']",8,활성,010170
한미사이언스,53900,'-7.23%,0.02,210,112,375,1.32,KOSPI,58100,63200,63800,53400,1.3,38875459800,63800,25600,-154000,-5000,미국 비만주 급등 속 국내 시장 관심. 유통 물량 13%로 개미 꼬시기 의혹 제기. 불법 조작 거래 신고 주장.,,0.1,"['비만약', '유통물량', '불법거래']",1,활성,008930
빛과전자,4825,'-7.39%,-0.07,70,47,203,4.65,KOSDAQ,5210,5220,5310,4755,4.72,44330702509,8100,592,237000,0,전환사채 발행 및 기타법인의 대규모 매도 발생으로 인한 초대형 악재 발생. 주가 급락 우려.,,0.3,"['전환사채', '대규모 매도', '악재']",3,활성,069540
삼표시멘트,7200,'-7.93%,-2.03,111,62,306,3.09,KOSDAQ,7820,8080,8510,7200,5.12,68084854545,23500,2890,-496000,0,"건설 및 부동산 관련 내용과 함께 일부 투자자 간의 논쟁이 나타나지만, 종목의 명확한 팩트나 전망에 대한 분석은 부족함.",,0.2,"['부동산', '건설', '투자자 논쟁']",2,활성,038500
라온시큐어,15330,'-8.26%,-1.44,43,23,141,0.93,KOSDAQ,16710,16460,17180,14820,2.37,26467906770,17590,6320,37000,0,양자보안 기술력 및 금융 해킹 방어 성공 사례 부각. AI 사이버보안 협의체 선정 및 계약 체결 기대감 상승.,,0.5,"['양자보안', 'AI', '해킹 방어']",2,활성,042510
신풍제약,9870,'-10.35%,0.03,73,53,270,5.04,KOSPI,11010,10110,10130,9850,5.01,4282422415,15900,6310,-285000,0,미국 항생제 회사 주가 급등 소식과 함께 신풍제약에 대한 기대감 표출. 케냐 에볼라 확진 소식 언급.,,0.0,"['항생제', '에볼라', '주가']",2,활성,019170
