종목명,현재가,등락률,당일_게시글수,현재_외국인비중,시장구분,어제_종가,어제_외국인비중,게시물_요약,감정분석,Top_Keyword,연속_등록,latest_posts,code
아이엠바이오로직스,104000,+300.00%,314,1.04%,KOSDAQ,,,"2개 받았는데 300% 개꿀딱[7] / 미친 한국주식시장..이런거나 고쳐라 / 알지노믹 공모가 22,500원.최고가23만.....[1] / 조단위 기술수출+96.5%보호예수.품절주됨...[1]",Positive (57%),"상한가, ..., 유통물량",1,"[{'title': '미친 한국주식시장..이런거나 고쳐라', 'date': '2026.03.20 11:46', 'views': '143', 'likes': '20', 'dislikes': '2', 'link': '/item/board_read.naver?code=493280&nid=415473520&page=5', 'score': 743}, {'title': '2개 받았는데 300% 개꿀딱[7]', 'date': '2026.03.20 09:22', 'views': '1208', 'likes': '18', 'dislikes': '5', 'link': '/item/board_read.naver?code=493280&nid=415443396&page=9', 'score': 1748}, {'title': '월욜 상한가 135200원이 종가', 'date': '2026.03.20 15:15', 'views': '128', 'likes': '15', 'dislikes': '4', 'link': '/item/board_read.naver?code=493280&nid=415505509&page=3', 'score': 578}, {'title': '조단위 기술수출+96.5%보호예수.품절주됨...[1]', 'date': '2026.03.20 12:22', 'views': '228', 'likes': '13', 'dislikes': '1', 'link': '/item/board_read.naver?code=493280&nid=415478934&page=5', 'score': 618}, {'title': '■■■따따블매수■■■[1]', 'date': '2026.03.20 09:28', 'views': '153', 'likes': '12', 'dislikes': '4', 'link': '/item/board_read.naver?code=493280&nid=415445066&page=8', 'score': 513}, {'title': '알지노믹 공모가 22,500원.최고가23만.....[1]', 'date': '2026.03.20 17:02', 'views': '290', 'likes': '11', 'dislikes': '0', 'link': '/item/board_read.naver?code=493280&nid=415516486&page=1', 'score': 620}, {'title': '조단위 기술수출+96.5%보호예수.품절주됨.....', 'date': '2026.03.20 17:00', 'views': '139', 'likes': '11', 'dislikes': '0', 'link': '/item/board_read.naver?code=493280&nid=415516332&page=1', 'score': 469}, {'title': '연기금 보험이', 'date': '2026.03.20 16:13', 'views': '133', 'likes': '11', 'dislikes': '0', 'link': '/item/board_read.naver?code=493280&nid=415512981&page=2', 'score': 463}, {'title': '유통물량 14% 기관 확약률 96.5% 점상 몇방이...[1]', 'date': '2026.03.20 15:39', 'views': '231', 'likes': '11', 'dislikes': '0', 'link': '/item/board_read.naver?code=493280&nid=415509202&page=2', 'score': 561}, {'title': '매년적자 펩트론은 수출도없이 40만원 갔다....[2]', 'date': '2026.03.20 13:18', 'views': '226', 'likes': '11', 'dislikes': '1', 'link': '/item/board_read.naver?code=493280&nid=415487110&page=4', 'score': 556}]",493280
우리로,2710,+29.98%,129,4.63%,KOSDAQ,2085.0,7.03%,국내외 광트랜시버 제조사에 채택 가능성- 제미나...[2] / 대한광통신VS우리로광통신~~~[3] / 우리로광통신! / 털렸네 ㅋㅋ,Positive (70%),"상한가, 지금, 시총",1,"[{'title': '일단 1조 가자', 'date': '2026.03.20 14:05', 'views': '95', 'likes': '13', 'dislikes': '3', 'link': '/item/board_read.naver?code=046970&nid=415494439&page=1', 'score': 485}, {'title': '쩜상10방200Gbps광검출기없어서못판다...', 'date': '2026.03.20 11:12', 'views': '159', 'likes': '13', 'dislikes': '0', 'link': '/item/board_read.naver?code=046970&nid=415467252&page=2', 'score': 549}, {'title': '우리로광통신!', 'date': '2026.03.20 13:18', 'views': '230', 'likes': '12', 'dislikes': '0', 'link': '/item/board_read.naver?code=046970&nid=415487096&page=2', 'score': 590}, {'title': '응아가 10연발 간다고 어제 분명히 말했...', 'date': '2026.03.20 11:12', 'views': '78', 'likes': '12', 'dislikes': '0', 'link': '/item/board_read.naver?code=046970&nid=415467305&page=2', 'score': 438}, {'title': '지금 없어서 못판다고 합니다!!', 'date': '2026.03.20 10:57', 'views': '192', 'likes': '12', 'dislikes': '0', 'link': '/item/board_read.naver?code=046970&nid=415464594&page=3', 'score': 552}, {'title': '대한광통신VS우리로광통신~~~[3]', 'date': '2026.03.20 10:22', 'views': '264', 'likes': '12', 'dislikes': '1', 'link': '/item/board_read.naver?code=046970&nid=415457884&page=3', 'score': 624}, {'title': '국내외 광트랜시버 제조사에 채택 가능성- 제미나...[2]', 'date': '2026.03.20 16:12', 'views': '531', 'likes': '11', 'dislikes': '1', 'link': '/item/board_read.naver?code=046970&nid=415512943&page=1', 'score': 861}, {'title': '털렸네 ㅋㅋ', 'date': '2026.03.20 11:05', 'views': '237', 'likes': '11', 'dislikes': '0', 'link': '/item/board_read.naver?code=046970&nid=415466133&page=2', 'score': 567}, {'title': '개인의 그릇이 정확히 드러나는 시점이내[2]', 'date': '2026.03.20 10:16', 'views': '227', 'likes': '11', 'dislikes': '1', 'link': '/item/board_read.naver?code=046970&nid=415456527&page=3', 'score': 557}, {'title': '오늘 감사보고서 받아 적정판결', 'date': '2026.03.20 14:16', 'views': '166', 'likes': '10', 'dislikes': '1', 'link': '/item/board_read.naver?code=046970&nid=415496290&page=1', 'score': 466}]",046970
DL이앤씨,67400,+29.87%,241,29.72%,KOSPI,51900.0,29.24%,진짜 설마 설마 했는데[5] / 미국 원전주..이란 전쟁 재건주[4] / 이란 전쟁재건 대장주는 DL이앤씨다. 왜냐하 / 5년을 기다렸다[2],Positive (90%),"상한가, 오늘, 대장주",1,"[{'title': '진짜 설마 설마 했는데[5]', 'date': '2026.03.20 15:23', 'views': '589', 'likes': '13', 'dislikes': '1', 'link': '/item/board_read.naver?code=375500&nid=415506745&page=4', 'score': 979}, {'title': '미국 원전주..이란 전쟁 재건주[4]', 'date': '2026.03.20 18:08', 'views': '366', 'likes': '10', 'dislikes': '3', 'link': '/item/board_read.naver?code=375500&nid=415520425&page=1', 'score': 666}, {'title': '축하드립니다.[2]', 'date': '2026.03.20 15:09', 'views': '152', 'likes': '9', 'dislikes': '0', 'link': '/item/board_read.naver?code=375500&nid=415504578&page=5', 'score': 422}, {'title': '이란 전쟁재건 대장주는 DL이앤씨다. 왜냐하', 'date': '2026.03.20 14:22', 'views': '293', 'likes': '9', 'dislikes': '1', 'link': '/item/board_read.naver?code=375500&nid=415497229&page=6', 'score': 563}, {'title': '5년을 기다렸다[2]', 'date': '2026.03.20 10:21', 'views': '241', 'likes': '9', 'dislikes': '0', 'link': '/item/board_read.naver?code=375500&nid=415457629&page=10', 'score': 511}, {'title': '소형모듈원전 SMR 건설 분야 국내  1...', 'date': '2026.03.20 10:02', 'views': '186', 'likes': '9', 'dislikes': '0', 'link': '/item/board_read.naver?code=375500&nid=415453423&page=10', 'score': 456}, {'title': '미-이란 전쟁이 끝나면 대박', 'date': '2026.03.20 16:46', 'views': '119', 'likes': '8', 'dislikes': '0', 'link': '/item/board_read.naver?code=375500&nid=415515306&page=2', 'score': 359}, {'title': 'Gs건설 더 간다', 'date': '2026.03.20 09:25', 'views': '55', 'likes': '8', 'dislikes': '0', 'link': '/item/board_read.naver?code=375500&nid=415444110&page=11', 'score': 295}, {'title': '앞으로 5년', 'date': '2026.03.20 18:29', 'views': '54', 'likes': '7', 'dislikes': '1', 'link': '/item/board_read.naver?code=375500&nid=415521565&page=1', 'score': 264}, {'title': '월요일 10퍼이상 상승출발예측[1]', 'date': '2026.03.20 16:50', 'views': '218', 'likes': '7', 'dislikes': '3', 'link': '/item/board_read.naver?code=375500&nid=415515620&page=2', 'score': 428}]",375500
SK오션플랜트,25550,+29.83%,602,6.07%,KOSPI,19680.0,6.23%,오션플랜트가 오늘 해상풍력 대장주가 된 이유는[5] / IPO 막히면 SK가 매각할 이유가 없음 / 개인적으로 생각하는 갑자기 오르는 이유 / 여기 돈 못버는 애들 특징 다 나오네[4],Positive (56%),"상한가, 오늘, 이제",1,"[{'title': '오션플랜트가 오늘 해상풍력 대장주가 된 이유는[5]', 'date': '2026.03.20 14:07', 'views': '283', 'likes': '15', 'dislikes': '2', 'link': '/item/board_read.naver?code=100090&nid=415494734&page=11', 'score': 733}, {'title': '월요일', 'date': '2026.03.20 16:16', 'views': '123', 'likes': '10', 'dislikes': '3', 'link': '/item/board_read.naver?code=100090&nid=415513208&page=6', 'score': 423}, {'title': '디오션 sk오션플랜트 매각 확실히 물건너감..[1]', 'date': '2026.03.20 14:21', 'views': '173', 'likes': '10', 'dislikes': '2', 'link': '/item/board_read.naver?code=100090&nid=415497052&page=11', 'score': 473}, {'title': '아까 누가 상 못간다고 한놈 있었는데?[4]', 'date': '2026.03.20 15:03', 'views': '189', 'likes': '9', 'dislikes': '1', 'link': '/item/board_read.naver?code=100090&nid=415503619&page=8', 'score': 459}, {'title': '25-29층에 물린 사람이 제일 많음[1]', 'date': '2026.03.20 14:36', 'views': '154', 'likes': '9', 'dislikes': '2', 'link': '/item/board_read.naver?code=100090&nid=415499281&page=9', 'score': 424}, {'title': '여기 돈 못버는 애들 특징 다 나오네[4]', 'date': '2026.03.20 10:26', 'views': '211', 'likes': '9', 'dislikes': '0', 'link': '/item/board_read.naver?code=100090&nid=415458579&page=22', 'score': 481}, {'title': '개인적으로 생각하는 갑자기 오르는 이유', 'date': '2026.03.20 09:16', 'views': '229', 'likes': '9', 'dislikes': '1', 'link': '/item/board_read.naver?code=100090&nid=415441684&page=27', 'score': 499}, {'title': 'IPO 막히면 SK가 매각할 이유가 없음', 'date': '2026.03.20 08:22', 'views': '249', 'likes': '9', 'dislikes': '0', 'link': '/item/board_read.naver?code=100090&nid=415432658&page=30', 'score': 519}, {'title': '잘 알아보니[1]', 'date': '2026.03.20 15:38', 'views': '123', 'likes': '8', 'dislikes': '0', 'link': '/item/board_read.naver?code=100090&nid=415509071&page=7', 'score': 363}, {'title': '상에서1000만주를 흡수했으면 뭐다', 'date': '2026.03.20 15:03', 'views': '86', 'likes': '8', 'dislikes': '0', 'link': '/item/board_read.naver?code=100090&nid=415503522&page=8', 'score': 326}]",100090
SNT에너지,53300,+28.28%,171,6.53%,KOSPI,41550.0,5.22%,석유·가스 플랜트에 들어가는 공랭식 열교환기(A...[1] / EB로 풀린 45만주 오늘 정리?[5] / 목표가 10만 기도 54일차[3] / 이놈이 대장이었네..,Positive (59%),"상한가, 이상, 상승했어요",1,"[{'title': '석유·가스 플랜트에 들어가는 공랭식 열교환기(A...[1]', 'date': '2026.03.20 12:10', 'views': '441', 'likes': '18', 'dislikes': '1', 'link': '/item/board_read.naver?code=100840&nid=415477187&page=5', 'score': 981}, {'title': 'EB로 풀린 45만주 오늘 정리?[5]', 'date': '2026.03.20 15:36', 'views': '157', 'likes': '10', 'dislikes': '1', 'link': '/item/board_read.naver?code=100840&nid=415508766&page=2', 'score': 457}, {'title': '목표가 10만 기도 54일차[3]', 'date': '2026.03.20 12:46', 'views': '118', 'likes': '9', 'dislikes': '1', 'link': '/item/board_read.naver?code=100840&nid=415482256&page=5', 'score': 388}, {'title': '이놈이 대장이었네..', 'date': '2026.03.20 09:56', 'views': '73', 'likes': '9', 'dislikes': '0', 'link': '/item/board_read.naver?code=100840&nid=415451935&page=8', 'score': 343}, {'title': '지주사가 50%이상 가지고 있는데', 'date': '2026.03.20 18:04', 'views': '62', 'likes': '7', 'dislikes': '0', 'link': '/item/board_read.naver?code=100840&nid=415520229&page=1', 'score': 272}, {'title': '운전실력.예술![2]', 'date': '2026.03.20 15:21', 'views': '116', 'likes': '7', 'dislikes': '3', 'link': '/item/board_read.naver?code=100840&nid=415506519&page=3', 'score': 326}, {'title': 'IMM 제발 오늘 다 털고 꺼지시길[1]', 'date': '2026.03.20 15:07', 'views': '63', 'likes': '7', 'dislikes': '2', 'link': '/item/board_read.naver?code=100840&nid=415504219&page=3', 'score': 273}, {'title': '차트', 'date': '2026.03.20 14:33', 'views': '33', 'likes': '7', 'dislikes': '0', 'link': '/item/board_read.naver?code=100840&nid=415498879&page=4', 'score': 243}, {'title': '사우디 아람코와 아랍에미레이트 석유국은 완전 ...[1]', 'date': '2026.03.20 10:04', 'views': '131', 'likes': '7', 'dislikes': '1', 'link': '/item/board_read.naver?code=100840&nid=415454003&page=8', 'score': 341}, {'title': '주식이 이런거지...[1]', 'date': '2026.03.20 09:43', 'views': '73', 'likes': '7', 'dislikes': '0', 'link': '/item/board_read.naver?code=100840&nid=415449004&page=8', 'score': 283}]",100840
태웅,57300,+26.49%,129,5.04%,KOSDAQ,45300.0,3.67%,이런 월요일[1] / 테마 엮기 좋고 가벼워서 세력붙으면 정신없이 ... / 상한가에 전량 매도~ 감사감사[2] / 이제 매물이 없어요..🤗,Positive (73%),"태웅, 상한가, 이상",1,"[{'title': '테마 엮기 좋고 가벼워서 세력붙으면 정신없이 ...', 'date': '2026.03.20 08:25', 'views': '59', 'likes': '8', 'dislikes': '4', 'link': '/item/board_read.naver?code=044490&nid=415433094&page=7', 'score': 299}, {'title': '이런 월요일[1]', 'date': '2026.03.20 17:08', 'views': '192', 'likes': '7', 'dislikes': '3', 'link': '/item/board_read.naver?code=044490&nid=415516846&page=1', 'score': 402}, {'title': '아 짜증나서 던졌음..', 'date': '2026.03.20 17:00', 'views': '43', 'likes': '6', 'dislikes': '0', 'link': '/item/board_read.naver?code=044490&nid=415516322&page=1', 'score': 223}, {'title': '이제 매물이 없어요..🤗', 'date': '2026.03.20 16:07', 'views': '57', 'likes': '6', 'dislikes': '3', 'link': '/item/board_read.naver?code=044490&nid=415512465&page=2', 'score': 237}, {'title': '문어발', 'date': '2026.03.20 12:29', 'views': '51', 'likes': '6', 'dislikes': '1', 'link': '/item/board_read.naver?code=044490&nid=415479929&page=3', 'score': 231}, {'title': '상한가에 전량 매도~ 감사감사[2]', 'date': '2026.03.20 12:03', 'views': '90', 'likes': '6', 'dislikes': '0', 'link': '/item/board_read.naver?code=044490&nid=415476158&page=3', 'score': 270}, {'title': '오늘 상이네 ㅎㅎ', 'date': '2026.03.20 09:34', 'views': '27', 'likes': '6', 'dislikes': '0', 'link': '/item/board_read.naver?code=044490&nid=415446673&page=6', 'score': 207}, {'title': '태웅', 'date': '2026.03.20 08:44', 'views': '32', 'likes': '6', 'dislikes': '0', 'link': '/item/board_read.naver?code=044490&nid=415435563&page=7', 'score': 212}, {'title': '요상하다[1]', 'date': '2026.03.20 18:16', 'views': '87', 'likes': '5', 'dislikes': '1', 'link': '/item/board_read.naver?code=044490&nid=415520871&page=1', 'score': 237}, {'title': '축하 축하 드립니다  상입니다!', 'date': '2026.03.20 18:28', 'views': '21', 'likes': '4', 'dislikes': '1', 'link': '/item/board_read.naver?code=044490&nid=415521465&page=1', 'score': 141}]",044490
오르비텍,13700,+24.77%,164,4.76%,KOSDAQ,10980.0,4.33%,답답하다 투경이고뭐고[2] / 눈물 나네요.[2] / 오늘 13568 밑에서 끝나면[3] / 원전 해체 세계 최초 상용화 뭐가 두렵노[1],Positive (70%),"투경, 상한가, 오르비텍",1,"[{'title': '원전 해체 세계 최초 상용화 뭐가 두렵노[1]', 'date': '2026.03.20 15:43', 'views': '245', 'likes': '20', 'dislikes': '0', 'link': '/item/board_read.naver?code=046120&nid=415509812&page=2', 'score': 845}, {'title': '눈물 나네요.[2]', 'date': '2026.03.20 13:54', 'views': '299', 'likes': '19', 'dislikes': '0', 'link': '/item/board_read.naver?code=046120&nid=415492815&page=4', 'score': 869}, {'title': '오르비텍', 'date': '2026.03.20 13:16', 'views': '189', 'likes': '18', 'dislikes': '0', 'link': '/item/board_read.naver?code=046120&nid=415486662&page=4', 'score': 729}, {'title': '답답하다 투경이고뭐고[2]', 'date': '2026.03.20 16:42', 'views': '581', 'likes': '14', 'dislikes': '2', 'link': '/item/board_read.naver?code=046120&nid=415515087&page=1', 'score': 1001}, {'title': '100주 샀음요', 'date': '2026.03.20 16:10', 'views': '101', 'likes': '14', 'dislikes': '2', 'link': '/item/board_read.naver?code=046120&nid=415512779&page=1', 'score': 521}, {'title': '3만원은 넘길듯...[2]', 'date': '2026.03.20 13:09', 'views': '345', 'likes': '14', 'dislikes': '2', 'link': '/item/board_read.naver?code=046120&nid=415485691&page=4', 'score': 765}, {'title': '여기 주포는', 'date': '2026.03.20 16:40', 'views': '418', 'likes': '13', 'dislikes': '2', 'link': '/item/board_read.naver?code=046120&nid=415514954&page=1', 'score': 808}, {'title': '시간 외 상 박아 주고 담주 20% 갭으로 가자...', 'date': '2026.03.20 15:28', 'views': '131', 'likes': '13', 'dislikes': '0', 'link': '/item/board_read.naver?code=046120&nid=415507583&page=2', 'score': 521}, {'title': '오늘 13568 밑에서 끝나면[3]', 'date': '2026.03.20 14:46', 'views': '497', 'likes': '12', 'dislikes': '1', 'link': '/item/board_read.naver?code=046120&nid=415500943&page=3', 'score': 857}, {'title': '신고가 축하드립니다.', 'date': '2026.03.20 14:26', 'views': '149', 'likes': '12', 'dislikes': '1', 'link': '/item/board_read.naver?code=046120&nid=415497809&page=3', 'score': 509}]",046120
GS건설,31800,+22.54%,369,23.05%,KOSPI,25950.0,23.16%,Gs건설이 원전으로만 올라가는걸로 보... / 매물소화중이라니까 계속들 파시네 / 미국에서 SMR건설 누가하겠냐 GS건설[1] / 건설 우량주 Gs건설 상한가 한방 묵자,Positive (81%),"상한가, 이제, 원전",1,"[{'title': '매물소화중이라니까 계속들 파시네', 'date': '2026.03.20 15:27', 'views': '196', 'likes': '15', 'dislikes': '1', 'link': '/item/board_read.naver?code=006360&nid=415507418&page=7', 'score': 646}, {'title': '건설 우량주 Gs건설 상한가 한방 묵자', 'date': '2026.03.20 12:50', 'views': '105', 'likes': '12', 'dislikes': '1', 'link': '/item/board_read.naver?code=006360&nid=415482959&page=11', 'score': 465}, {'title': '뉴스케일파워 믿고 투자하세요.', 'date': '2026.03.20 18:25', 'views': '69', 'likes': '10', 'dislikes': '0', 'link': '/item/board_read.naver?code=006360&nid=415521311&page=4', 'score': 369}, {'title': 's넥장[1]', 'date': '2026.03.20 15:47', 'views': '155', 'likes': '10', 'dislikes': '1', 'link': '/item/board_read.naver?code=006360&nid=415510318&page=6', 'score': 455}, {'title': 'Gs건설이 원전으로만 올라가는걸로 보...', 'date': '2026.03.20 11:30', 'views': '523', 'likes': '10', 'dislikes': '2', 'link': '/item/board_read.naver?code=006360&nid=415470730&page=12', 'score': 823}, {'title': '누가 원전주  아니라더니', 'date': '2026.03.20 16:06', 'views': '102', 'likes': '9', 'dislikes': '0', 'link': '/item/board_read.naver?code=006360&nid=415512357&page=6', 'score': 372}, {'title': '상한가 가도', 'date': '2026.03.20 13:06', 'views': '74', 'likes': '9', 'dislikes': '2', 'link': '/item/board_read.naver?code=006360&nid=415485164&page=11', 'score': 344}, {'title': '미국에서 SMR건설 누가하겠냐 GS건설[1]', 'date': '2026.03.20 17:27', 'views': '295', 'likes': '8', 'dislikes': '3', 'link': '/item/board_read.naver?code=006360&nid=415518090&page=5', 'score': 535}, {'title': '상 안쳐도 되는이유[3]', 'date': '2026.03.20 16:05', 'views': '175', 'likes': '8', 'dislikes': '2', 'link': '/item/board_read.naver?code=006360&nid=415512280&page=6', 'score': 415}, {'title': '지건인 에너지 회사임[1]', 'date': '2026.03.20 15:57', 'views': '104', 'likes': '8', 'dislikes': '0', 'link': '/item/board_read.naver?code=006360&nid=415511460&page=6', 'score': 344}]",006360
유니슨,1682,+20.75%,131,5.25%,KOSDAQ,1393.0,4.08%,"답지 준다. 이거만 외워라.[4] / 총 칠천만주에 거래량 3800만주  터... / 3,000원대 까지는 ~~~[5] / 1차 목표가 만원 2차 목표가 5만원[2]",Positive (76%),"오늘, 이상, 상승했어요",1,"[{'title': '총 칠천만주에 거래량 3800만주  터...', 'date': '2026.03.20 15:38', 'views': '278', 'likes': '21', 'dislikes': '1', 'link': '/item/board_read.naver?code=018000&nid=415509095&page=2', 'score': 908}, {'title': '1차 목표가 만원 2차 목표가 5만원[2]', 'date': '2026.03.20 11:35', 'views': '292', 'likes': '20', 'dislikes': '2', 'link': '/item/board_read.naver?code=018000&nid=415471508&page=4', 'score': 892}, {'title': '신재생에너지 기업 주가가', 'date': '2026.03.20 15:49', 'views': '250', 'likes': '19', 'dislikes': '1', 'link': '/item/board_read.naver?code=018000&nid=415510489&page=2', 'score': 820}, {'title': '유니슨 오늘 외인 매수  및 프로그램 대량 매수중[1]', 'date': '2026.03.20 11:51', 'views': '179', 'likes': '19', 'dislikes': '0', 'link': '/item/board_read.naver?code=018000&nid=415474322&page=4', 'score': 749}, {'title': '3,000원대 까지는 ~~~[5]', 'date': '2026.03.20 16:19', 'views': '367', 'likes': '18', 'dislikes': '2', 'link': '/item/board_read.naver?code=018000&nid=415513488&page=1', 'score': 907}, {'title': '답지 준다. 이거만 외워라.[4]', 'date': '2026.03.20 10:24', 'views': '644', 'likes': '17', 'dislikes': '5', 'link': '/item/board_read.naver?code=018000&nid=415458177&page=4', 'score': 1154}, {'title': '오후에 .. 일단 상[1]', 'date': '2026.03.20 12:26', 'views': '258', 'likes': '16', 'dislikes': '5', 'link': '/item/board_read.naver?code=018000&nid=415479527&page=3', 'score': 738}, {'title': '지금까지[1]', 'date': '2026.03.20 11:01', 'views': '204', 'likes': '16', 'dislikes': '1', 'link': '/item/board_read.naver?code=018000&nid=415465465&page=4', 'score': 684}, {'title': '십수년동안 요즘이 거의 저점이다...', 'date': '2026.03.20 16:42', 'views': '134', 'likes': '14', 'dislikes': '0', 'link': '/item/board_read.naver?code=018000&nid=415515055&page=1', 'score': 554}, {'title': '소머리국밥 먹으러 갑니다.[1]', 'date': '2026.03.20 17:48', 'views': '170', 'likes': '13', 'dislikes': '0', 'link': '/item/board_read.naver?code=018000&nid=415519355&page=1', 'score': 560}]",018000
티엠씨,23600,+20.53%,182,2.43%,KOSPI,19580.0,2.28%,"주린인데..투경예고? 아닌가요?[3] / TMC 선박케이블 세계1위, 원전케이블도 장... / 22층에 3개월 물려잇었는데[5] / 22200원 입성",Positive (54%),"오늘, 티엠씨, 어제",1,"[{'title': '22200원 입성', 'date': '2026.03.20 13:16', 'views': '35', 'likes': '6', 'dislikes': '1', 'link': '/item/board_read.naver?code=217590&nid=415486668&page=5', 'score': 215}, {'title': '24050 추매', 'date': '2026.03.20 17:00', 'views': '21', 'likes': '5', 'dislikes': '0', 'link': '/item/board_read.naver?code=217590&nid=415516296&page=3', 'score': 171}, {'title': 'TMC 선박케이블 세계1위, 원전케이블도 장...', 'date': '2026.03.20 12:16', 'views': '250', 'likes': '5', 'dislikes': '0', 'link': '/item/board_read.naver?code=217590&nid=415478084&page=6', 'score': 400}, {'title': '25050 전량매도[1]', 'date': '2026.03.20 18:15', 'views': '84', 'likes': '4', 'dislikes': '1', 'link': '/item/board_read.naver?code=217590&nid=415520806&page=2', 'score': 204}, {'title': '22층에 3개월 물려잇었는데[5]', 'date': '2026.03.20 18:02', 'views': '146', 'likes': '4', 'dislikes': '1', 'link': '/item/board_read.naver?code=217590&nid=415520147&page=2', 'score': 266}, {'title': '성호전자 엔비디아 뉴스로 시총 3조 됐다', 'date': '2026.03.20 17:19', 'views': '50', 'likes': '4', 'dislikes': '2', 'link': '/item/board_read.naver?code=217590&nid=415517635&page=3', 'score': 170}, {'title': '주린인데..투경예고? 아닌가요?[3]', 'date': '2026.03.20 16:26', 'views': '697', 'likes': '4', 'dislikes': '2', 'link': '/item/board_read.naver?code=217590&nid=415513982&page=3', 'score': 817}, {'title': '오늘 연기금 81779주 떡 매수로', 'date': '2026.03.20 16:07', 'views': '63', 'likes': '4', 'dislikes': '0', 'link': '/item/board_read.naver?code=217590&nid=415512408&page=4', 'score': 183}, {'title': '상이가', 'date': '2026.03.20 16:02', 'views': '36', 'likes': '4', 'dislikes': '0', 'link': '/item/board_read.naver?code=217590&nid=415511962&page=4', 'score': 156}, {'title': '신고가에 수급좋고 상 가나요?', 'date': '2026.03.20 15:58', 'views': '33', 'likes': '4', 'dislikes': '1', 'link': '/item/board_read.naver?code=217590&nid=415511584&page=4', 'score': 153}]",217590
주성엔지니어링,72800,+19.34%,252,11.35%,KOSDAQ,61000.0,9.63%,불안하신 분은 필독) / 뉴스 보셨죠? -  삼전의 M&A 가능성 대두....[9] / 월요일도...15~20% 내외 상승 예상[4] / +소부장 Top Pickup 1으로 찜~1년 가...[3],Positive (60%),"오늘, ..., 상한가",1,"[{'title': '불안하신 분은 필독)', 'date': '2026.03.20 16:17', 'views': '320', 'likes': '13', 'dislikes': '5', 'link': '/item/board_read.naver?code=036930&nid=415513340&page=2', 'score': 710}, {'title': '+소부장 Top Pickup 1으로 찜~1년 가...[3]', 'date': '2026.03.20 16:49', 'views': '183', 'likes': '11', 'dislikes': '4', 'link': '/item/board_read.naver?code=036930&nid=415515572&page=1', 'score': 513}, {'title': '월요일도...15~20% 내외 상승 예상[4]', 'date': '2026.03.20 15:20', 'views': '249', 'likes': '10', 'dislikes': '7', 'link': '/item/board_read.naver?code=036930&nid=415506370&page=3', 'score': 549}, {'title': '외국인 역대급 매수', 'date': '2026.03.20 16:13', 'views': '221', 'likes': '9', 'dislikes': '2', 'link': '/item/board_read.naver?code=036930&nid=415512980&page=2', 'score': 491}, {'title': '한미반도체가 본딩장비로 재평가 받았듯이[2]', 'date': '2026.03.20 14:31', 'views': '205', 'likes': '9', 'dislikes': '2', 'link': '/item/board_read.naver?code=036930&nid=415498603&page=4', 'score': 475}, {'title': '이 정도면 쩜상 가야지[1]', 'date': '2026.03.20 12:09', 'views': '221', 'likes': '9', 'dislikes': '1', 'link': '/item/board_read.naver?code=036930&nid=415477137&page=6', 'score': 491}, {'title': '뉴스 보셨죠? -  삼전의 M&A 가능성 대두....[9]', 'date': '2026.03.20 18:43', 'views': '322', 'likes': '8', 'dislikes': '6', 'link': '/item/board_read.naver?code=036930&nid=415522176&page=1', 'score': 562}, {'title': '고맙다 시외에서 싸게 던져줘서[1]', 'date': '2026.03.20 18:07', 'views': '93', 'likes': '7', 'dislikes': '3', 'link': '/item/board_read.naver?code=036930&nid=415520385&page=1', 'score': 303}, {'title': '공매도는 숏커버 안할까?[2]', 'date': '2026.03.20 16:04', 'views': '193', 'likes': '7', 'dislikes': '2', 'link': '/item/board_read.naver?code=036930&nid=415512174&page=2', 'score': 403}, {'title': '본드로 시가 총액 30조---- 신노광장비...', 'date': '2026.03.20 10:21', 'views': '143', 'likes': '7', 'dislikes': '0', 'link': '/item/board_read.naver?code=036930&nid=415457543&page=8', 'score': 353}]",036930
우진,31200,+19.31%,123,11.47%,KOSPI,26150.0,9.43%,원전해체1위[1] / [AI 요약] 우진의 단일판매ㆍ공급계약 ...[1] / 시간외 5시 30분후에 만주 몰빵[1] / ■우리기술 > 우진으로 순환매 첫 도입이네요!...,Positive (87%),"오늘, 우진, 이상",1,"[{'title': '원전해체1위[1]', 'date': '2026.03.20 10:17', 'views': '330', 'likes': '11', 'dislikes': '0', 'link': '/item/board_read.naver?code=105840&nid=415456769&page=6', 'score': 660}, {'title': '■우리기술 > 우진으로 순환매 첫 도입이네요!...', 'date': '2026.03.20 15:33', 'views': '64', 'likes': '9', 'dislikes': '0', 'link': '/item/board_read.naver?code=105840&nid=415508292&page=2', 'score': 334}, {'title': '님들 시총 2조 가능하다고 보심????', 'date': '2026.03.20 15:23', 'views': '46', 'likes': '6', 'dislikes': '1', 'link': '/item/board_read.naver?code=105840&nid=415506832&page=2', 'score': 226}, {'title': '종가 풀매수[1]', 'date': '2026.03.20 15:55', 'views': '104', 'likes': '5', 'dislikes': '1', 'link': '/item/board_read.naver?code=105840&nid=415511288&page=1', 'score': 254}, {'title': '어디가 찐일까?', 'date': '2026.03.20 15:15', 'views': '48', 'likes': '5', 'dislikes': '0', 'link': '/item/board_read.naver?code=105840&nid=415505510&page=2', 'score': 198}, {'title': '상가자[1]', 'date': '2026.03.20 14:37', 'views': '89', 'likes': '5', 'dislikes': '0', 'link': '/item/board_read.naver?code=105840&nid=415499569&page=3', 'score': 239}, {'title': '[AI 요약] 우진의 단일판매ㆍ공급계약 ...[1]', 'date': '2026.03.20 13:55', 'views': '244', 'likes': '5', 'dislikes': '0', 'link': '/item/board_read.naver?code=105840&nid=415492926&page=4', 'score': 394}, {'title': '시간외 5시 30분후에 만주 몰빵[1]', 'date': '2026.03.20 15:44', 'views': '215', 'likes': '4', 'dislikes': '1', 'link': '/item/board_read.naver?code=105840&nid=415509911&page=1', 'score': 335}, {'title': '물린 주주들도 없고[1]', 'date': '2026.03.20 15:42', 'views': '109', 'likes': '4', 'dislikes': '1', 'link': '/item/board_read.naver?code=105840&nid=415509703&page=1', 'score': 229}, {'title': '개미 50만주 매도 외인기관50만주 매수[1]', 'date': '2026.03.20 15:39', 'views': '93', 'likes': '4', 'dislikes': '2', 'link': '/item/board_read.naver?code=105840&nid=415509272&page=1', 'score': 213}]",105840
SK증권,2585,+18.58%,756,7.03%,KOSPI,2180.0,6.40%,봐라 또 개미들만 팔았제 ?[2] / ㅎ ㅎ ㅎ / 오늘의 시황//그리고 액면병합 모멘텀은 계속 유...[1] / 개인만 열라게[2],Positive (62%),"오늘, 프로그램, 상한가",1,"[{'title': '개인만 열라게[2]', 'date': '2026.03.20 15:42', 'views': '216', 'likes': '16', 'dislikes': '2', 'link': '/item/board_read.naver?code=001510&nid=415509682&page=4', 'score': 696}, {'title': '봐라 또 개미들만 팔았제 ?[2]', 'date': '2026.03.20 15:36', 'views': '491', 'likes': '16', 'dislikes': '1', 'link': '/item/board_read.naver?code=001510&nid=415508782&page=4', 'score': 971}, {'title': '오늘의 시황//그리고 액면병합 모멘텀은 계속 유...[1]', 'date': '2026.03.20 18:59', 'views': '352', 'likes': '14', 'dislikes': '3', 'link': '/item/board_read.naver?code=001510&nid=415522976&page=1', 'score': 772}, {'title': '솔직히 형들', 'date': '2026.03.20 17:50', 'views': '293', 'likes': '13', 'dislikes': '4', 'link': '/item/board_read.naver?code=001510&nid=415519424&page=2', 'score': 683}, {'title': '증권주 비교하면 적정가 5~6천이상은 가야...[2]', 'date': '2026.03.20 15:59', 'views': '290', 'likes': '13', 'dislikes': '2', 'link': '/item/board_read.naver?code=001510&nid=415511679&page=4', 'score': 680}, {'title': 'ㅎ ㅎ ㅎ', 'date': '2026.03.20 18:09', 'views': '541', 'likes': '12', 'dislikes': '3', 'link': '/item/board_read.naver?code=001510&nid=415520530&page=1', 'score': 901}, {'title': '아직 저평가 야', 'date': '2026.03.20 18:41', 'views': '166', 'likes': '11', 'dislikes': '2', 'link': '/item/board_read.naver?code=001510&nid=415522092&page=1', 'score': 496}, {'title': '개미 짜였네 짜였어ㅋㅋㅋ[1]', 'date': '2026.03.20 15:38', 'views': '200', 'likes': '11', 'dislikes': '0', 'link': '/item/board_read.naver?code=001510&nid=415509133&page=4', 'score': 530}, {'title': '또 개미만 털림', 'date': '2026.03.20 15:36', 'views': '274', 'likes': '11', 'dislikes': '1', 'link': '/item/board_read.naver?code=001510&nid=415508740&page=4', 'score': 604}, {'title': '길게 보세요 거래량은 못 속입니다 1차 300...', 'date': '2026.03.20 15:32', 'views': '238', 'likes': '11', 'dislikes': '2', 'link': '/item/board_read.naver?code=001510&nid=415508198&page=5', 'score': 568}]",001510
대우건설,19110,+18.18%,800,11.54%,KOSPI,16170.0,11.28%,시간외  단가~~~~[4] / 투자 경보는 시총 100위내에는 해당안됨 '중복...[1] / 월요일엄청쏠듯[2] / 상한가  한방없이 여지껏  이리 말아올린  주...[2],Positive (61%),"오늘, 대우건설, 이거",1,"[{'title': '시간외  단가~~~~[4]', 'date': '2026.03.20 18:01', 'views': '991', 'likes': '39', 'dislikes': '0', 'link': '/item/board_read.naver?code=047040&nid=415520059&page=1', 'score': 2161}, {'title': ""투자 경보는 시총 100위내에는 해당안됨 '중복...[1]"", 'date': '2026.03.20 18:31', 'views': '614', 'likes': '38', 'dislikes': '1', 'link': '/item/board_read.naver?code=047040&nid=415521635&page=1', 'score': 1754}, {'title': '대우야 니가 삼전 하닉 현기차보다 효자다......', 'date': '2026.03.20 15:55', 'views': '194', 'likes': '35', 'dislikes': '0', 'link': '/item/board_read.naver?code=047040&nid=415511194&page=4', 'score': 1244}, {'title': '월요일엄청쏠듯[2]', 'date': '2026.03.20 17:15', 'views': '601', 'likes': '33', 'dislikes': '3', 'link': '/item/board_read.naver?code=047040&nid=415517331&page=2', 'score': 1591}, {'title': '금일 상한가 21,000원[1]', 'date': '2026.03.20 11:13', 'views': '146', 'likes': '33', 'dislikes': '5', 'link': '/item/board_read.naver?code=047040&nid=415467547&page=30', 'score': 1136}, {'title': '상한가  한방없이 여지껏  이리 말아올린  주...[2]', 'date': '2026.03.20 15:51', 'views': '468', 'likes': '32', 'dislikes': '0', 'link': '/item/board_read.naver?code=047040&nid=415510710&page=4', 'score': 1428}, {'title': '2만원 가면 호가 50원씩~~', 'date': '2026.03.20 15:52', 'views': '185', 'likes': '27', 'dislikes': '1', 'link': '/item/board_read.naver?code=047040&nid=415510815&page=4', 'score': 995}, {'title': '5년 기다린 보람있네요.[3]', 'date': '2026.03.20 16:04', 'views': '547', 'likes': '26', 'dislikes': '0', 'link': '/item/board_read.naver?code=047040&nid=415512192&page=4', 'score': 1327}, {'title': '월요일에 갭 뜰 것 같은데', 'date': '2026.03.20 17:53', 'views': '110', 'likes': '23', 'dislikes': '1', 'link': '/item/board_read.naver?code=047040&nid=415519631&page=1', 'score': 800}, {'title': '10만원  직행......[1]', 'date': '2026.03.20 16:24', 'views': '287', 'likes': '23', 'dislikes': '2', 'link': '/item/board_read.naver?code=047040&nid=415513878&page=3', 'score': 977}]",047040
하림지주,17700,+17.22%,212,8.95%,KOSDAQ,15100.0,7.67%,묻어 두면  몇배 ![1] / 매집중[3] / 차트충은 아니지만...[4] / 안녕하세요 차티스트입니다.,Positive (64%),"형이, 오늘, 양재동",1,"[{'title': '양재동 상법', 'date': '2026.03.20 14:59', 'views': '244', 'likes': '21', 'dislikes': '2', 'link': '/item/board_read.naver?code=003380&nid=415502969&page=2', 'score': 874}, {'title': '매집중[3]', 'date': '2026.03.20 11:18', 'views': '385', 'likes': '21', 'dislikes': '4', 'link': '/item/board_read.naver?code=003380&nid=415468347&page=6', 'score': 1015}, {'title': '[하림지주 공유][3]', 'date': '2026.03.20 10:37', 'views': '227', 'likes': '18', 'dislikes': '1', 'link': '/item/board_read.naver?code=003380&nid=415460583&page=8', 'score': 767}, {'title': '안녕하세요 차티스트입니다.', 'date': '2026.03.20 16:20', 'views': '394', 'likes': '17', 'dislikes': '3', 'link': '/item/board_read.naver?code=003380&nid=415513578&page=1', 'score': 904}, {'title': '묻어 두면  몇배 ![1]', 'date': '2026.03.20 15:44', 'views': '549', 'likes': '16', 'dislikes': '2', 'link': '/item/board_read.naver?code=003380&nid=415509939&page=2', 'score': 1029}, {'title': '차트충은 아니지만...[4]', 'date': '2026.03.20 15:32', 'views': '461', 'likes': '16', 'dislikes': '0', 'link': '/item/board_read.naver?code=003380&nid=415508104&page=2', 'score': 941}, {'title': '갈 수 밖에 없는 이유', 'date': '2026.03.20 14:41', 'views': '167', 'likes': '15', 'dislikes': '1', 'link': '/item/board_read.naver?code=003380&nid=415500156&page=3', 'score': 617}, {'title': '월요일 20000원 찍고 화요일 발표하자[1]', 'date': '2026.03.20 13:41', 'views': '201', 'likes': '15', 'dislikes': '3', 'link': '/item/board_read.naver?code=003380&nid=415490894&page=4', 'score': 651}, {'title': '팩트 공유~ 3/17일 2시 양재동 부지 건...[1]', 'date': '2026.03.20 12:08', 'views': '362', 'likes': '15', 'dislikes': '1', 'link': '/item/board_read.naver?code=003380&nid=415476901&page=6', 'score': 812}, {'title': '오늘은 지주사들 날이구만', 'date': '2026.03.20 11:35', 'views': '110', 'likes': '13', 'dislikes': '2', 'link': '/item/board_read.naver?code=003380&nid=415471552&page=6', 'score': 500}]",003380
지투파워,13500,+15.29%,116,8.40%,KOSDAQ,11710.0,4.86%,오랜만에 글써봅니다.[3] / 3년의 저항 뚫음 / 신고가 영역이라 / ▣ 1.4만 터치하는 순간...,Positive (57%),"윗꼬리, 내가, 이상",1,"[{'title': '오랜만에 글써봅니다.[3]', 'date': '2026.03.20 13:40', 'views': '291', 'likes': '6', 'dislikes': '1', 'link': '/item/board_read.naver?code=388050&nid=415490676&page=3', 'score': 471}, {'title': '3년의 저항 뚫음', 'date': '2026.03.20 16:28', 'views': '90', 'likes': '4', 'dislikes': '2', 'link': '/item/board_read.naver?code=388050&nid=415514142&page=1', 'score': 210}, {'title': '다음주 대장 이겠네', 'date': '2026.03.20 15:21', 'views': '43', 'likes': '3', 'dislikes': '1', 'link': '/item/board_read.naver?code=388050&nid=415506512&page=1', 'score': 133}, {'title': '신고가 영역이라', 'date': '2026.03.20 13:36', 'views': '72', 'likes': '3', 'dislikes': '0', 'link': '/item/board_read.naver?code=388050&nid=415490070&page=3', 'score': 162}, {'title': '<진짜 한결같다 너도.', 'date': '2026.03.20 11:01', 'views': '36', 'likes': '3', 'dislikes': '0', 'link': '/item/board_read.naver?code=388050&nid=415465467&page=4', 'score': 126}, {'title': '여기 주포 개양이라 윗꼬리 조심하소', 'date': '2026.03.20 11:01', 'views': '26', 'likes': '3', 'dislikes': '0', 'link': '/item/board_read.naver?code=388050&nid=415465361&page=4', 'score': 116}, {'title': '4만 이상은 가이지♡', 'date': '2026.03.20 19:03', 'views': '16', 'likes': '2', 'dislikes': '0', 'link': '/item/board_read.naver?code=388050&nid=415523174&page=1', 'score': 76}, {'title': '▣ 1.4만 터치하는 순간...', 'date': '2026.03.20 11:32', 'views': '74', 'likes': '2', 'dislikes': '0', 'link': '/item/board_read.naver?code=388050&nid=415471054&page=3', 'score': 134}, {'title': '윗꼬리 전문 상한가 없는 종목임[1]', 'date': '2026.03.20 10:49', 'views': '31', 'likes': '2', 'dislikes': '0', 'link': '/item/board_read.naver?code=388050&nid=415462920&page=4', 'score': 91}, {'title': '이게', 'date': '2026.03.20 10:35', 'views': '22', 'likes': '2', 'dislikes': '0', 'link': '/item/board_read.naver?code=388050&nid=415460191&page=4', 'score': 82}]",388050
카나프테라퓨틱스,52200,+14.98%,297,1.47%,KOSDAQ,45400.0,0.51%,목표가 10만원 갑시다.[2] / 시외상이가?[2] / 참 이상해.. 3분기 기준 아이엠바이오로직스 ... / 단일가로 상승할 확률이 높아보이네요[1],Positive (58%),"오늘은, 오늘, 아이엠",1,"[{'title': '목표가 10만원 갑시다.[2]', 'date': '2026.03.20 15:55', 'views': '249', 'likes': '10', 'dislikes': '1', 'link': '/item/board_read.naver?code=0082N0&nid=415511206&page=3', 'score': 549}, {'title': '시외상이가?[2]', 'date': '2026.03.20 15:46', 'views': '134', 'likes': '8', 'dislikes': '1', 'link': '/item/board_read.naver?code=0082N0&nid=415510141&page=3', 'score': 374}, {'title': '면역항암제[1]', 'date': '2026.03.20 14:48', 'views': '55', 'likes': '7', 'dislikes': '1', 'link': '/item/board_read.naver?code=0082N0&nid=415501211&page=7', 'score': 265}, {'title': '참 이상해.. 3분기 기준 아이엠바이오로직스 ...', 'date': '2026.03.20 09:16', 'views': '116', 'likes': '7', 'dislikes': '0', 'link': '/item/board_read.naver?code=0082N0&nid=415441602&page=14', 'score': 326}, {'title': '매동! 외인/기관 양끌이 매수~[1]', 'date': '2026.03.20 15:36', 'views': '80', 'likes': '6', 'dislikes': '0', 'link': '/item/board_read.naver?code=0082N0&nid=415508796&page=3', 'score': 260}, {'title': '또 속았수다', 'date': '2026.03.20 12:36', 'views': '25', 'likes': '6', 'dislikes': '0', 'link': '/item/board_read.naver?code=0082N0&nid=415480879&page=9', 'score': 205}, {'title': '단일가로 상승할 확률이 높아보이네요[1]', 'date': '2026.03.20 15:42', 'views': '168', 'likes': '5', 'dislikes': '3', 'link': '/item/board_read.naver?code=0082N0&nid=415509687&page=3', 'score': 318}, {'title': '어짜피[1]', 'date': '2026.03.20 14:09', 'views': '51', 'likes': '5', 'dislikes': '1', 'link': '/item/board_read.naver?code=0082N0&nid=415495129&page=8', 'score': 201}, {'title': '재미없네', 'date': '2026.03.20 12:57', 'views': '16', 'likes': '5', 'dislikes': '0', 'link': '/item/board_read.naver?code=0082N0&nid=415483933&page=9', 'score': 166}, {'title': '어제 기도가 통했네[2]', 'date': '2026.03.20 11:58', 'views': '39', 'likes': '5', 'dislikes': '1', 'link': '/item/board_read.naver?code=0082N0&nid=415475444&page=10', 'score': 189}]",0082N0
에이프로젠,343,+14.33%,116,6.75%,KOSPI,300.0,7.76%,감사보고서 장종료 하고 나올거임.담주450원 넘으...[2] / 이회사는 진짜[1] / 느낌에...[1] / 20연상 가야지[1],Positive (69%),"-오빠들, 이상, 상승했어요",1,"[{'title': '이회사는 진짜[1]', 'date': '2026.03.20 10:56', 'views': '72', 'likes': '7', 'dislikes': '2', 'link': '/item/board_read.naver?code=007460&nid=415464456&page=3', 'score': 282}, {'title': '20연상 가야지[1]', 'date': '2026.03.20 09:30', 'views': '80', 'likes': '6', 'dislikes': '1', 'link': '/item/board_read.naver?code=007460&nid=415445608&page=5', 'score': 260}, {'title': '기술적 반등일 뿐,,,ㅎㅎ[2]', 'date': '2026.03.20 16:55', 'views': '76', 'likes': '5', 'dislikes': '2', 'link': '/item/board_read.naver?code=007460&nid=415515936&page=1', 'score': 226}, {'title': '오늘360원 안착[1]', 'date': '2026.03.20 14:58', 'views': '90', 'likes': '5', 'dislikes': '3', 'link': '/item/board_read.naver?code=007460&nid=415502818&page=1', 'score': 240}, {'title': '장 끝나고', 'date': '2026.03.20 14:57', 'views': '52', 'likes': '5', 'dislikes': '2', 'link': '/item/board_read.naver?code=007460&nid=415502648&page=1', 'score': 202}, {'title': '감사보고서 장종료 하고 나올거임.담주450원 넘으...[2]', 'date': '2026.03.20 14:42', 'views': '243', 'likes': '5', 'dislikes': '10', 'link': '/item/board_read.naver?code=007460&nid=415500219&page=1', 'score': 393}, {'title': '또 이러네... 재섭고 정줄논 넘드라[1]', 'date': '2026.03.20 11:45', 'views': '48', 'likes': '5', 'dislikes': '2', 'link': '/item/board_read.naver?code=007460&nid=415473398&page=3', 'score': 198}, {'title': '불쌍한 개미들....[1]', 'date': '2026.03.20 16:04', 'views': '130', 'likes': '4', 'dislikes': '4', 'link': '/item/board_read.naver?code=007460&nid=415512154&page=1', 'score': 250}, {'title': '느낌에...[1]', 'date': '2026.03.20 13:26', 'views': '160', 'likes': '4', 'dislikes': '2', 'link': '/item/board_read.naver?code=007460&nid=415488389&page=2', 'score': 280}, {'title': '원전주', 'date': '2026.03.20 11:44', 'views': '74', 'likes': '4', 'dislikes': '0', 'link': '/item/board_read.naver?code=007460&nid=415473151&page=3', 'score': 194}]",007460
삼천당제약,907000,+14.09%,630,6.20%,KOSDAQ,795000.0,5.89%,"[[[삼천당꿈(시즌2)]]] - 삼천당의 자신...[18] / [[[삼천당꿈(시즌2)]]]  -경구인슐린 100...[26] / 공매와 안티야, 형이야[11] / 3월 주총과 4월 20일 IR에서 듣고 싶...[5]",Positive (61%),"코스닥, 삼천당, 오늘",1,"[{'title': '[[[삼천당꿈(시즌2)]]] - 삼천당의 자신...[18]', 'date': '2026.03.20 09:05', 'views': '1321', 'likes': '145', 'dislikes': '2', 'link': '/item/board_read.naver?code=000250&nid=415438916&page=31', 'score': 5671}, {'title': '[[[삼천당꿈(시즌2)]]]  -경구인슐린 100...[26]', 'date': '2026.03.20 12:05', 'views': '615', 'likes': '141', 'dislikes': '1', 'link': '/item/board_read.naver?code=000250&nid=415476519&page=15', 'score': 4845}, {'title': '공매와 안티야, 형이야[11]', 'date': '2026.03.20 16:41', 'views': '454', 'likes': '92', 'dislikes': '1', 'link': '/item/board_read.naver?code=000250&nid=415515012&page=4', 'score': 3214}, {'title': '나의 10대 소원[8]', 'date': '2026.03.20 15:53', 'views': '420', 'likes': '90', 'dislikes': '1', 'link': '/item/board_read.naver?code=000250&nid=415510993&page=5', 'score': 3120}, {'title': '터제파타이드 경구용 daily & weekly...[9]', 'date': '2026.03.20 15:40', 'views': '554', 'likes': '88', 'dislikes': '0', 'link': '/item/board_read.naver?code=000250&nid=415509385&page=6', 'score': 3194}, {'title': '가슴이 또[5]', 'date': '2026.03.20 16:10', 'views': '566', 'likes': '84', 'dislikes': '2', 'link': '/item/board_read.naver?code=000250&nid=415512731&page=4', 'score': 3086}, {'title': '3월 주총과 4월 20일 IR에서 듣고 싶...[5]', 'date': '2026.03.20 16:56', 'views': '751', 'likes': '82', 'dislikes': '5', 'link': '/item/board_read.naver?code=000250&nid=415515999&page=4', 'score': 3211}, {'title': 'PeternAnne님 감사합니다^^[7]', 'date': '2026.03.20 15:57', 'views': '377', 'likes': '79', 'dislikes': '0', 'link': '/item/board_read.naver?code=000250&nid=415511422&page=5', 'score': 2747}, {'title': '주주분들, 코스닥 1위 달성을 축하드립니다[5]', 'date': '2026.03.20 18:01', 'views': '422', 'likes': '78', 'dislikes': '0', 'link': '/item/board_read.naver?code=000250&nid=415520063&page=2', 'score': 2762}, {'title': '대한민국에 위해주 애널리스트 말고 전부 외...[3]', 'date': '2026.03.20 18:31', 'views': '464', 'likes': '73', 'dislikes': '0', 'link': '/item/board_read.naver?code=000250&nid=415521650&page=2', 'score': 2654}]",000250
아남전자,1774,+12.71%,105,2.10%,KOSPI,1574.0,1.99%,9년 만에 주총참여[1] / 전체주식 33%나 매수+소각은.증시역사 최초.....[1] / 3연상간다[2] / 욕심없이 잘 먹고갑니다,Positive (64%),"공개매수, 이상, 상승했어요",1,"[{'title': '9년 만에 주총참여[1]', 'date': '2026.03.20 11:40', 'views': '421', 'likes': '25', 'dislikes': '0', 'link': '/item/board_read.naver?code=008700&nid=415472484&page=3', 'score': 1171}, {'title': '3연상간다[2]', 'date': '2026.03.20 09:11', 'views': '175', 'likes': '7', 'dislikes': '1', 'link': '/item/board_read.naver?code=008700&nid=415440381&page=5', 'score': 385}, {'title': '전체주식 33%나 매수+소각은.증시역사 최초.....[1]', 'date': '2026.03.20 16:36', 'views': '241', 'likes': '6', 'dislikes': '0', 'link': '/item/board_read.naver?code=008700&nid=415514670&page=1', 'score': 421}, {'title': '욕심없이 잘 먹고갑니다', 'date': '2026.03.20 09:06', 'views': '176', 'likes': '6', 'dislikes': '1', 'link': '/item/board_read.naver?code=008700&nid=415439116&page=5', 'score': 356}, {'title': '매수가 1560원보다 올라가면', 'date': '2026.03.20 08:21', 'views': '85', 'likes': '6', 'dislikes': '0', 'link': '/item/board_read.naver?code=008700&nid=415432634&page=6', 'score': 265}, {'title': '유통주식 반을. 소각 5연상', 'date': '2026.03.20 11:27', 'views': '104', 'likes': '5', 'dislikes': '4', 'link': '/item/board_read.naver?code=008700&nid=415470137&page=3', 'score': 254}, {'title': '매각 포지션 보다 엠엔에이 인것같다[3]', 'date': '2026.03.20 10:43', 'views': '168', 'likes': '5', 'dislikes': '2', 'link': '/item/board_read.naver?code=008700&nid=415461642&page=3', 'score': 318}, {'title': '공개매수 소각 한다는건', 'date': '2026.03.20 09:01', 'views': '66', 'likes': '5', 'dislikes': '1', 'link': '/item/board_read.naver?code=008700&nid=415437807&page=5', 'score': 216}, {'title': '36층 주민입니다.', 'date': '2026.03.20 15:56', 'views': '92', 'likes': '4', 'dislikes': '1', 'link': '/item/board_read.naver?code=008700&nid=415511332&page=1', 'score': 212}, {'title': '시작 동시호가 끝나는 동시호가[1]', 'date': '2026.03.20 15:31', 'views': '111', 'likes': '4', 'dislikes': '0', 'link': '/item/board_read.naver?code=008700&nid=415507932&page=1', 'score': 231}]",008700
휴림에이텍,1020,+11.84%,140,2.63%,KOSDAQ,912.0,1.31%,휴림로봇과 키맞춤 할거야[3] / ■제2의 우리기술주다[1] / 텐버거 종목 같다[1] / 헤헤헤헤[1],Positive (64%),"..., 이상, 3시",1,"[{'title': '상철아 ㅡ', 'date': '2026.03.20 13:55', 'views': '27', 'likes': '8', 'dislikes': '0', 'link': '/item/board_read.naver?code=078590&nid=415492834&page=4', 'score': 267}, {'title': '헤헤헤헤[1]', 'date': '2026.03.20 16:50', 'views': '63', 'likes': '7', 'dislikes': '1', 'link': '/item/board_read.naver?code=078590&nid=415515630&page=1', 'score': 273}, {'title': '공포에사라', 'date': '2026.03.20 14:38', 'views': '28', 'likes': '7', 'dislikes': '1', 'link': '/item/board_read.naver?code=078590&nid=415499587&page=2', 'score': 238}, {'title': '텐버거 종목 같다[1]', 'date': '2026.03.20 15:33', 'views': '138', 'likes': '6', 'dislikes': '2', 'link': '/item/board_read.naver?code=078590&nid=415508262&page=1', 'score': 318}, {'title': '신바거!', 'date': '2026.03.20 14:37', 'views': '22', 'likes': '6', 'dislikes': '1', 'link': '/item/board_read.naver?code=078590&nid=415499557&page=2', 'score': 202}, {'title': '대차게 들어올려라~~~~~', 'date': '2026.03.20 14:24', 'views': '26', 'likes': '6', 'dislikes': '1', 'link': '/item/board_read.naver?code=078590&nid=415497582&page=3', 'score': 206}, {'title': '상 상 상', 'date': '2026.03.20 13:51', 'views': '29', 'likes': '6', 'dislikes': '1', 'link': '/item/board_read.naver?code=078590&nid=415492355&page=4', 'score': 209}, {'title': '천원 뚫기[1]', 'date': '2026.03.20 13:26', 'views': '81', 'likes': '6', 'dislikes': '1', 'link': '/item/board_read.naver?code=078590&nid=415488372&page=5', 'score': 261}, {'title': '■제2의 우리기술주다[1]', 'date': '2026.03.20 12:39', 'views': '192', 'likes': '6', 'dislikes': '3', 'link': '/item/board_read.naver?code=078590&nid=415481237&page=5', 'score': 372}, {'title': '휴림로봇과 키맞춤 할거야[3]', 'date': '2026.03.20 12:07', 'views': '559', 'likes': '6', 'dislikes': '0', 'link': '/item/board_read.naver?code=078590&nid=415476887&page=5', 'score': 739}]",078590
SK이터닉스,59900,+11.55%,800,2.67%,KOSPI,53700.0,3.00%,60층 이상에서 마음고생 중인 주주분들을 위해[4] / 66500원에 신용으로 산거 손절하고 간다[5] / 다음주엔 앞자리7?[1] / 66500에 풀신용 지른 1인입니다[3],Negative (66%),"오늘, 투경, ...",1,"[{'title': '60층 이상에서 마음고생 중인 주주분들을 위해[4]', 'date': '2026.03.20 18:03', 'views': '489', 'likes': '21', 'dislikes': '2', 'link': '/item/board_read.naver?code=475150&nid=415520191&page=3', 'score': 1119}, {'title': 'SK다[1]', 'date': '2026.03.20 18:56', 'views': '144', 'likes': '15', 'dislikes': '6', 'link': '/item/board_read.naver?code=475150&nid=415522858&page=2', 'score': 594}, {'title': '다음주엔 앞자리7?[1]', 'date': '2026.03.20 14:30', 'views': '332', 'likes': '15', 'dislikes': '4', 'link': '/item/board_read.naver?code=475150&nid=415498430&page=14', 'score': 782}, {'title': '[매동] 실시간 매매추이 5차', 'date': '2026.03.20 14:25', 'views': '227', 'likes': '14', 'dislikes': '3', 'link': '/item/board_read.naver?code=475150&nid=415497771&page=14', 'score': 647}, {'title': '물렸으면 지금 넥장에서 판매할거 아니면 그냥...[1]', 'date': '2026.03.20 17:30', 'views': '185', 'likes': '13', 'dislikes': '5', 'link': '/item/board_read.naver?code=475150&nid=415518308&page=5', 'score': 575}, {'title': '상한가ㄱㄱ', 'date': '2026.03.20 16:10', 'views': '64', 'likes': '13', 'dislikes': '3', 'link': '/item/board_read.naver?code=475150&nid=415512777&page=7', 'score': 454}, {'title': '66500에 풀신용 지른 1인입니다[3]', 'date': '2026.03.20 15:01', 'views': '262', 'likes': '13', 'dislikes': '5', 'link': '/item/board_read.naver?code=475150&nid=415503210&page=12', 'score': 652}, {'title': '간단히 얘기한다 시총 20조 넘는다', 'date': '2026.03.20 19:18', 'views': '229', 'likes': '12', 'dislikes': '2', 'link': '/item/board_read.naver?code=475150&nid=415523855&page=2', 'score': 589}, {'title': '차라리', 'date': '2026.03.20 16:10', 'views': '109', 'likes': '12', 'dislikes': '1', 'link': '/item/board_read.naver?code=475150&nid=415512730&page=7', 'score': 469}, {'title': '66500원에 신용으로 산거 손절하고 간다[5]', 'date': '2026.03.20 16:18', 'views': '530', 'likes': '11', 'dislikes': '2', 'link': '/item/board_read.naver?code=475150&nid=415513374&page=7', 'score': 860}]",475150
진흥기업,1150,+10.05%,177,0.76%,KOSPI,1045.0,1.61%,간판부터 바꾸면 안되나? / 화가..많이 나시죠~[1] / 오늘 외국인 120만주 나감 / 이제1파 상승했다[2],Positive (68%),"오늘, 상한가, 진흥",1,"[{'title': '간판부터 바꾸면 안되나?', 'date': '2026.03.20 16:08', 'views': '103', 'likes': '15', 'dislikes': '1', 'link': '/item/board_read.naver?code=002780&nid=415512538&page=1', 'score': 553}, {'title': '오늘 외국인 120만주 나감', 'date': '2026.03.20 14:46', 'views': '94', 'likes': '13', 'dislikes': '5', 'link': '/item/board_read.naver?code=002780&nid=415500919&page=2', 'score': 484}, {'title': '화가..많이 나시죠~[1]', 'date': '2026.03.20 15:10', 'views': '201', 'likes': '10', 'dislikes': '3', 'link': '/item/board_read.naver?code=002780&nid=415504779&page=2', 'score': 501}, {'title': '난진흥이가 효성하고 잘하길 빌어', 'date': '2026.03.20 14:46', 'views': '57', 'likes': '9', 'dislikes': '1', 'link': '/item/board_read.naver?code=002780&nid=415500896&page=2', 'score': 327}, {'title': '27프로[2]', 'date': '2026.03.20 14:36', 'views': '124', 'likes': '9', 'dislikes': '2', 'link': '/item/board_read.naver?code=002780&nid=415499375&page=2', 'score': 394}, {'title': '날마다[5]', 'date': '2026.03.20 12:12', 'views': '71', 'likes': '9', 'dislikes': '0', 'link': '/item/board_read.naver?code=002780&nid=415477539&page=6', 'score': 341}, {'title': '호재가 넘사라 내가봤을땐 삼표처럼 1만 찍는...[3]', 'date': '2026.03.20 13:36', 'views': '127', 'likes': '8', 'dislikes': '0', 'link': '/item/board_read.naver?code=002780&nid=415490049&page=4', 'score': 367}, {'title': '3000 올까요 몇년전 오세훈 출마할때 물렸...', 'date': '2026.03.20 13:20', 'views': '47', 'likes': '8', 'dislikes': '1', 'link': '/item/board_read.naver?code=002780&nid=415487402&page=4', 'score': 287}, {'title': '전력설비', 'date': '2026.03.20 08:03', 'views': '54', 'likes': '8', 'dislikes': '0', 'link': '/item/board_read.naver?code=002780&nid=415430271&page=9', 'score': 294}, {'title': '이제1파 상승했다[2]', 'date': '2026.03.20 16:25', 'views': '221', 'likes': '7', 'dislikes': '2', 'link': '/item/board_read.naver?code=002780&nid=415513930&page=1', 'score': 431}]",002780
한화투자증권,7920,+7.32%,106,6.42%,KOSPI,7380.0,6.45%,오늘 상한가한방~~~~![1] / 다음주 / 내 평단[1] / 쫄거있나? 담주 슈팅 나올듯[1],Positive (87%),"오늘, SK, 종가",1,"[{'title': '오늘 상한가한방~~~~![1]', 'date': '2026.03.20 10:04', 'views': '222', 'likes': '13', 'dislikes': '1', 'link': '/item/board_read.naver?code=003530&nid=415453916&page=5', 'score': 612}, {'title': '다음주', 'date': '2026.03.20 15:07', 'views': '182', 'likes': '12', 'dislikes': '6', 'link': '/item/board_read.naver?code=003530&nid=415504261&page=1', 'score': 542}, {'title': '내 평단[1]', 'date': '2026.03.20 12:12', 'views': '145', 'likes': '8', 'dislikes': '2', 'link': '/item/board_read.naver?code=003530&nid=415477564&page=4', 'score': 385}, {'title': '어이가없네 8000을넘겨버리네[1]', 'date': '2026.03.20 12:10', 'views': '70', 'likes': '8', 'dislikes': '1', 'link': '/item/board_read.naver?code=003530&nid=415477276&page=4', 'score': 310}, {'title': '쫄거있나? 담주 슈팅 나올듯[1]', 'date': '2026.03.20 17:18', 'views': '148', 'likes': '7', 'dislikes': '2', 'link': '/item/board_read.naver?code=003530&nid=415517562&page=1', 'score': 358}, {'title': '담주부터 오를거에용', 'date': '2026.03.20 16:55', 'views': '46', 'likes': '7', 'dislikes': '2', 'link': '/item/board_read.naver?code=003530&nid=415515972&page=1', 'score': 256}, {'title': '2018년 10월 부터 보유[3]', 'date': '2026.03.20 13:15', 'views': '139', 'likes': '6', 'dislikes': '0', 'link': '/item/board_read.naver?code=003530&nid=415486541&page=3', 'score': 319}, {'title': '힘내라힘!!!', 'date': '2026.03.20 10:46', 'views': '26', 'likes': '6', 'dislikes': '0', 'link': '/item/board_read.naver?code=003530&nid=415462376&page=5', 'score': 206}, {'title': '드디어 골든 크로스 !!!', 'date': '2026.03.20 10:17', 'views': '42', 'likes': '6', 'dislikes': '0', 'link': '/item/board_read.naver?code=003530&nid=415456712&page=5', 'score': 222}, {'title': '중소형주로 매수 이동 ~~~', 'date': '2026.03.20 10:02', 'views': '43', 'likes': '6', 'dislikes': '0', 'link': '/item/board_read.naver?code=003530&nid=415453587&page=5', 'score': 223}]",003530
LS머트리얼즈,25300,+6.53%,185,5.40%,KOSDAQ,23750.0,4.80%,3년 맘고생하고  쬐끔 수익 보고 갑니다[1] / 차트 정배열 완성 됬네요[3] / 내년 연말까지 들고가렵니다. 목표가 15만원[2] / 엘머,Mixed,"오늘, 시외, 상한가",1,"[{'title': '3년 맘고생하고  쬐끔 수익 보고 갑니다[1]', 'date': '2026.03.20 13:52', 'views': '261', 'likes': '15', 'dislikes': '2', 'link': '/item/board_read.naver?code=417200&nid=415492503&page=2', 'score': 711}, {'title': '차트 정배열 완성 됬네요[3]', 'date': '2026.03.20 15:55', 'views': '369', 'likes': '10', 'dislikes': '7', 'link': '/item/board_read.naver?code=417200&nid=415511278&page=1', 'score': 669}, {'title': '엘머', 'date': '2026.03.20 15:46', 'views': '125', 'likes': '10', 'dislikes': '5', 'link': '/item/board_read.naver?code=417200&nid=415510182&page=1', 'score': 425}, {'title': '오늘도', 'date': '2026.03.20 15:12', 'views': '74', 'likes': '9', 'dislikes': '2', 'link': '/item/board_read.naver?code=417200&nid=415504977&page=1', 'score': 344}, {'title': '내년 연말까지 들고가렵니다. 목표가 15만원[2]', 'date': '2026.03.20 09:23', 'views': '275', 'likes': '9', 'dislikes': '7', 'link': '/item/board_read.naver?code=417200&nid=415443758&page=7', 'score': 545}, {'title': '뚫자 !! 30,000[1]', 'date': '2026.03.20 12:12', 'views': '89', 'likes': '8', 'dislikes': '2', 'link': '/item/board_read.naver?code=417200&nid=415477559&page=3', 'score': 329}, {'title': '주가 오르니까 정신병원에서 대탈출했냐?[2]', 'date': '2026.03.20 16:59', 'views': '123', 'likes': '7', 'dislikes': '2', 'link': '/item/board_read.naver?code=417200&nid=415516220&page=1', 'score': 333}, {'title': '3만원대만가면', 'date': '2026.03.20 16:40', 'views': '94', 'likes': '7', 'dislikes': '5', 'link': '/item/board_read.naver?code=417200&nid=415514966&page=1', 'score': 304}, {'title': '두시간 기어오르고 10분만에 내려오네 잡스...', 'date': '2026.03.20 13:09', 'views': '45', 'likes': '7', 'dislikes': '1', 'link': '/item/board_read.naver?code=417200&nid=415485662&page=2', 'score': 255}, {'title': '이제[1]', 'date': '2026.03.20 12:08', 'views': '120', 'likes': '7', 'dislikes': '3', 'link': '/item/board_read.naver?code=417200&nid=415476899&page=3', 'score': 330}]",417200
한화생명,5230,+6.09%,146,6.23%,KOSPI,4930.0,6.12%,배신자 / 네이버에 저 pbr주 기사 떳으니[2] / 예금보험공사  10퍼 지분[2] / 대우건설보다는 높아야 하지않나???[1],Positive (81%),"오늘, 먹고, 이제",1,"[{'title': '배신자', 'date': '2026.03.20 15:35', 'views': '323', 'likes': '34', 'dislikes': '1', 'link': '/item/board_read.naver?code=088350&nid=415508656&page=1', 'score': 1343}, {'title': '대우건설보다는 높아야 하지않나???[1]', 'date': '2026.03.20 15:34', 'views': '129', 'likes': '26', 'dislikes': '2', 'link': '/item/board_read.naver?code=088350&nid=415508561&page=2', 'score': 909}, {'title': '예금보험공사  10퍼 지분[2]', 'date': '2026.03.20 08:20', 'views': '299', 'likes': '25', 'dislikes': '0', 'link': '/item/board_read.naver?code=088350&nid=415432488&page=8', 'score': 1049}, {'title': '네이버에 저 pbr주 기사 떳으니[2]', 'date': '2026.03.20 16:08', 'views': '373', 'likes': '23', 'dislikes': '3', 'link': '/item/board_read.naver?code=088350&nid=415512532&page=1', 'score': 1063}, {'title': '잘 먹고 가거라[2]', 'date': '2026.03.20 15:33', 'views': '270', 'likes': '20', 'dislikes': '2', 'link': '/item/board_read.naver?code=088350&nid=415508342&page=2', 'score': 870}, {'title': '2남, 금융계열분리~', 'date': '2026.03.20 13:09', 'views': '225', 'likes': '19', 'dislikes': '3', 'link': '/item/board_read.naver?code=088350&nid=415485697&page=4', 'score': 795}, {'title': '다음주[1]', 'date': '2026.03.20 17:10', 'views': '82', 'likes': '18', 'dislikes': '1', 'link': '/item/board_read.naver?code=088350&nid=415517019&page=1', 'score': 622}, {'title': '뉴스에는 한생 pbr 0.18로 나오네요', 'date': '2026.03.20 10:55', 'views': '198', 'likes': '18', 'dislikes': '0', 'link': '/item/board_read.naver?code=088350&nid=415464145&page=6', 'score': 738}, {'title': '청와대 금감원 지역구 국회의원실에 자료 보내기', 'date': '2026.03.20 18:07', 'views': '68', 'likes': '17', 'dislikes': '0', 'link': '/item/board_read.naver?code=088350&nid=415520375&page=1', 'score': 578}, {'title': '진짜 사력을 다해 죽을힘을 다해 가용수단을 ...[1]', 'date': '2026.03.20 14:07', 'views': '144', 'likes': '17', 'dislikes': '0', 'link': '/item/board_read.naver?code=088350&nid=415494738&page=3', 'score': 654}]",088350
보성파워텍,12850,+6.02%,230,10.16%,KOSDAQ,12120.0,8.06%,구멍가게 굴뚝주 잡고 시총 3조?[3] / 주린이인데 그래서 사야하는건가요 말아야하는건...[2] / 어제 실적 발표한거 보니 전년대비 거의 10... / 외국인이 1백만주 팔든 사든,Positive (68%),"오르비텍, 보성, 시총",1,"[{'title': '구멍가게 굴뚝주 잡고 시총 3조?[3]', 'date': '2026.03.20 17:23', 'views': '130', 'likes': '12', 'dislikes': '1', 'link': '/item/board_read.naver?code=006910&nid=415517895&page=1', 'score': 490}, {'title': '외국인이 1백만주 팔든 사든', 'date': '2026.03.20 17:08', 'views': '64', 'likes': '10', 'dislikes': '0', 'link': '/item/board_read.naver?code=006910&nid=415516892&page=1', 'score': 364}, {'title': '주린이인데 그래서 사야하는건가요 말아야하는건...[2]', 'date': '2026.03.20 10:59', 'views': '158', 'likes': '10', 'dislikes': '3', 'link': '/item/board_read.naver?code=006910&nid=415464951&page=9', 'score': 458}, {'title': '정직한 주식은 실적으로 말한다.[1]', 'date': '2026.03.20 10:42', 'views': '63', 'likes': '10', 'dislikes': '1', 'link': '/item/board_read.naver?code=006910&nid=415461546&page=9', 'score': 363}, {'title': '머머 한다. 카더라만 말고', 'date': '2026.03.20 17:47', 'views': '76', 'likes': '9', 'dislikes': '1', 'link': '/item/board_read.naver?code=006910&nid=415519288&page=1', 'score': 346}, {'title': '한심한 사람들', 'date': '2026.03.20 17:43', 'views': '58', 'likes': '9', 'dislikes': '0', 'link': '/item/board_read.naver?code=006910&nid=415519033&page=1', 'score': 328}, {'title': '주주분들 버티면 크게 갑니다', 'date': '2026.03.20 10:50', 'views': '62', 'likes': '9', 'dislikes': '3', 'link': '/item/board_read.naver?code=006910&nid=415463282&page=9', 'score': 332}, {'title': '어제 실적 발표한거 보니 전년대비 거의 10...', 'date': '2026.03.20 10:48', 'views': '110', 'likes': '9', 'dislikes': '1', 'link': '/item/board_read.naver?code=006910&nid=415462771&page=9', 'score': 380}, {'title': '보성과 두산 신고가[2]', 'date': '2026.03.20 11:06', 'views': '101', 'likes': '8', 'dislikes': '1', 'link': '/item/board_read.naver?code=006910&nid=415466318&page=9', 'score': 341}, {'title': '오늘은 상한가 가는날 맞죠ㅋ[3]', 'date': '2026.03.20 09:39', 'views': '95', 'likes': '7', 'dislikes': '0', 'link': '/item/board_read.naver?code=006910&nid=415448007&page=11', 'score': 305}]",006910
대한해운,2350,+5.15%,134,8.76%,KOSPI,2235.0,7.65%,"SM상선.. 64억 sm자산개발로 대여함.[3] / 챗지피티[1] / 건설자재 건설장비는 뭘로 옮길꺼요? 비행기로?... / 뉴스에는 크게 이슈화되지 않았지만, 오늘 오른...",Positive (70%),"오늘, ..., 대한해운",1,"[{'title': 'SM상선.. 64억 sm자산개발로 대여함.[3]', 'date': '2026.03.20 08:48', 'views': '164', 'likes': '14', 'dislikes': '0', 'link': '/item/board_read.naver?code=005880&nid=415436015&page=7', 'score': 584}, {'title': '건설자재 건설장비는 뭘로 옮길꺼요? 비행기로?...', 'date': '2026.03.20 15:51', 'views': '85', 'likes': '11', 'dislikes': '0', 'link': '/item/board_read.naver?code=005880&nid=415510767&page=1', 'score': 415}, {'title': '정정당당하게 주식배당 줘라', 'date': '2026.03.20 11:25', 'views': '34', 'likes': '10', 'dislikes': '0', 'link': '/item/board_read.naver?code=005880&nid=415469747&page=4', 'score': 334}, {'title': '뉴스에는 크게 이슈화되지 않았지만, 오늘 오른...', 'date': '2026.03.20 17:22', 'views': '116', 'likes': '9', 'dislikes': '1', 'link': '/item/board_read.naver?code=005880&nid=415517836&page=1', 'score': 386}, {'title': '챗지피티[1]', 'date': '2026.03.20 08:14', 'views': '225', 'likes': '9', 'dislikes': '1', 'link': '/item/board_read.naver?code=005880&nid=415431613&page=7', 'score': 495}, {'title': '탈 카타르 LNG선박 수혜주  (대한해운)[2]', 'date': '2026.03.20 08:48', 'views': '133', 'likes': '8', 'dislikes': '1', 'link': '/item/board_read.naver?code=005880&nid=415436009&page=7', 'score': 373}, {'title': '와 부채 6천억 줄이고 당기순이익 100억 증...', 'date': '2026.03.20 16:47', 'views': '89', 'likes': '7', 'dislikes': '0', 'link': '/item/board_read.naver?code=005880&nid=415515380&page=1', 'score': 299}, {'title': 'bts[2]', 'date': '2026.03.20 15:19', 'views': '141', 'likes': '7', 'dislikes': '1', 'link': '/item/board_read.naver?code=005880&nid=415506108&page=1', 'score': 351}, {'title': '여기도', 'date': '2026.03.20 11:35', 'views': '31', 'likes': '7', 'dislikes': '0', 'link': '/item/board_read.naver?code=005880&nid=415471599&page=4', 'score': 241}, {'title': '숏커버링 들어온다고 도대체 몇번을 말해도, ...', 'date': '2026.03.20 10:23', 'views': '53', 'likes': '7', 'dislikes': '1', 'link': '/item/board_read.naver?code=005880&nid=415457915&page=5', 'score': 263}]",005880
한화솔루션,51700,+3.92%,800,14.66%,KOSPI,49750.0,14.46%,형들  나도 평탄 33000원 1억2...[5] / 오늘자 수급 동향[6] / 3시  공시 설명 요청하신분 / 거래  1조7천억터지고  공시호재가나왓는데도[1],Positive (51%),"오늘, 진짜, 태양광",1,"[{'title': '오늘자 수급 동향[6]', 'date': '2026.03.20 16:24', 'views': '725', 'likes': '19', 'dislikes': '4', 'link': '/item/board_read.naver?code=009830&nid=415513825&page=4', 'score': 1295}, {'title': '머스크형 한마디만 해줘', 'date': '2026.03.20 18:14', 'views': '71', 'likes': '18', 'dislikes': '1', 'link': '/item/board_read.naver?code=009830&nid=415520777&page=2', 'score': 611}, {'title': '거래  1조7천억터지고  공시호재가나왓는데도[1]', 'date': '2026.03.20 15:21', 'views': '260', 'likes': '17', 'dislikes': '0', 'link': '/item/board_read.naver?code=009830&nid=415506517&page=8', 'score': 770}, {'title': '오늘 개미 다 털렸네', 'date': '2026.03.20 18:39', 'views': '52', 'likes': '15', 'dislikes': '0', 'link': '/item/board_read.naver?code=009830&nid=415522017&page=2', 'score': 502}, {'title': '전에도 말했듯이 10만은 무조건 간다', 'date': '2026.03.20 18:12', 'views': '78', 'likes': '15', 'dislikes': '5', 'link': '/item/board_read.naver?code=009830&nid=415520665&page=2', 'score': 528}, {'title': '여수산단의 구조개편안', 'date': '2026.03.20 17:37', 'views': '184', 'likes': '15', 'dislikes': '3', 'link': '/item/board_read.naver?code=009830&nid=415518711&page=3', 'score': 634}, {'title': '형들  나도 평탄 33000원 1억2...[5]', 'date': '2026.03.20 17:14', 'views': '918', 'likes': '15', 'dislikes': '2', 'link': '/item/board_read.naver?code=009830&nid=415517307&page=3', 'score': 1368}, {'title': '3시  공시 설명 요청하신분', 'date': '2026.03.20 16:52', 'views': '470', 'likes': '15', 'dislikes': '3', 'link': '/item/board_read.naver?code=009830&nid=415515759&page=4', 'score': 920}, {'title': '56800에 안판 내손이 웬수지', 'date': '2026.03.20 11:15', 'views': '38', 'likes': '15', 'dislikes': '0', 'link': '/item/board_read.naver?code=009830&nid=415467886&page=28', 'score': 488}, {'title': '여수건 해결한다잖아.', 'date': '2026.03.20 18:12', 'views': '201', 'likes': '14', 'dislikes': '1', 'link': '/item/board_read.naver?code=009830&nid=415520644&page=3', 'score': 621}]",009830
두산에너빌리티,109600,+3.10%,730,24.46%,KOSPI,106300.0,24.24%,"주식이 가장 크게 상승하는 시점은 / 주말에 발표나면  ~![1] / 110,000다와간다[1] / 우리 두빌이가 그렇게 애를 태우더니[3]",Positive (66%),"오늘, 두빌, ㅋㅋ",1,"[{'title': '주식이 가장 크게 상승하는 시점은', 'date': '2026.03.20 17:17', 'views': '413', 'likes': '32', 'dislikes': '2', 'link': '/item/board_read.naver?code=034020&nid=415517501&page=3', 'score': 1373}, {'title': '110,000다와간다[1]', 'date': '2026.03.20 16:17', 'views': '376', 'likes': '23', 'dislikes': '3', 'link': '/item/board_read.naver?code=034020&nid=415513276&page=4', 'score': 1066}, {'title': '주말에 발표나면  ~![1]', 'date': '2026.03.20 16:16', 'views': '621', 'likes': '23', 'dislikes': '8', 'link': '/item/board_read.naver?code=034020&nid=415513252&page=4', 'score': 1311}, {'title': '월욜 갭상승 120000원 시작', 'date': '2026.03.20 18:12', 'views': '79', 'likes': '21', 'dislikes': '4', 'link': '/item/board_read.naver?code=034020&nid=415520661&page=2', 'score': 709}, {'title': '우리 두빌이가 그렇게 애를 태우더니[3]', 'date': '2026.03.20 17:13', 'views': '407', 'likes': '20', 'dislikes': '0', 'link': '/item/board_read.naver?code=034020&nid=415517193&page=3', 'score': 1007}, {'title': '삼전보다 30만원대 먼저 가겠다 ~![1]', 'date': '2026.03.20 18:37', 'views': '256', 'likes': '19', 'dislikes': '2', 'link': '/item/board_read.naver?code=034020&nid=415521912&page=2', 'score': 826}, {'title': '천정 열렸네...슈팅간다', 'date': '2026.03.20 10:39', 'views': '90', 'likes': '19', 'dislikes': '2', 'link': '/item/board_read.naver?code=034020&nid=415460931&page=29', 'score': 660}, {'title': '두산에너빌리티를', 'date': '2026.03.20 16:48', 'views': '116', 'likes': '18', 'dislikes': '1', 'link': '/item/board_read.naver?code=034020&nid=415515435&page=4', 'score': 656}, {'title': '오늘로 개미 매물 전멸[2]', 'date': '2026.03.20 15:17', 'views': '265', 'likes': '18', 'dislikes': '1', 'link': '/item/board_read.naver?code=034020&nid=415505727&page=6', 'score': 805}, {'title': '그동안 억눌렸던거 이제 미친듯이 날라간다[4]', 'date': '2026.03.20 18:22', 'views': '325', 'likes': '17', 'dislikes': '5', 'link': '/item/board_read.naver?code=034020&nid=415521133&page=2', 'score': 835}]",034020
현대ADM,14790,+2.78%,800,1.32%,KOSDAQ,14390.0,1.21%,ADM 3개월 후 가격을 AI에게물어보앗습니다...[4] / 주포형 욕해서 미안해[4] / 일단 2만은 무조건 찍을거 같은데[2] / 오늘 시외 거래가 마지막 최저 거래금액이다[2],Negative (56%),"오늘, 진짜, 시외",1,"[{'title': '일단 2만은 무조건 찍을거 같은데[2]', 'date': '2026.03.20 16:49', 'views': '203', 'likes': '34', 'dislikes': '4', 'link': '/item/board_read.naver?code=187660&nid=415515525&page=3', 'score': 1223}, {'title': '증시 역사상 더큰 재료 없다[1]', 'date': '2026.03.20 17:29', 'views': '182', 'likes': '31', 'dislikes': '3', 'link': '/item/board_read.naver?code=187660&nid=415518227&page=2', 'score': 1112}, {'title': '주포형 욕해서 미안해[4]', 'date': '2026.03.20 15:45', 'views': '375', 'likes': '31', 'dislikes': '1', 'link': '/item/board_read.naver?code=187660&nid=415509975&page=4', 'score': 1305}, {'title': '오늘 시외 거래가 마지막 최저 거래금액이다[2]', 'date': '2026.03.20 17:32', 'views': '304', 'likes': '30', 'dislikes': '6', 'link': '/item/board_read.naver?code=187660&nid=415518422&page=2', 'score': 1204}, {'title': 'ADM 3개월 후 가격을 AI에게물어보앗습니다...[4]', 'date': '2026.03.20 17:24', 'views': '539', 'likes': '30', 'dislikes': '1', 'link': '/item/board_read.naver?code=187660&nid=415517935&page=2', 'score': 1439}, {'title': '진짜 사명변경!', 'date': '2026.03.20 16:54', 'views': '229', 'likes': '28', 'dislikes': '4', 'link': '/item/board_read.naver?code=187660&nid=415515909&page=2', 'score': 1069}, {'title': '털리고 털려서 배워라', 'date': '2026.03.20 17:37', 'views': '221', 'likes': '26', 'dislikes': '2', 'link': '/item/board_read.naver?code=187660&nid=415518715&page=1', 'score': 1001}, {'title': '현재 홈피의 페니트리움 내용', 'date': '2026.03.20 18:53', 'views': '444', 'likes': '25', 'dislikes': '1', 'link': '/item/board_read.naver?code=187660&nid=415522712&page=1', 'score': 1194}, {'title': '이런~~[1]', 'date': '2026.03.20 17:30', 'views': '171', 'likes': '25', 'dislikes': '1', 'link': '/item/board_read.naver?code=187660&nid=415518268&page=2', 'score': 921}, {'title': '●●오늘부로 앱솔루리 페바사&혐바사는 각...[1]', 'date': '2026.03.20 18:36', 'views': '313', 'likes': '24', 'dislikes': '1', 'link': '/item/board_read.naver?code=187660&nid=415521885&page=1', 'score': 1033}]",187660
대성에너지,11140,+2.30%,126,0.62%,KOSPI,10890.0,0.00%,[대성에너지 실적발표] 창사이래 최대실적 발표 / 카타르 파괴 & 우크라-러시아종전[1] / 브랜트유 급반등~107달러 돌파~107.39[1] / 오늘은 이놈이 가스 대장 잡을 것이다,Positive (51%),"가스, 카타르, 오늘",1,"[{'title': '카타르 파괴 & 우크라-러시아종전[1]', 'date': '2026.03.20 17:03', 'views': '162', 'likes': '10', 'dislikes': '1', 'link': '/item/board_read.naver?code=117580&nid=415516500&page=1', 'score': 462}, {'title': '브랜트유 급반등~107달러 돌파~107.39[1]', 'date': '2026.03.20 11:43', 'views': '81', 'likes': '10', 'dislikes': '4', 'link': '/item/board_read.naver?code=117580&nid=415473003&page=4', 'score': 381}, {'title': '[대성에너지 실적발표] 창사이래 최대실적 발표', 'date': '2026.03.20 10:52', 'views': '209', 'likes': '10', 'dislikes': '2', 'link': '/item/board_read.naver?code=117580&nid=415463626&page=4', 'score': 509}, {'title': '오늘은 이놈이 가스 대장 잡을 것이다', 'date': '2026.03.20 08:20', 'views': '38', 'likes': '9', 'dislikes': '2', 'link': '/item/board_read.naver?code=117580&nid=415432432&page=6', 'score': 308}, {'title': '유럽 천연가스 14% 급등 마감.', 'date': '2026.03.20 08:40', 'views': '49', 'likes': '7', 'dislikes': '1', 'link': '/item/board_read.naver?code=117580&nid=415435032&page=6', 'score': 259}, {'title': '쩜상이겠지[1]', 'date': '2026.03.20 08:25', 'views': '34', 'likes': '7', 'dislikes': '1', 'link': '/item/board_read.naver?code=117580&nid=415433092&page=6', 'score': 244}, {'title': 'Sk가스 10프로 상승중', 'date': '2026.03.20 08:02', 'views': '39', 'likes': '7', 'dislikes': '2', 'link': '/item/board_read.naver?code=117580&nid=415430159&page=7', 'score': 249}, {'title': '3만까지 가는주식이다[1]', 'date': '2026.03.20 09:28', 'views': '128', 'likes': '6', 'dislikes': '2', 'link': '/item/board_read.naver?code=117580&nid=415444970&page=5', 'score': 308}, {'title': '가스주대장 상한가간다.[2]', 'date': '2026.03.20 09:19', 'views': '119', 'likes': '6', 'dislikes': '0', 'link': '/item/board_read.naver?code=117580&nid=415442490&page=5', 'score': 299}, {'title': 'ㅋㅋ 가스주떡락  장전에팔음 나이스', 'date': '2026.03.20 08:42', 'views': '38', 'likes': '6', 'dislikes': '3', 'link': '/item/board_read.naver?code=117580&nid=415435264&page=6', 'score': 218}]",117580
쏠리드,13120,+1.71%,422,12.90%,KOSDAQ,12900.0,14.13%,이번주도 고생많으셨습니다 / 12000원대 눌러주면 꾹꾹 담아라[2] / 다음주 매물다먹어버리고 상갈듯 / 평단14350.[2],Negative (67%),"오늘, 쏠리드, 프로그램",1,"[{'title': '이번주도 고생많으셨습니다', 'date': '2026.03.20 17:33', 'views': '142', 'likes': '16', 'dislikes': '3', 'link': '/item/board_read.naver?code=050890&nid=415518484&page=1', 'score': 622}, {'title': '다음주 매물다먹어버리고 상갈듯', 'date': '2026.03.20 17:59', 'views': '95', 'likes': '12', 'dislikes': '6', 'link': '/item/board_read.naver?code=050890&nid=415519976&page=1', 'score': 455}, {'title': '신고가를 기록해도 기분 드럽게 만드네....[1]', 'date': '2026.03.20 14:43', 'views': '115', 'likes': '10', 'dislikes': '0', 'link': '/item/board_read.naver?code=050890&nid=415500455&page=4', 'score': 415}, {'title': '곧 큰형님들 몸푸십니다[1]', 'date': '2026.03.20 17:59', 'views': '150', 'likes': '9', 'dislikes': '2', 'link': '/item/board_read.naver?code=050890&nid=415519988&page=1', 'score': 420}, {'title': '이런주식은 절대로[1]', 'date': '2026.03.20 15:44', 'views': '58', 'likes': '9', 'dislikes': '1', 'link': '/item/board_read.naver?code=050890&nid=415509871&page=3', 'score': 328}, {'title': '평단14350.[2]', 'date': '2026.03.20 14:04', 'views': '157', 'likes': '9', 'dislikes': '0', 'link': '/item/board_read.naver?code=050890&nid=415494260&page=5', 'score': 427}, {'title': '뭐 겁나 오를것처럼 말하는대 그럼 로봇주나 반...', 'date': '2026.03.20 18:42', 'views': '124', 'likes': '8', 'dislikes': '0', 'link': '/item/board_read.naver?code=050890&nid=415522129&page=1', 'score': 364}, {'title': '기가 막히게 털고 나가네~~[1]', 'date': '2026.03.20 14:05', 'views': '90', 'likes': '8', 'dislikes': '0', 'link': '/item/board_read.naver?code=050890&nid=415494364&page=4', 'score': 330}, {'title': '12000원대 눌러주면 꾹꾹 담아라[2]', 'date': '2026.03.20 17:23', 'views': '309', 'likes': '7', 'dislikes': '7', 'link': '/item/board_read.naver?code=050890&nid=415517908&page=1', 'score': 519}, {'title': '참나!', 'date': '2026.03.20 17:08', 'views': '53', 'likes': '7', 'dislikes': '0', 'link': '/item/board_read.naver?code=050890&nid=415516847&page=1', 'score': 263}]",050890
한온시스템,4140,+0.73%,214,6.92%,KOSPI,4110.0,6.87%,마음편하게 주식합시다[1] / 골드만 삭스 280만주 매수 캬[2] / 형님들 제가 누누히 말하지만 이종목이[7] / 공매 세력들 많이 쫄리나본데?? ㅋㅋㅋ[2],Negative (54%),"어제, 오늘, 한온",1,"[{'title': '마음편하게 주식합시다[1]', 'date': '2026.03.20 10:17', 'views': '172', 'likes': '18', 'dislikes': '0', 'link': '/item/board_read.naver?code=018880&nid=415456883&page=7', 'score': 712}, {'title': '공매 세력들 많이 쫄리나본데?? ㅋㅋㅋ[2]', 'date': '2026.03.20 17:34', 'views': '203', 'likes': '15', 'dislikes': '2', 'link': '/item/board_read.naver?code=018880&nid=415518518&page=1', 'score': 653}, {'title': '월욜 시초가 갭상승[3]', 'date': '2026.03.20 17:59', 'views': '164', 'likes': '13', 'dislikes': '3', 'link': '/item/board_read.naver?code=018880&nid=415520015&page=1', 'score': 554}, {'title': '골드만 삭스 280만주 매수 캬[2]', 'date': '2026.03.20 16:29', 'views': '300', 'likes': '13', 'dislikes': '3', 'link': '/item/board_read.naver?code=018880&nid=415514180&page=1', 'score': 690}, {'title': '공매놈들 발등에 불남', 'date': '2026.03.20 15:53', 'views': '79', 'likes': '12', 'dislikes': '2', 'link': '/item/board_read.naver?code=018880&nid=415510952&page=2', 'score': 439}, {'title': '형님들 제가 누누히 말하지만 이종목이[7]', 'date': '2026.03.20 18:23', 'views': '330', 'likes': '11', 'dislikes': '6', 'link': '/item/board_read.naver?code=018880&nid=415521240&page=1', 'score': 660}, {'title': '내첫차는 아반떼[3]', 'date': '2026.03.20 17:55', 'views': '213', 'likes': '11', 'dislikes': '1', 'link': '/item/board_read.naver?code=018880&nid=415519711&page=1', 'score': 543}, {'title': '세계 경제지표 골드만삭스  매입만으로 신뢰...', 'date': '2026.03.20 17:24', 'views': '114', 'likes': '11', 'dislikes': '1', 'link': '/item/board_read.naver?code=018880&nid=415517956&page=1', 'score': 444}, {'title': '골드만이 본격적으로 사려고 맘 먹었나보네.', 'date': '2026.03.20 15:44', 'views': '121', 'likes': '11', 'dislikes': '0', 'link': '/item/board_read.naver?code=018880&nid=415509917&page=2', 'score': 451}, {'title': '주식 모르는 작자들 글 쓰지맙시다~ 다른 종목 ...[4]', 'date': '2026.03.20 09:15', 'views': '117', 'likes': '11', 'dislikes': '0', 'link': '/item/board_read.naver?code=018880&nid=415441436&page=10', 'score': 447}]",018880
대한광통신,7440,+0.68%,224,4.88%,KOSDAQ,7390.0,5.73%,"애들아...[8] / 제가 몇달 전에 빛과전자랑 대한광통신 반반씩 ...[2] / 4월 24일 '15,000원' 고지 점령, 과...[2] / 난 잘 가고있는거라 생각하는데..[3]",Positive (61%),"오늘, 대한광통신, 투경",1,"[{'title': '애들아...[8]', 'date': '2026.03.20 15:35', 'views': '725', 'likes': '42', 'dislikes': '6', 'link': '/item/board_read.naver?code=010170&nid=415508574&page=1', 'score': 1985}, {'title': '제가 몇달 전에 빛과전자랑 대한광통신 반반씩 ...[2]', 'date': '2026.03.20 11:51', 'views': '417', 'likes': '16', 'dislikes': '1', 'link': '/item/board_read.naver?code=010170&nid=415474378&page=6', 'score': 897}, {'title': '지금 통신관련주중에 투경은 이것만이다[1]', 'date': '2026.03.20 10:36', 'views': '154', 'likes': '16', 'dislikes': '1', 'link': '/item/board_read.naver?code=010170&nid=415460440&page=7', 'score': 634}, {'title': '모든 파트의 대장주가 힘을 응축하면 그 폭발력...[1]', 'date': '2026.03.20 11:56', 'views': '238', 'likes': '15', 'dislikes': '2', 'link': '/item/board_read.naver?code=010170&nid=415475108&page=6', 'score': 688}, {'title': '미국 광통신종목 루멘템 홀딩스', 'date': '2026.03.20 08:00', 'views': '108', 'likes': '15', 'dislikes': '3', 'link': '/item/board_read.naver?code=010170&nid=415429974&page=12', 'score': 558}, {'title': ""4월 24일 '15,000원' 고지 점령, 과...[2]"", 'date': '2026.03.20 15:19', 'views': '413', 'likes': '14', 'dislikes': '2', 'link': '/item/board_read.naver?code=010170&nid=415506164&page=2', 'score': 833}, {'title': '난 잘 가고있는거라 생각하는데..[3]', 'date': '2026.03.20 12:42', 'views': '350', 'likes': '14', 'dislikes': '1', 'link': '/item/board_read.naver?code=010170&nid=415481694&page=5', 'score': 770}, {'title': '재미로 보는 프로그램 매동[2]', 'date': '2026.03.20 11:22', 'views': '295', 'likes': '12', 'dislikes': '1', 'link': '/item/board_read.naver?code=010170&nid=415469116&page=7', 'score': 655}, {'title': '털리는 모지리들이 적당히 있는게 가볍게 수월하...[2]', 'date': '2026.03.20 17:03', 'views': '308', 'likes': '11', 'dislikes': '2', 'link': '/item/board_read.naver?code=010170&nid=415516549&page=1', 'score': 638}, {'title': '주식투자에 왕도는 신도 모릅니다..이리저리 불...[1]', 'date': '2026.03.20 12:43', 'views': '162', 'likes': '11', 'dislikes': '1', 'link': '/item/board_read.naver?code=010170&nid=415481823&page=5', 'score': 492}]",010170
삼성중공업,28550,+0.18%,320,33.97%,KOSPI,28500.0,34.05%,유증을[3] / 3779억원[1] / 시세 조종으로 금감원 민원 접수함[1] / 놀랍다 수주 호재가 떴는데[1],Negative (56%),"오늘, 삼중, ...",1,"[{'title': '유증을[3]', 'date': '2026.03.20 17:29', 'views': '316', 'likes': '41', 'dislikes': '0', 'link': '/item/board_read.naver?code=010140&nid=415518245&page=1', 'score': 1546}, {'title': '3779억원[1]', 'date': '2026.03.20 15:56', 'views': '97', 'likes': '13', 'dislikes': '0', 'link': '/item/board_read.naver?code=010140&nid=415511350&page=2', 'score': 487}, {'title': '시세 조종으로 금감원 민원 접수함[1]', 'date': '2026.03.20 09:31', 'views': '82', 'likes': '13', 'dislikes': '0', 'link': '/item/board_read.naver?code=010140&nid=415445921&page=13', 'score': 472}, {'title': '주총하면', 'date': '2026.03.20 16:31', 'views': '58', 'likes': '12', 'dislikes': '1', 'link': '/item/board_read.naver?code=010140&nid=415514368&page=2', 'score': 418}, {'title': '놀랍다 수주 호재가 떴는데[1]', 'date': '2026.03.20 09:06', 'views': '108', 'likes': '12', 'dislikes': '0', 'link': '/item/board_read.naver?code=010140&nid=415439047&page=15', 'score': 468}, {'title': '원래[1]', 'date': '2026.03.20 08:15', 'views': '103', 'likes': '12', 'dislikes': '2', 'link': '/item/board_read.naver?code=010140&nid=415431782&page=16', 'score': 463}, {'title': '삼중 주포 짠지야. 너만. 배불리 먹으면 안되 ...', 'date': '2026.03.20 17:27', 'views': '71', 'likes': '11', 'dislikes': '0', 'link': '/item/board_read.naver?code=010140&nid=415518112&page=1', 'score': 401}, {'title': '와 걍 손절치니까 스트레스 안받음', 'date': '2026.03.20 16:42', 'views': '42', 'likes': '11', 'dislikes': '0', 'link': '/item/board_read.naver?code=010140&nid=415515080&page=2', 'score': 372}, {'title': '아이구 감사합니다.', 'date': '2026.03.20 16:07', 'views': '70', 'likes': '11', 'dislikes': '1', 'link': '/item/board_read.naver?code=010140&nid=415512387&page=2', 'score': 400}, {'title': 'FLNG 수주좀 발표해라 지금 타이밍...', 'date': '2026.03.20 10:07', 'views': '56', 'likes': '11', 'dislikes': '0', 'link': '/item/board_read.naver?code=010140&nid=415454535&page=12', 'score': 386}]",010140
차백신연구소,4080,-0.12%,702,0.00%,KOSDAQ,4085.0,0.00%,고생들했어요 월요일부터 10연상갈꺼같습니다.[6] / 대박뉴스[4] / 세력도 모질지만[2] / --현재+30%상한가=매수9억원----꼭...꼭...[1],Negative (57%),"오늘, 아리바이오, ㅋㅋ",1,"[{'title': '고생들했어요 월요일부터 10연상갈꺼같습니다.[6]', 'date': '2026.03.20 18:05', 'views': '452', 'likes': '28', 'dislikes': '11', 'link': '/item/board_read.naver?code=261780&nid=415520275&page=1', 'score': 1292}, {'title': '--현재+30%상한가=매수9억원----꼭...꼭...[1]', 'date': '2026.03.20 08:45', 'views': '72', 'likes': '21', 'dislikes': '1', 'link': '/item/board_read.naver?code=261780&nid=415435652&page=35', 'score': 702}, {'title': '대박뉴스[4]', 'date': '2026.03.20 17:07', 'views': '379', 'likes': '19', 'dislikes': '3', 'link': '/item/board_read.naver?code=261780&nid=415516776&page=3', 'score': 949}, {'title': '세력도 모질지만[2]', 'date': '2026.03.20 19:08', 'views': '232', 'likes': '17', 'dislikes': '3', 'link': '/item/board_read.naver?code=261780&nid=415523392&page=1', 'score': 742}, {'title': '아리바이오, ADPD서 AR1001 ...[3]', 'date': '2026.03.20 16:27', 'views': '263', 'likes': '12', 'dislikes': '6', 'link': '/item/board_read.naver?code=261780&nid=415514096&page=4', 'score': 623}, {'title': '이러다', 'date': '2026.03.20 14:51', 'views': '28', 'likes': '12', 'dislikes': '0', 'link': '/item/board_read.naver?code=261780&nid=415501726&page=14', 'score': 388}, {'title': '생각해 보니 딱딱 들어맞네[3]', 'date': '2026.03.20 18:52', 'views': '294', 'likes': '11', 'dislikes': '5', 'link': '/item/board_read.naver?code=261780&nid=415522636&page=1', 'score': 624}, {'title': '정상가격 1200~1300원대[1]', 'date': '2026.03.20 18:14', 'views': '281', 'likes': '11', 'dislikes': '11', 'link': '/item/board_read.naver?code=261780&nid=415520771&page=1', 'score': 611}, {'title': '현대도 상가구', 'date': '2026.03.20 17:20', 'views': '208', 'likes': '11', 'dislikes': '3', 'link': '/item/board_read.naver?code=261780&nid=415517678&page=2', 'score': 538}, {'title': '시외 물타다가 대주주되겠다', 'date': '2026.03.20 16:40', 'views': '38', 'likes': '11', 'dislikes': '1', 'link': '/item/board_read.naver?code=261780&nid=415514950&page=4', 'score': 368}]",261780
삼성전자,199400,-0.55%,800,49.52%,KOSPI,200500.0,49.53%,800만주는 삼성생명+삼성화재가 판것.[1] / 오늘 잘 버텼네요 .[1] / 외인 10프로 나갔는데도 20만원[1] / 어차피 여기서 백날 떠들어봤자 ㅋ[2],Negative (68%),"오늘, 월요일, 나스닥",1,"[{'title': '이재명 지지율이 계속 오르는 이유.[1]', 'date': '2026.03.20 18:37', 'views': '67', 'likes': '14', 'dislikes': '8', 'link': '/item/board_read.naver?code=005930&nid=415521895&page=16', 'score': 487}, {'title': '▲금요일 밤 10시~ 일욜까지 뭔일이? ㅡ>...[2]', 'date': '2026.03.20 17:02', 'views': '108', 'likes': '13', 'dislikes': '1', 'link': '/item/board_read.naver?code=005930&nid=415516432&page=28', 'score': 498}, {'title': '반도체는 호황 불황사이클 반복 업종이다 ㅡ>이...', 'date': '2026.03.20 16:54', 'views': '66', 'likes': '13', 'dislikes': '0', 'link': '/item/board_read.naver?code=005930&nid=415515896&page=29', 'score': 456}, {'title': '어차피 여기서 백날 떠들어봤자 ㅋ[2]', 'date': '2026.03.20 16:46', 'views': '134', 'likes': '13', 'dislikes': '5', 'link': '/item/board_read.naver?code=005930&nid=415515347&page=30', 'score': 524}, {'title': '외인 10프로 나갔는데도 20만원[1]', 'date': '2026.03.20 16:00', 'views': '169', 'likes': '13', 'dislikes': '2', 'link': '/item/board_read.naver?code=005930&nid=415511806&page=35', 'score': 559}, {'title': '800만주는 삼성생명+삼성화재가 판것.[1]', 'date': '2026.03.20 15:45', 'views': '356', 'likes': '13', 'dislikes': '6', 'link': '/item/board_read.naver?code=005930&nid=415510008&page=38', 'score': 746}, {'title': '월요일 급등이네', 'date': '2026.03.20 17:38', 'views': '93', 'likes': '12', 'dislikes': '4', 'link': '/item/board_read.naver?code=005930&nid=415518754&page=23', 'score': 453}, {'title': '전쟁 imf 유사한것 올때는 뭐가최고 예금자 ...', 'date': '2026.03.20 17:08', 'views': '60', 'likes': '12', 'dislikes': '1', 'link': '/item/board_read.naver?code=005930&nid=415516866&page=27', 'score': 420}, {'title': '오늘 잘 버텼네요 .[1]', 'date': '2026.03.20 16:36', 'views': '337', 'likes': '12', 'dislikes': '3', 'link': '/item/board_read.naver?code=005930&nid=415514717&page=31', 'score': 697}, {'title': '현재 삼전은 졸라쎈거임', 'date': '2026.03.20 16:19', 'views': '135', 'likes': '12', 'dislikes': '1', 'link': '/item/board_read.naver?code=005930&nid=415513503&page=32', 'score': 495}]",005930
흥아해운,3030,-0.66%,454,2.40%,KOSPI,3050.0,2.39%,장금상선·MSC 연합 ‘유조선 공룡’ 뜬다[1] / 장금상선 지분 50% 매각이 호재인 이유 설...[2] / 월요일부터[2] / 외국인도 기관도 담았네~~~[2],Positive (54%),"오늘, 이제, 단일가",1,"[{'title': '장금상선·MSC 연합 ‘유조선 공룡’ 뜬다[1]', 'date': '2026.03.20 18:03', 'views': '250', 'likes': '19', 'dislikes': '5', 'link': '/item/board_read.naver?code=003280&nid=415520181&page=2', 'score': 820}, {'title': 'ㅋㅋㅋㅋㅋㅋㅋㅋㅋㅋ전쟁 끝나봐라 운송전쟁이지', 'date': '2026.03.20 15:20', 'views': '94', 'likes': '13', 'dislikes': '3', 'link': '/item/board_read.naver?code=003280&nid=415506312&page=4', 'score': 484}, {'title': '오늘은[1]', 'date': '2026.03.20 10:52', 'views': '66', 'likes': '12', 'dislikes': '4', 'link': '/item/board_read.naver?code=003280&nid=415463717&page=15', 'score': 426}, {'title': '장금상선 지분 50% 매각이 호재인 이유 설...[2]', 'date': '2026.03.20 08:59', 'views': '320', 'likes': '12', 'dislikes': '4', 'link': '/item/board_read.naver?code=003280&nid=415437505&page=20', 'score': 680}, {'title': '월요일부터[2]', 'date': '2026.03.20 18:03', 'views': '262', 'likes': '11', 'dislikes': '2', 'link': '/item/board_read.naver?code=003280&nid=415520188&page=2', 'score': 592}, {'title': '다음주 바로 만원찍고 가시던가ㅋㅋ[1]', 'date': '2026.03.20 18:09', 'views': '142', 'likes': '10', 'dislikes': '3', 'link': '/item/board_read.naver?code=003280&nid=415520501&page=1', 'score': 442}, {'title': '-4%시작 -6%찍고 +30%가능함?[2]', 'date': '2026.03.20 11:31', 'views': '138', 'likes': '10', 'dislikes': '5', 'link': '/item/board_read.naver?code=003280&nid=415470964&page=13', 'score': 438}, {'title': '오후장 빨간기둥 원하면 개추', 'date': '2026.03.20 10:46', 'views': '24', 'likes': '10', 'dislikes': '1', 'link': '/item/board_read.naver?code=003280&nid=415462474&page=15', 'score': 324}, {'title': '외국인도 기관도 담았네~~~[2]', 'date': '2026.03.20 18:23', 'views': '226', 'likes': '9', 'dislikes': '2', 'link': '/item/board_read.naver?code=003280&nid=415521198&page=1', 'score': 496}, {'title': '이곳이 싫으면 조용히 떠나라', 'date': '2026.03.20 12:40', 'views': '26', 'likes': '9', 'dislikes': '2', 'link': '/item/board_read.naver?code=003280&nid=415481462&page=11', 'score': 296}]",003280
케이뱅크,6600,-1.64%,448,0.08%,KOSPI,6710.0,0.01%,어우 힘들다[3] / 31일 주총입니다 다들 연장 챙기죠[1] / 하 벌써 20% 마이너스 / 어디까지내려가려나?[1],Positive (58%),"케이뱅크, 이거, 오늘",1,"[{'title': '어우 힘들다[3]', 'date': '2026.03.20 13:41', 'views': '100', 'likes': '21', 'dislikes': '4', 'link': '/item/board_read.naver?code=279570&nid=415490849&page=6', 'score': 730}, {'title': '어디까지내려가려나?[1]', 'date': '2026.03.20 11:50', 'views': '54', 'likes': '10', 'dislikes': '4', 'link': '/item/board_read.naver?code=279570&nid=415474183&page=11', 'score': 354}, {'title': '하 벌써 20% 마이너스', 'date': '2026.03.20 11:29', 'views': '55', 'likes': '10', 'dislikes': '0', 'link': '/item/board_read.naver?code=279570&nid=415470622&page=11', 'score': 355}, {'title': '31일 주총입니다 다들 연장 챙기죠[1]', 'date': '2026.03.20 11:21', 'views': '70', 'likes': '10', 'dislikes': '0', 'link': '/item/board_read.naver?code=279570&nid=415469038&page=12', 'score': 370}, {'title': '개사기주 입니다', 'date': '2026.03.20 12:49', 'views': '34', 'likes': '9', 'dislikes': '1', 'link': '/item/board_read.naver?code=279570&nid=415482785&page=9', 'score': 304}, {'title': '우리은행.NH투자증권 사외이사 물러나야', 'date': '2026.03.20 14:14', 'views': '38', 'likes': '8', 'dislikes': '0', 'link': '/item/board_read.naver?code=279570&nid=415495994&page=5', 'score': 278}, {'title': '국민청원', 'date': '2026.03.20 12:17', 'views': '45', 'likes': '8', 'dislikes': '0', 'link': '/item/board_read.naver?code=279570&nid=415478260&page=10', 'score': 285}, {'title': '패가망신.', 'date': '2026.03.20 14:10', 'views': '29', 'likes': '7', 'dislikes': '0', 'link': '/item/board_read.naver?code=279570&nid=415495372&page=6', 'score': 239}, {'title': 'Per높다고?', 'date': '2026.03.20 12:34', 'views': '31', 'likes': '7', 'dislikes': '0', 'link': '/item/board_read.naver?code=279570&nid=415480533&page=9', 'score': 241}, {'title': '상장에 받은 10주[1]', 'date': '2026.03.20 12:21', 'views': '113', 'likes': '7', 'dislikes': '1', 'link': '/item/board_read.naver?code=279570&nid=415478760&page=10', 'score': 323}]",279570
우리기술,28400,-1.90%,582,8.20%,KOSDAQ,28950.0,10.44%,■저 정도면-5일선 단거죠?[11] / ■주말애-사고 싶은거[17] / 오늘도 안타깝게 저의 예측이 맞았네요..ㅠ[17] / ■페이퍼-증권가[8],Negative (61%),"우리기술, 오늘, ...",1,"[{'title': '■주말애-사고 싶은거[17]', 'date': '2026.03.20 15:36', 'views': '941', 'likes': '65', 'dislikes': '4', 'link': '/item/board_read.naver?code=032820&nid=415508769&page=4', 'score': 2891}, {'title': '■저 정도면-5일선 단거죠?[11]', 'date': '2026.03.20 15:38', 'views': '1316', 'likes': '57', 'dislikes': '6', 'link': '/item/board_read.naver?code=032820&nid=415509037&page=3', 'score': 3026}, {'title': '■인연-팔로잉[14]', 'date': '2026.03.20 10:22', 'views': '445', 'likes': '56', 'dislikes': '4', 'link': '/item/board_read.naver?code=032820&nid=415457811&page=22', 'score': 2125}, {'title': '■페이퍼-증권가[8]', 'date': '2026.03.20 08:09', 'views': '543', 'likes': '54', 'dislikes': '6', 'link': '/item/board_read.naver?code=032820&nid=415430909&page=29', 'score': 2163}, {'title': '■주식은-오르고..내리는건[7]', 'date': '2026.03.20 10:16', 'views': '468', 'likes': '51', 'dislikes': '5', 'link': '/item/board_read.naver?code=032820&nid=415456653&page=22', 'score': 1998}, {'title': '■두빌-14만[2]', 'date': '2026.03.20 11:00', 'views': '563', 'likes': '48', 'dislikes': '7', 'link': '/item/board_read.naver?code=032820&nid=415465317&page=20', 'score': 2003}, {'title': '■우기-매출에 대한 평가', 'date': '2026.03.20 10:44', 'views': '425', 'likes': '47', 'dislikes': '5', 'link': '/item/board_read.naver?code=032820&nid=415461809&page=21', 'score': 1835}, {'title': '■프매-2~3백만주 매수[2]', 'date': '2026.03.20 09:06', 'views': '438', 'likes': '47', 'dislikes': '7', 'link': '/item/board_read.naver?code=032820&nid=415438984&page=28', 'score': 1848}, {'title': '오늘도 안타깝게 저의 예측이 맞았네요..ㅠ[17]', 'date': '2026.03.20 15:37', 'views': '1450', 'likes': '44', 'dislikes': '1', 'link': '/item/board_read.naver?code=032820&nid=415508951&page=4', 'score': 2770}, {'title': '■쓰리바닥이며는[4]', 'date': '2026.03.20 12:55', 'views': '488', 'likes': '39', 'dislikes': '10', 'link': '/item/board_read.naver?code=032820&nid=415483698&page=16', 'score': 1658}]",032820
휴림로봇,14020,-2.16%,200,6.97%,KOSDAQ,14330.0,7.42%,"휴림로봇, FTSE 스몰캡 지수 신규 편... / 모간이 눈치빨라서[4] / 오늘 15% 이상[1] / 우앙ㆍ290만주를 14020원에 외인...[2]",Positive (62%),"휴림로봇, 어제, 휴림",1,"[{'title': '오늘 15% 이상[1]', 'date': '2026.03.20 08:23', 'views': '196', 'likes': '30', 'dislikes': '2', 'link': '/item/board_read.naver?code=090710&nid=415432758&page=10', 'score': 1096}, {'title': '휴림로봇, FTSE 스몰캡 지수 신규 편...', 'date': '2026.03.20 15:56', 'views': '859', 'likes': '21', 'dislikes': '3', 'link': '/item/board_read.naver?code=090710&nid=415511389&page=2', 'score': 1489}, {'title': '모간이 눈치빨라서[4]', 'date': '2026.03.20 15:51', 'views': '689', 'likes': '20', 'dislikes': '2', 'link': '/item/board_read.naver?code=090710&nid=415510748&page=2', 'score': 1289}, {'title': '다음주 기대 되는구만~~~~~', 'date': '2026.03.20 15:58', 'views': '192', 'likes': '18', 'dislikes': '3', 'link': '/item/board_read.naver?code=090710&nid=415511546&page=2', 'score': 732}, {'title': '로보스타  장전거래 급등', 'date': '2026.03.20 08:22', 'views': '115', 'likes': '18', 'dislikes': '2', 'link': '/item/board_read.naver?code=090710&nid=415432731&page=10', 'score': 655}, {'title': '우앙ㆍ290만주를 14020원에 외인...[2]', 'date': '2026.03.20 17:14', 'views': '610', 'likes': '15', 'dislikes': '4', 'link': '/item/board_read.naver?code=090710&nid=415517298&page=1', 'score': 1060}, {'title': '안티들아 미안하지만[1]', 'date': '2026.03.20 08:06', 'views': '141', 'likes': '14', 'dislikes': '5', 'link': '/item/board_read.naver?code=090710&nid=415430565&page=10', 'score': 561}, {'title': '어제 시외털린 개미들[2]', 'date': '2026.03.20 08:12', 'views': '184', 'likes': '13', 'dislikes': '3', 'link': '/item/board_read.naver?code=090710&nid=415431415&page=10', 'score': 574}, {'title': 'Ai가 분석한 오늘 모간이', 'date': '2026.03.20 16:10', 'views': '685', 'likes': '12', 'dislikes': '0', 'link': '/item/board_read.naver?code=090710&nid=415512751&page=2', 'score': 1045}, {'title': '감보만', 'date': '2026.03.20 15:57', 'views': '150', 'likes': '11', 'dislikes': '3', 'link': '/item/board_read.naver?code=090710&nid=415511420&page=2', 'score': 480}]",090710
신성이엔지,3010,-2.27%,158,8.88%,KOSPI,3080.0,8.85%,"에헤라디여[1] / 5년만에 조금 손해보고 나왔다 / 기관,외인 몰빵이네~)와!!시간외 급등~ / 금감원[2]",Positive (76%),"태양광, 오늘, 외인",1,"[{'title': '5년만에 조금 손해보고 나왔다', 'date': '2026.03.20 11:31', 'views': '86', 'likes': '10', 'dislikes': '0', 'link': '/item/board_read.naver?code=011930&nid=415470896&page=4', 'score': 386}, {'title': '에헤라디여[1]', 'date': '2026.03.20 15:26', 'views': '260', 'likes': '9', 'dislikes': '1', 'link': '/item/board_read.naver?code=011930&nid=415507334&page=1', 'score': 530}, {'title': '기관,외인 몰빵이네~)와!!시간외 급등~', 'date': '2026.03.20 17:14', 'views': '124', 'likes': '8', 'dislikes': '3', 'link': '/item/board_read.naver?code=011930&nid=415517289&page=1', 'score': 364}, {'title': '저점높이고있죠잉', 'date': '2026.03.20 11:10', 'views': '61', 'likes': '8', 'dislikes': '1', 'link': '/item/board_read.naver?code=011930&nid=415466941&page=5', 'score': 301}, {'title': '이 작은 주식에 외인 빠졌어도 아직 8%넘고', 'date': '2026.03.20 17:54', 'views': '129', 'likes': '7', 'dislikes': '2', 'link': '/item/board_read.naver?code=011930&nid=415519674&page=1', 'score': 339}, {'title': '월요일최소20프로는갈듯', 'date': '2026.03.20 14:17', 'views': '115', 'likes': '7', 'dislikes': '6', 'link': '/item/board_read.naver?code=011930&nid=415496446&page=2', 'score': 325}, {'title': '5년동안', 'date': '2026.03.20 12:36', 'views': '78', 'likes': '7', 'dislikes': '1', 'link': '/item/board_read.naver?code=011930&nid=415480849&page=4', 'score': 288}, {'title': '금감원[2]', 'date': '2026.03.20 10:47', 'views': '145', 'likes': '7', 'dislikes': '3', 'link': '/item/board_read.naver?code=011930&nid=415462666&page=5', 'score': 355}, {'title': '프로그램 매수 금액이  양선으로 돌아섯다.', 'date': '2026.03.20 11:18', 'views': '71', 'likes': '6', 'dislikes': '3', 'link': '/item/board_read.naver?code=011930&nid=415468523&page=5', 'score': 251}, {'title': '퇴계이황이', 'date': '2026.03.20 11:10', 'views': '37', 'likes': '6', 'dislikes': '1', 'link': '/item/board_read.naver?code=011930&nid=415466907&page=5', 'score': 217}]",011930
삼성전자우,139200,-3.47%,104,76.49%,KOSPI,144200.0,76.79%,이거는 얼마에 주워야됌?[3] / 삼전본주  25만가면[3] / 네마녀관련 리벨런싱된겁니다.[1] / 우선주 괜히삿다[4],Positive (60%),"우선주, 우선주가, 진짜",1,"[{'title': '삼전본주  25만가면[3]', 'date': '2026.03.20 11:56', 'views': '646', 'likes': '21', 'dislikes': '12', 'link': '/item/board_read.naver?code=005935&nid=415475248&page=4', 'score': 1276}, {'title': '네마녀관련 리벨런싱된겁니다.[1]', 'date': '2026.03.20 15:41', 'views': '591', 'likes': '19', 'dislikes': '5', 'link': '/item/board_read.naver?code=005935&nid=415509542&page=1', 'score': 1161}, {'title': '우선주 괜히삿다[4]', 'date': '2026.03.20 14:39', 'views': '453', 'likes': '15', 'dislikes': '5', 'link': '/item/board_read.naver?code=005935&nid=415499789&page=2', 'score': 903}, {'title': '이거는 얼마에 주워야됌?[3]', 'date': '2026.03.20 12:21', 'views': '924', 'likes': '14', 'dislikes': '0', 'link': '/item/board_read.naver?code=005935&nid=415478727&page=4', 'score': 1344}, {'title': '진짜 우선주는 상폐시켜야', 'date': '2026.03.20 13:27', 'views': '110', 'likes': '13', 'dislikes': '3', 'link': '/item/board_read.naver?code=005935&nid=415488525&page=3', 'score': 500}, {'title': '초보들은 우선주가 뭔지도 모른다', 'date': '2026.03.20 14:49', 'views': '352', 'likes': '11', 'dislikes': '2', 'link': '/item/board_read.naver?code=005935&nid=415501372&page=2', 'score': 682}, {'title': '우선주가[2]', 'date': '2026.03.20 14:30', 'views': '267', 'likes': '11', 'dislikes': '4', 'link': '/item/board_read.naver?code=005935&nid=415498427&page=2', 'score': 597}, {'title': '우선주 없애야 할듯', 'date': '2026.03.20 13:30', 'views': '233', 'likes': '11', 'dislikes': '1', 'link': '/item/board_read.naver?code=005935&nid=415489108&page=3', 'score': 563}, {'title': '삼전우만 어디 전쟁났음?', 'date': '2026.03.20 16:04', 'views': '175', 'likes': '10', 'dislikes': '0', 'link': '/item/board_read.naver?code=005935&nid=415512166&page=1', 'score': 475}, {'title': '외국인들 패대기에', 'date': '2026.03.20 15:39', 'views': '174', 'likes': '10', 'dislikes': '2', 'link': '/item/board_read.naver?code=005935&nid=415509179&page=1', 'score': 474}]",005935
펄어비스,41500,-9.78%,800,3.09%,KOSDAQ,46000.0,2.33%,"안티할 생각 없습니다. 다만 현실을 직시하...[3] / 저는 걍 들고 갑니다 ㅋㅋ[10] / 스팀 매출 순위, 게임에 대한 평가[4] / 처음부터 공매도세력이 작전한거다.[8]",Negative (66%),"펄어비스, 스팀, 붉은사막",1,"[{'title': '처음부터 공매도세력이 작전한거다.[8]', 'date': '2026.03.20 19:41', 'views': '197', 'likes': '20', 'dislikes': '8', 'link': '/item/board_read.naver?code=263750&nid=415525033&page=2', 'score': 797}, {'title': '안티할 생각 없습니다. 다만 현실을 직시하...[3]', 'date': '2026.03.20 19:01', 'views': '265', 'likes': '20', 'dislikes': '3', 'link': '/item/board_read.naver?code=263750&nid=415523055&page=12', 'score': 865}, {'title': '저는 걍 들고 갑니다 ㅋㅋ[10]', 'date': '2026.03.20 19:41', 'views': '292', 'likes': '19', 'dislikes': '6', 'link': '/item/board_read.naver?code=263750&nid=415525032&page=2', 'score': 862}, {'title': '풍월량) 조작감 진짜 최악이다[1]', 'date': '2026.03.20 19:08', 'views': '183', 'likes': '18', 'dislikes': '1', 'link': '/item/board_read.naver?code=263750&nid=415523388&page=10', 'score': 723}, {'title': '성질 급한 나라에선 낮은평점[3]', 'date': '2026.03.20 17:53', 'views': '145', 'likes': '17', 'dislikes': '2', 'link': '/item/board_read.naver?code=263750&nid=415519627&page=27', 'score': 655}, {'title': '어제 지켜보자고 글썼는데[2]', 'date': '2026.03.20 18:06', 'views': '298', 'likes': '16', 'dislikes': '4', 'link': '/item/board_read.naver?code=263750&nid=415520353&page=23', 'score': 778}, {'title': '스팀평가 심각성을 못 느끼시네요[3]', 'date': '2026.03.20 18:05', 'views': '289', 'likes': '16', 'dislikes': '4', 'link': '/item/board_read.naver?code=263750&nid=415520296&page=24', 'score': 769}, {'title': '업데이트만 잘 되면 싸펑급이 될거다[1]', 'date': '2026.03.20 17:42', 'views': '160', 'likes': '16', 'dislikes': '2', 'link': '/item/board_read.naver?code=263750&nid=415518970&page=29', 'score': 640}, {'title': '스팀 매출 순위, 게임에 대한 평가[4]', 'date': '2026.03.20 19:39', 'views': '368', 'likes': '15', 'dislikes': '3', 'link': '/item/board_read.naver?code=263750&nid=415524942&page=3', 'score': 818}, {'title': '스팀 일본 1위로 상승[2]', 'date': '2026.03.20 18:02', 'views': '233', 'likes': '15', 'dislikes': '3', 'link': '/item/board_read.naver?code=263750&nid=415520132&page=25', 'score': 683}]",263750
소룩스,3700,-10.74%,148,0.30%,KOSDAQ,4145.0,0.34%,소룩스랑 차백신[4] / 소룩스가 주인인데 소룩스가 소외된다는 것...[3] / 사채회사여?[2] / 뉴스도 안보시나요 ..아리랑 차백신 합병 방향...[1],Negative (66%),"소룩스, 차백신, 내가",1,"[{'title': '소룩스랑 차백신[4]', 'date': '2026.03.20 17:29', 'views': '465', 'likes': '12', 'dislikes': '17', 'link': '/item/board_read.naver?code=290690&nid=415518240&page=1', 'score': 825}, {'title': '@@이런 대단 한 스래기 첨본다~상폐가답이다', 'date': '2026.03.20 15:01', 'views': '44', 'likes': '12', 'dislikes': '3', 'link': '/item/board_read.naver?code=290690&nid=415503277&page=2', 'score': 404}, {'title': '소룩스 떨어지는 이유', 'date': '2026.03.20 09:45', 'views': '90', 'likes': '12', 'dislikes': '1', 'link': '/item/board_read.naver?code=290690&nid=415449513&page=6', 'score': 450}, {'title': '소룩스가 주인인데 소룩스가 소외된다는 것...[3]', 'date': '2026.03.20 08:22', 'views': '242', 'likes': '12', 'dislikes': '4', 'link': '/item/board_read.naver?code=290690&nid=415432717&page=8', 'score': 602}, {'title': '누가봐도 소룩스인데?', 'date': '2026.03.20 09:43', 'views': '78', 'likes': '10', 'dislikes': '0', 'link': '/item/board_read.naver?code=290690&nid=415448877&page=7', 'score': 378}, {'title': '뉴스도 안보시나요 ..아리랑 차백신 합병 방향...[1]', 'date': '2026.03.20 18:39', 'views': '237', 'likes': '9', 'dislikes': '8', 'link': '/item/board_read.naver?code=290690&nid=415521986&page=1', 'score': 507}, {'title': '기대한 내가 ㄷㅅ이지..[1]', 'date': '2026.03.20 16:05', 'views': '137', 'likes': '9', 'dislikes': '0', 'link': '/item/board_read.naver?code=290690&nid=415512228&page=1', 'score': 407}, {'title': '사채회사여?[2]', 'date': '2026.03.20 15:37', 'views': '274', 'likes': '9', 'dislikes': '2', 'link': '/item/board_read.naver?code=290690&nid=415508956&page=1', 'score': 544}, {'title': '신입 많이 받으셨네', 'date': '2026.03.20 15:21', 'views': '59', 'likes': '9', 'dislikes': '2', 'link': '/item/board_read.naver?code=290690&nid=415506515&page=2', 'score': 329}, {'title': '주가조작으로 망할듯', 'date': '2026.03.20 13:27', 'views': '42', 'likes': '9', 'dislikes': '2', 'link': '/item/board_read.naver?code=290690&nid=415488509&page=3', 'score': 312}]",290690
