종목명,현재가,등락률,외인변화,당일_게시글수,현재_외국인비중,시장구분,어제_종가,어제_외국인비중,게시물_요약,감정분석,Top_Keyword,연속_등록,latest_posts,scraper_version,code
다날,7800,+30.00%,0.23,240,7.01%,KOSDAQ,5870,6.78%,"[단독] “韓, 스테이블코인 실험할 최...[1] / 3상은치겠죠?[4] / 5연상재료아니냐 이정도면[1] / 참여기업이 미쳤네",Positive (64%),"3상은치겠죠, 스테이블코인, 실험할, 9천, 일만원",1,"[{'title': '3상은치겠죠?[4]', 'date': '2026.04.06 10:02', 'views': '925', 'likes': '14', 'dislikes': '1', 'link': '/item/board_read.naver?code=064260&nid=416818833&page=8', 'body': '', 'score': 1345}, {'title': '[단독] “韓, 스테이블코인 실험할 최...[1]', 'date': '2026.04.06 08:31', 'views': '1376', 'likes': '14', 'dislikes': '3', 'link': '/item/board_read.naver?code=064260&nid=416803886&page=12', 'body': '', 'score': 1796}, {'title': '■9천~일만원 뚫는다..', 'date': '2026.04.06 13:01', 'views': '131', 'likes': '12', 'dislikes': '0', 'link': '/item/board_read.naver?code=064260&nid=416842765&page=1', 'body': '', 'score': 491}, {'title': '참여기업이 미쳤네', 'date': '2026.04.06 10:28', 'views': '200', 'likes': '10', 'dislikes': '0', 'link': '/item/board_read.naver?code=064260&nid=416823350&page=6', 'body': '', 'score': 500}, {'title': '경축!!! 다날, AI 에이전트 재단 ...', 'date': '2026.04.06 09:47', 'views': '168', 'likes': '9', 'dislikes': '0', 'link': '/item/board_read.naver?code=064260&nid=416816213&page=9', 'body': '', 'score': 438}, {'title': '5연상재료아니냐 이정도면[1]', 'date': '2026.04.06 09:45', 'views': '240', 'likes': '9', 'dislikes': '0', 'link': '/item/board_read.naver?code=064260&nid=416815764&page=10', 'body': '', 'score': 510}, {'title': '밑도 끝도없이 막무가네 안티들[1]', 'date': '2026.04.06 12:44', 'views': '99', 'likes': '8', 'dislikes': '1', 'link': '/item/board_read.naver?code=064260&nid=416840772&page=1', 'body': '', 'score': 339}, {'title': '목표가 1,5000  !!!', 'date': '2026.04.06 12:05', 'views': '96', 'likes': '8', 'dislikes': '1', 'link': '/item/board_read.naver?code=064260&nid=416836508&page=2', 'body': '', 'score': 336}, {'title': '92층에 사람있어요[2]', 'date': '2026.04.06 10:20', 'views': '96', 'likes': '8', 'dislikes': '0', 'link': '/item/board_read.naver?code=064260&nid=416821963&page=6', 'body': '', 'score': 336}, {'title': '상쳤네~', 'date': '2026.04.06 09:44', 'views': '34', 'likes': '8', 'dislikes': '0', 'link': '/item/board_read.naver?code=064260&nid=416815593&page=10', 'body': '', 'score': 274}]",9.2 (Strategy Advisor),064260
보원케미칼,11790,+29.99%,0.0,395,0.11%,KOSDAQ,9069,,5연상가보자[1] / 내가 말했쩨!!!!!! 무조건 2만원...[2] / 품절주라 엄청 요동치네 / 낼도 상인데.. 지금 상에 파는 애들...,Positive (75%),"5연상가보자, 상인데, 애들, 품절주라, 엄청",1,"[{'title': '5연상가보자[1]', 'date': '2026.04.06 13:11', 'views': '71', 'likes': '7', 'dislikes': '2', 'link': '/item/board_read.naver?code=0010F0&nid=416843822&page=4', 'body': '', 'score': 281}, {'title': '낼도 상인데.. 지금 상에 파는 애들...', 'date': '2026.04.06 13:27', 'views': '26', 'likes': '6', 'dislikes': '0', 'link': '/item/board_read.naver?code=0010F0&nid=416845686&page=1', 'body': '', 'score': 206}, {'title': '품절주라 엄청 요동치네', 'date': '2026.04.06 13:02', 'views': '27', 'likes': '6', 'dislikes': '2', 'link': '/item/board_read.naver?code=0010F0&nid=416842875&page=4', 'body': '', 'score': 207}, {'title': '형님', 'date': '2026.04.06 12:02', 'views': '9', 'likes': '6', 'dislikes': '0', 'link': '/item/board_read.naver?code=0010F0&nid=416836215&page=13', 'body': '', 'score': 189}, {'title': '대물 냄새나네', 'date': '2026.04.06 12:02', 'views': '10', 'likes': '6', 'dislikes': '0', 'link': '/item/board_read.naver?code=0010F0&nid=416836209&page=13', 'body': '', 'score': 190}, {'title': '내가 말했쩨!!!!!! 무조건 2만원...[2]', 'date': '2026.04.06 13:31', 'views': '70', 'likes': '5', 'dislikes': '3', 'link': '/item/board_read.naver?code=0010F0&nid=416846195&page=1', 'body': '', 'score': 220}, {'title': '5만 원 가겠다', 'date': '2026.04.06 12:40', 'views': '12', 'likes': '5', 'dislikes': '0', 'link': '/item/board_read.naver?code=0010F0&nid=416840286&page=6', 'body': '', 'score': 162}, {'title': '/현재 상황 아 시는 분ㅠㅠ[2]', 'date': '2026.04.06 13:42', 'views': '9', 'likes': '4', 'dislikes': '0', 'link': '/item/board_read.naver?code=0010F0&nid=416847597&page=1', 'body': '', 'score': 129}, {'title': '어제 상한가찍고 13%까지 내리고', 'date': '2026.04.06 13:32', 'views': '69', 'likes': '4', 'dislikes': '0', 'link': '/item/board_read.naver?code=0010F0&nid=416846335&page=1', 'body': '', 'score': 189}, {'title': '어이가 없네 개잡주가 상?[1]', 'date': '2026.04.06 13:31', 'views': '39', 'likes': '4', 'dislikes': '3', 'link': '/item/board_read.naver?code=0010F0&nid=416846161&page=1', 'body': '', 'score': 159}]",9.2 (Strategy Advisor),0010F0
광전자,5790,+29.97%,1.04,184,19.40%,KOSPI,3430,18.36%,"엔비디아가 투자하는 실리콘 포토닉스,...광전... / 엔비디아가 투자하는 실리콘 포토닉스,...광전... / 대한광통신   시총2조넘었다  저런곳도 2조시...[1] / 엔비디아가 투자하는 실리콘 포토닉스,...광전...[2]",Positive (71%),"실리콘, 포토닉스, 엔비디아가, 투자하는, 시총",1,"[{'title': '엔비디아가 투자하는 실리콘 포토닉스,...광전...', 'date': '2026.04.06 10:38', 'views': '99', 'likes': '17', 'dislikes': '1', 'link': '/item/board_read.naver?code=017900&nid=416824890&page=3', 'body': '', 'score': 609}, {'title': '엔비디아가 투자하는 실리콘 포토닉스,...광전...', 'date': '2026.04.06 12:10', 'views': '160', 'likes': '16', 'dislikes': '1', 'link': '/item/board_read.naver?code=017900&nid=416837018&page=1', 'body': '', 'score': 640}, {'title': '광반도체, 실리콘 포토닉스, 광센서 등등', 'date': '2026.04.06 11:53', 'views': '116', 'likes': '13', 'dislikes': '2', 'link': '/item/board_read.naver?code=017900&nid=416835122&page=2', 'body': '', 'score': 506}, {'title': '엔비디아가 투자하는 실리콘 포토닉스,...광전...[2]', 'date': '2026.04.06 11:17', 'views': '158', 'likes': '13', 'dislikes': '1', 'link': '/item/board_read.naver?code=017900&nid=416830577&page=2', 'body': '', 'score': 548}, {'title': '대한광통신   시총2조넘었다  저런곳도 2조시...[1]', 'date': '2026.04.06 12:04', 'views': '206', 'likes': '12', 'dislikes': '2', 'link': '/item/board_read.naver?code=017900&nid=416836374&page=2', 'body': '', 'score': 566}, {'title': '삼성광전자', 'date': '2026.04.06 11:17', 'views': '103', 'likes': '10', 'dislikes': '1', 'link': '/item/board_read.naver?code=017900&nid=416830554&page=2', 'body': '', 'score': 403}, {'title': '실리콘포토닉스ᆢ시총 3조 성호전자대 시총 30...', 'date': '2026.04.06 11:15', 'views': '83', 'likes': '9', 'dislikes': '9', 'link': '/item/board_read.naver?code=017900&nid=416830389&page=2', 'body': '', 'score': 353}, {'title': '삐리한대한광통신 도 시총 2조3천억이다  찐카 광...[1]', 'date': '2026.04.06 09:20', 'views': '112', 'likes': '8', 'dislikes': '1', 'link': '/item/board_read.naver?code=017900&nid=416810668&page=7', 'body': '', 'score': 352}, {'title': '광전자', 'date': '2026.04.06 12:38', 'views': '92', 'likes': '7', 'dislikes': '2', 'link': '/item/board_read.naver?code=017900&nid=416840010&page=1', 'body': '', 'score': 302}, {'title': '상 좀 풀어줘 ㅠㅠ[1]', 'date': '2026.04.06 12:22', 'views': '143', 'likes': '7', 'dislikes': '2', 'link': '/item/board_read.naver?code=017900&nid=416838442&page=1', 'body': '', 'score': 353}]",9.2 (Strategy Advisor),017900
기가레인,2590,+26.65%,0.0,146,1.37%,KOSDAQ,2045,1.37%,"기가레인  10년차트 분석,[1] / 오늘 못사면 / 이재명정부가 좋아할수밖에 없네[3] / 대단한 주포다[1]",Mixed,"10년차트, 이재명정부가, 좋아할수밖에, 1시간뒤, 요놈아가",1,"[{'title': '기가레인  10년차트 분석,[1]', 'date': '2026.04.06 10:35', 'views': '190', 'likes': '14', 'dislikes': '3', 'link': '/item/board_read.naver?code=049080&nid=416824419&page=4', 'body': '', 'score': 610}, {'title': '오늘 못사면', 'date': '2026.04.06 09:22', 'views': '77', 'likes': '12', 'dislikes': '0', 'link': '/item/board_read.naver?code=049080&nid=416811139&page=7', 'body': '', 'score': 437}, {'title': '이재명정부가 좋아할수밖에 없네[3]', 'date': '2026.04.06 13:06', 'views': '171', 'likes': '8', 'dislikes': '0', 'link': '/item/board_read.naver?code=049080&nid=416843316&page=1', 'body': '', 'score': 411}, {'title': '기가레인이', 'date': '2026.04.06 09:12', 'views': '37', 'likes': '8', 'dislikes': '0', 'link': '/item/board_read.naver?code=049080&nid=416809049&page=7', 'body': '', 'score': 277}, {'title': '1시간뒤', 'date': '2026.04.06 08:37', 'views': '54', 'likes': '8', 'dislikes': '2', 'link': '/item/board_read.naver?code=049080&nid=416804448&page=8', 'body': '', 'score': 294}, {'title': '요놈아가', 'date': '2026.04.06 11:03', 'views': '48', 'likes': '7', 'dislikes': '0', 'link': '/item/board_read.naver?code=049080&nid=416828546&page=4', 'body': '', 'score': 258}, {'title': '만원가는거야?', 'date': '2026.04.06 11:02', 'views': '43', 'likes': '7', 'dislikes': '0', 'link': '/item/board_read.naver?code=049080&nid=416828440&page=4', 'body': '', 'score': 253}, {'title': '상찍어라', 'date': '2026.04.06 09:27', 'views': '33', 'likes': '7', 'dislikes': '0', 'link': '/item/board_read.naver?code=049080&nid=416812038&page=7', 'body': '', 'score': 243}, {'title': '외국인매수', 'date': '2026.04.06 12:20', 'views': '43', 'likes': '6', 'dislikes': '0', 'link': '/item/board_read.naver?code=049080&nid=416838221&page=2', 'body': '', 'score': 223}, {'title': '대단한 주포다[1]', 'date': '2026.04.06 10:43', 'views': '174', 'likes': '6', 'dislikes': '0', 'link': '/item/board_read.naver?code=049080&nid=416825587&page=4', 'body': '', 'score': 354}]",9.2 (Strategy Advisor),049080
풍산홀딩스,45100,+24.07%,0.06,178,13.08%,KOSPI,35050,13.02%,한에 공시 냈으니깐 보고와[1] / 이런종목은  항상[1] / ● 이거 안풀리고 잠기면 / 이번주,Positive (52%),"냈으니깐, 보고와, 이런종목은, 항상, 안풀리고",1,"[{'title': '한에 공시 냈으니깐 보고와[1]', 'date': '2026.04.06 11:13', 'views': '659', 'likes': '20', 'dislikes': '3', 'link': '/item/board_read.naver?code=005810&nid=416830042&page=6', 'body': '', 'score': 1259}, {'title': '이런종목은  항상[1]', 'date': '2026.04.06 13:23', 'views': '74', 'likes': '11', 'dislikes': '2', 'link': '/item/board_read.naver?code=005810&nid=416845208&page=1', 'body': '', 'score': 404}, {'title': '● 이거 안풀리고 잠기면', 'date': '2026.04.06 08:14', 'views': '79', 'likes': '10', 'dislikes': '1', 'link': '/item/board_read.naver?code=005810&nid=416802371&page=9', 'body': '', 'score': 379}, {'title': '이번주', 'date': '2026.04.06 09:02', 'views': '40', 'likes': '9', 'dislikes': '1', 'link': '/item/board_read.naver?code=005810&nid=416807096&page=8', 'body': '', 'score': 310}, {'title': '100%', 'date': '2026.04.06 12:10', 'views': '54', 'likes': '8', 'dislikes': '0', 'link': '/item/board_read.naver?code=005810&nid=416837082&page=4', 'body': '', 'score': 294}, {'title': '주포형 맛있는 식사 하시고 계십니까[1]', 'date': '2026.04.06 12:30', 'views': '49', 'likes': '7', 'dislikes': '0', 'link': '/item/board_read.naver?code=005810&nid=416839159&page=3', 'body': '', 'score': 259}, {'title': '아지도 저평가 종목이다', 'date': '2026.04.06 12:26', 'views': '32', 'likes': '7', 'dislikes': '0', 'link': '/item/board_read.naver?code=005810&nid=416838792&page=3', 'body': '', 'score': 242}, {'title': '이름에 써있자나 홀딩해', 'date': '2026.04.06 12:26', 'views': '30', 'likes': '7', 'dislikes': '0', 'link': '/item/board_read.naver?code=005810&nid=416838769&page=3', 'body': '', 'score': 240}, {'title': '빨리문닫고', 'date': '2026.04.06 12:31', 'views': '30', 'likes': '6', 'dislikes': '0', 'link': '/item/board_read.naver?code=005810&nid=416839288&page=3', 'body': '', 'score': 210}, {'title': '인수안한데요', 'date': '2026.04.06 11:39', 'views': '56', 'likes': '6', 'dislikes': '4', 'link': '/item/board_read.naver?code=005810&nid=416833578&page=5', 'body': '', 'score': 236}]",9.2 (Strategy Advisor),005810
세림B&G,2425,+20.35%,-0.07,75,1.24%,KOSDAQ,1994,1.31%,ytn 뉴스 나오자마자 쏘네[1] / 주주아닌사람들[1] / ㅎㅎ / 에코가대장이네[1],Positive (60%),"ytn, 나오자마자, 주주아닌사람들, 어차피, 1900원깨질텐데",1,"[{'title': 'ytn 뉴스 나오자마자 쏘네[1]', 'date': '2026.04.06 12:40', 'views': '112', 'likes': '5', 'dislikes': '1', 'link': '/item/board_read.naver?code=340440&nid=416840249&page=2', 'body': '', 'score': 262}, {'title': 'ㅎㅎ', 'date': '2026.04.06 09:26', 'views': '19', 'likes': '5', 'dislikes': '1', 'link': '/item/board_read.naver?code=340440&nid=416811904&page=4', 'body': '', 'score': 169}, {'title': '주주아닌사람들[1]', 'date': '2026.04.06 08:15', 'views': '55', 'likes': '4', 'dislikes': '4', 'link': '/item/board_read.naver?code=340440&nid=416802390&page=4', 'body': '', 'score': 175}, {'title': '어차피 종가 1900원깨질텐데 ㅋㅋㅋㅋ[1]', 'date': '2026.04.06 12:26', 'views': '16', 'likes': '3', 'dislikes': '1', 'link': '/item/board_read.naver?code=340440&nid=416838851&page=3', 'body': '', 'score': 106}, {'title': '뭐하냐?', 'date': '2026.04.06 12:09', 'views': '16', 'likes': '3', 'dislikes': '1', 'link': '/item/board_read.naver?code=340440&nid=416836985&page=3', 'body': '', 'score': 106}, {'title': '얘는 2000원 이상가면', 'date': '2026.04.06 11:12', 'views': '38', 'likes': '3', 'dislikes': '1', 'link': '/item/board_read.naver?code=340440&nid=416829980&page=3', 'body': '', 'score': 128}, {'title': '에코가대장이네[1]', 'date': '2026.04.06 11:05', 'views': '48', 'likes': '3', 'dislikes': '0', 'link': '/item/board_read.naver?code=340440&nid=416828941&page=3', 'body': '', 'score': 138}, {'title': '나가~~진영을 사라고 혔나 않혔나[4]', 'date': '2026.04.06 13:31', 'views': '69', 'likes': '2', 'dislikes': '1', 'link': '/item/board_read.naver?code=340440&nid=416846242&page=1', 'body': '', 'score': 129}, {'title': '형님들 저는 먼저 내렸습니다[1]', 'date': '2026.04.06 13:18', 'views': '18', 'likes': '2', 'dislikes': '1', 'link': '/item/board_read.naver?code=340440&nid=416844620&page=1', 'body': '', 'score': 78}, {'title': '단주거래설거지 확인[1]', 'date': '2026.04.06 11:43', 'views': '64', 'likes': '2', 'dislikes': '1', 'link': '/item/board_read.naver?code=340440&nid=416834013&page=3', 'body': '', 'score': 124}]",9.2 (Strategy Advisor),340440
남선알미늄,2165,+19.94%,-1.6,343,0.64%,KOSPI,1780,2.24%,롤링 단타 자신없는  님들은[6] / 일단 2175에 다 털었다[7] / 롤링 스타트[9] / 중동 소재 미국 알미늄공장을 포격했다고 이란...,Positive (83%),"롤링, 중동, 미국, 단타, 자신없는",1,"[{'title': '롤링 단타 자신없는  님들은[6]', 'date': '2026.04.06 11:15', 'views': '200', 'likes': '10', 'dislikes': '0', 'link': '/item/board_read.naver?code=008350&nid=416830315&page=7', 'body': '', 'score': 500}, {'title': '일단 2175에 다 털었다[7]', 'date': '2026.04.06 10:37', 'views': '194', 'likes': '8', 'dislikes': '3', 'link': '/item/board_read.naver?code=008350&nid=416824812&page=10', 'body': '', 'score': 434}, {'title': '롤링 스타트[9]', 'date': '2026.04.06 10:12', 'views': '102', 'likes': '8', 'dislikes': '0', 'link': '/item/board_read.naver?code=008350&nid=416820565&page=13', 'body': '', 'score': 342}, {'title': '삼아 쫄따구가 기다리잖아', 'date': '2026.04.06 08:18', 'views': '42', 'likes': '7', 'dislikes': '1', 'link': '/item/board_read.naver?code=008350&nid=416802691&page=18', 'body': '', 'score': 252}, {'title': '재료가 넘쳐나서', 'date': '2026.04.06 12:57', 'views': '44', 'likes': '6', 'dislikes': '0', 'link': '/item/board_read.naver?code=008350&nid=416842308&page=2', 'body': '', 'score': 224}, {'title': '중동 소재 미국 알미늄공장을 포격했다고 이란...', 'date': '2026.04.06 12:50', 'views': '133', 'likes': '6', 'dislikes': '0', 'link': '/item/board_read.naver?code=008350&nid=416841415&page=2', 'body': '', 'score': 313}, {'title': '오늘 대장주라고 들었습니다', 'date': '2026.04.06 12:28', 'views': '23', 'likes': '6', 'dislikes': '0', 'link': '/item/board_read.naver?code=008350&nid=416838957&page=3', 'body': '', 'score': 203}, {'title': '이란혁명수비대(IRGC)는 중동 내 미국 철...', 'date': '2026.04.06 11:34', 'views': '95', 'likes': '6', 'dislikes': '0', 'link': '/item/board_read.naver?code=008350&nid=416832885&page=5', 'body': '', 'score': 275}, {'title': '점상', 'date': '2026.04.06 11:19', 'views': '27', 'likes': '6', 'dislikes': '0', 'link': '/item/board_read.naver?code=008350&nid=416830929&page=6', 'body': '', 'score': 207}, {'title': '4년 물린거 탈출~[1]', 'date': '2026.04.06 11:18', 'views': '93', 'likes': '6', 'dislikes': '0', 'link': '/item/board_read.naver?code=008350&nid=416830738&page=7', 'body': '', 'score': 273}]",9.2 (Strategy Advisor),008350
계양전기우,13860,+18.16%,0.05,64,1.01%,KOSPI,9030,0.96%,우선주의 호재는 본주에서 찾아야 한다.. / 이 종목 어종상 맞지요?[2] / 13700[1] / 역시 쉽지않아[1],Negative (62%),"우선주의, 본주에서, 주식수가, 적으니, 짜릿짜릿",1,"[{'title': '우선주의 호재는 본주에서 찾아야 한다..', 'date': '2026.04.06 08:26', 'views': '110', 'likes': '8', 'dislikes': '0', 'link': '/item/board_read.naver?code=012205&nid=416803476&page=4', 'body': '', 'score': 350}, {'title': '주식수가 적으니  짜릿짜릿 하네', 'date': '2026.04.06 12:58', 'views': '24', 'likes': '7', 'dislikes': '1', 'link': '/item/board_read.naver?code=012205&nid=416842423&page=1', 'body': '', 'score': 234}, {'title': '역시 쉽지않아[1]', 'date': '2026.04.06 11:07', 'views': '50', 'likes': '7', 'dislikes': '1', 'link': '/item/board_read.naver?code=012205&nid=416829253&page=2', 'body': '', 'score': 260}, {'title': '13700[1]', 'date': '2026.04.06 11:16', 'views': '81', 'likes': '6', 'dislikes': '0', 'link': '/item/board_read.naver?code=012205&nid=416830455&page=2', 'body': '', 'score': 261}, {'title': '그만 푸닥거리하고 가자', 'date': '2026.04.06 10:53', 'views': '18', 'likes': '6', 'dislikes': '0', 'link': '/item/board_read.naver?code=012205&nid=416827032&page=2', 'body': '', 'score': 198}, {'title': '정지먹고 간다.', 'date': '2026.04.06 10:30', 'views': '40', 'likes': '6', 'dislikes': '2', 'link': '/item/board_read.naver?code=012205&nid=416823647&page=2', 'body': '', 'score': 220}, {'title': '이 종목 어종상 맞지요?[2]', 'date': '2026.04.06 11:03', 'views': '127', 'likes': '5', 'dislikes': '2', 'link': '/item/board_read.naver?code=012205&nid=416828589&page=2', 'body': '', 'score': 277}, {'title': '1분만에 20퍼가 빠지네 ㄷㄷ', 'date': '2026.04.06 09:04', 'views': '31', 'likes': '5', 'dislikes': '0', 'link': '/item/board_read.naver?code=012205&nid=416807416&page=3', 'body': '', 'score': 181}, {'title': '어째 좀 시원찮다....상 갈려면[1]', 'date': '2026.04.06 11:32', 'views': '64', 'likes': '4', 'dislikes': '2', 'link': '/item/board_read.naver?code=012205&nid=416832630&page=2', 'body': '', 'score': 184}, {'title': '약속에 3시 오나요', 'date': '2026.04.06 11:31', 'views': '23', 'likes': '4', 'dislikes': '1', 'link': '/item/board_read.naver?code=012205&nid=416832508&page=2', 'body': '', 'score': 143}]",9.2 (Strategy Advisor),012205
한국첨단소재,4140,+15.80%,3.14,156,5.36%,KOSDAQ,2750,2.22%,조심들혀요~ 한국첨단소재도 대진첨단소재처럼 상...[3] / 광통신만으로도 이미 최소 만원은 가야하고 / 게임 끝났다. 안티들 빠빠이~~~[1] / 정지[2],Negative (56%),"ETRI와, 광통신만으로도, 최소, 가야하고, 조심들혀요",1,"[{'title': '광통신만으로도 이미 최소 만원은 가야하고', 'date': '2026.04.06 09:17', 'views': '55', 'likes': '13', 'dislikes': '0', 'link': '/item/board_read.naver?code=062970&nid=416810050&page=6', 'body': '', 'score': 445}, {'title': '조심들혀요~ 한국첨단소재도 대진첨단소재처럼 상...[3]', 'date': '2026.04.06 11:51', 'views': '263', 'likes': '8', 'dislikes': '3', 'link': '/item/board_read.naver?code=062970&nid=416834891&page=3', 'body': '', 'score': 503}, {'title': '텐배거 가보자', 'date': '2026.04.06 09:21', 'views': '28', 'likes': '8', 'dislikes': '1', 'link': '/item/board_read.naver?code=062970&nid=416810848&page=6', 'body': '', 'score': 268}, {'title': '한국첨단소재,  ETRI와 기술이전 ...', 'date': '2026.04.06 09:07', 'views': '99', 'likes': '8', 'dislikes': '0', 'link': '/item/board_read.naver?code=062970&nid=416808013&page=7', 'body': '', 'score': 339}, {'title': '게임 끝났다. 안티들 빠빠이~~~[1]', 'date': '2026.04.06 08:36', 'views': '144', 'likes': '8', 'dislikes': '0', 'link': '/item/board_read.naver?code=062970&nid=416804420&page=8', 'body': '', 'score': 384}, {'title': ""한국첨단소재, 세계 최초 양자보안 플랫폼 '퀀텀...[2]"", 'date': '2026.04.06 13:03', 'views': '115', 'likes': '7', 'dislikes': '1', 'link': '/item/board_read.naver?code=062970&nid=416843055&page=1', 'body': '', 'score': 325}, {'title': '미국 암페놀 시총 270조', 'date': '2026.04.06 11:15', 'views': '73', 'likes': '7', 'dislikes': '0', 'link': '/item/board_read.naver?code=062970&nid=416830293&page=3', 'body': '', 'score': 283}, {'title': '함국첨단소재 , ETRI와  기술이전계약  ...', 'date': '2026.04.06 09:56', 'views': '140', 'likes': '7', 'dislikes': '0', 'link': '/item/board_read.naver?code=062970&nid=416817903&page=5', 'body': '', 'score': 350}, {'title': '정지[2]', 'date': '2026.04.06 11:19', 'views': '181', 'likes': '6', 'dislikes': '0', 'link': '/item/board_read.naver?code=062970&nid=416830900&page=3', 'body': '', 'score': 361}, {'title': '걍 냅두고 지켜보고 있으면 저절로 상한가 10...', 'date': '2026.04.06 10:07', 'views': '83', 'likes': '6', 'dislikes': '0', 'link': '/item/board_read.naver?code=062970&nid=416819870&page=4', 'body': '', 'score': 263}]",9.2 (Strategy Advisor),062970
조일알미늄,1611,+13.13%,-0.32,84,0.56%,KOSPI,1401,0.88%,남선 발목잡지말고 / 여기서 멈추면안돼 / 조알 너가 꼴등이다 / 익절 빠이~,Positive (61%),"익절, 남선, 발목잡지말고, 멈추면안돼, 조알",1,"[{'title': '남선 발목잡지말고', 'date': '2026.04.06 11:43', 'views': '34', 'likes': '9', 'dislikes': '0', 'link': '/item/board_read.naver?code=018470&nid=416833951&page=1', 'body': '', 'score': 304}, {'title': '여기서 멈추면안돼', 'date': '2026.04.06 11:47', 'views': '29', 'likes': '8', 'dislikes': '0', 'link': '/item/board_read.naver?code=018470&nid=416834456&page=1', 'body': '', 'score': 269}, {'title': '익절 빠이~', 'date': '2026.04.06 11:59', 'views': '26', 'likes': '7', 'dislikes': '1', 'link': '/item/board_read.naver?code=018470&nid=416835823&page=1', 'body': '', 'score': 236}, {'title': '조알 너가 꼴등이다', 'date': '2026.04.06 11:49', 'views': '32', 'likes': '7', 'dislikes': '1', 'link': '/item/board_read.naver?code=018470&nid=416834639&page=1', 'body': '', 'score': 242}, {'title': '세력은 무슨 ㅋㅋ', 'date': '2026.04.06 11:07', 'views': '17', 'likes': '6', 'dislikes': '0', 'link': '/item/board_read.naver?code=018470&nid=416829204&page=2', 'body': '', 'score': 197}, {'title': '자~ 이제 대장 탈환하러 가자', 'date': '2026.04.06 10:21', 'views': '15', 'likes': '6', 'dislikes': '0', 'link': '/item/board_read.naver?code=018470&nid=416822200&page=4', 'body': '', 'score': 195}, {'title': '아니  누가 넥장 만들어놔서', 'date': '2026.04.06 09:21', 'views': '24', 'likes': '6', 'dislikes': '0', 'link': '/item/board_read.naver?code=018470&nid=416810741&page=5', 'body': '', 'score': 204}, {'title': '1시간동안 올린거 원위치', 'date': '2026.04.06 11:20', 'views': '33', 'likes': '5', 'dislikes': '0', 'link': '/item/board_read.naver?code=018470&nid=416831025&page=2', 'body': '', 'score': 183}, {'title': '익절[2]', 'date': '2026.04.06 12:32', 'views': '94', 'likes': '4', 'dislikes': '0', 'link': '/item/board_read.naver?code=018470&nid=416839446&page=1', 'body': '', 'score': 214}, {'title': '남선주', 'date': '2026.04.06 11:45', 'views': '56', 'likes': '4', 'dislikes': '3', 'link': '/item/board_read.naver?code=018470&nid=416834232&page=1', 'body': '', 'score': 176}]",9.2 (Strategy Advisor),018470
GS글로벌,3570,+12.62%,0.29,108,4.82%,KOSPI,2595,4.53%,GS글로벌[1] / 지금 대통령 국무회의 방송에서 재생에너지 강화 / 형이사라고했지 안티들[2] / 설거지 인줄도 모르고 바보들 같이 ㅋㅋ,Negative (60%),"대통령, 국무회의, 방송에서, 재생에너지, 강화",1,"[{'title': '지금 대통령 국무회의 방송에서 재생에너지 강화', 'date': '2026.04.06 10:09', 'views': '83', 'likes': '7', 'dislikes': '0', 'link': '/item/board_read.naver?code=001250&nid=416820046&page=3', 'body': '', 'score': 293}, {'title': 'GS글로벌[1]', 'date': '2026.04.06 09:52', 'views': '250', 'likes': '7', 'dislikes': '1', 'link': '/item/board_read.naver?code=001250&nid=416817170&page=4', 'body': '', 'score': 460}, {'title': '설거지 인줄도 모르고 바보들 같이 ㅋㅋ', 'date': '2026.04.06 12:49', 'views': '31', 'likes': '6', 'dislikes': '4', 'link': '/item/board_read.naver?code=001250&nid=416841327&page=1', 'body': '', 'score': 211}, {'title': '올릴생각이', 'date': '2026.04.06 12:25', 'views': '26', 'likes': '4', 'dislikes': '1', 'link': '/item/board_read.naver?code=001250&nid=416838714&page=2', 'body': '', 'score': 146}, {'title': '대한광통신알제', 'date': '2026.04.06 10:06', 'views': '84', 'likes': '4', 'dislikes': '1', 'link': '/item/board_read.naver?code=001250&nid=416819612&page=3', 'body': '', 'score': 204}, {'title': '팔면 호9  되는거 알제??', 'date': '2026.04.06 09:47', 'views': '19', 'likes': '4', 'dislikes': '1', 'link': '/item/board_read.naver?code=001250&nid=416816073&page=4', 'body': '', 'score': 139}, {'title': '형이사라고했지 안티들[2]', 'date': '2026.04.06 09:31', 'views': '138', 'likes': '4', 'dislikes': '1', 'link': '/item/board_read.naver?code=001250&nid=416812996&page=4', 'body': '', 'score': 258}, {'title': '아 ㅡㅡ 어이없네', 'date': '2026.04.06 09:27', 'views': '28', 'likes': '4', 'dislikes': '1', 'link': '/item/board_read.naver?code=001250&nid=416812070&page=5', 'body': '', 'score': 148}, {'title': '내일 오른다 걍 지금 사', 'date': '2026.04.06 13:30', 'views': '12', 'likes': '3', 'dislikes': '1', 'link': '/item/board_read.naver?code=001250&nid=416846151&page=1', 'body': '', 'score': 102}, {'title': '좀 기다려라 ㅋㅋ 갈길이 멀잖니 ㅎ', 'date': '2026.04.06 13:19', 'views': '25', 'likes': '3', 'dislikes': '0', 'link': '/item/board_read.naver?code=001250&nid=416844737&page=1', 'body': '', 'score': 115}]",9.2 (Strategy Advisor),001250
한패스,16600,+12.54%,-0.04,111,1.06%,KOSDAQ,14650,1.10%,"평단 47,000원입니다 ㅎㅎㅎㅎㅎㅎ[3] / 오늘도 주가조작 / 진짜 질 안좋은 종목입니다 / 내일 기관물량 30만주 풀린다",Positive (75%),"평단, 000원입니다, 주가조작, 종목입니다, 한국투자증권",1,"[{'title': '평단 47,000원입니다 ㅎㅎㅎㅎㅎㅎ[3]', 'date': '2026.04.06 09:56', 'views': '79', 'likes': '11', 'dislikes': '0', 'link': '/item/board_read.naver?code=408470&nid=416817816&page=5', 'body': '', 'score': 409}, {'title': '오늘도 주가조작', 'date': '2026.04.06 13:09', 'views': '15', 'likes': '8', 'dislikes': '0', 'link': '/item/board_read.naver?code=408470&nid=416843666&page=1', 'body': '', 'score': 255}, {'title': '진짜 질 안좋은 종목입니다', 'date': '2026.04.06 13:09', 'views': '21', 'likes': '7', 'dislikes': '0', 'link': '/item/board_read.naver?code=408470&nid=416843638&page=1', 'body': '', 'score': 231}, {'title': '한국투자증권 레기짓하는거봐라[1]', 'date': '2026.04.06 13:03', 'views': '20', 'likes': '6', 'dislikes': '1', 'link': '/item/board_read.naver?code=408470&nid=416843037&page=1', 'body': '', 'score': 200}, {'title': '에스팀처럼 5토막 난다', 'date': '2026.04.06 12:36', 'views': '27', 'likes': '6', 'dislikes': '0', 'link': '/item/board_read.naver?code=408470&nid=416839804&page=2', 'body': '', 'score': 207}, {'title': '여기서 다시 밀리면 8천원간다', 'date': '2026.04.06 12:31', 'views': '16', 'likes': '6', 'dislikes': '0', 'link': '/item/board_read.naver?code=408470&nid=416839317&page=2', 'body': '', 'score': 196}, {'title': '내일 기관물량 30만주 풀린다', 'date': '2026.04.06 10:51', 'views': '43', 'likes': '6', 'dislikes': '1', 'link': '/item/board_read.naver?code=408470&nid=416826765&page=4', 'body': '', 'score': 223}, {'title': '사기상장 살인기업이 올라가겠나[1]', 'date': '2026.04.06 13:05', 'views': '18', 'likes': '5', 'dislikes': '0', 'link': '/item/board_read.naver?code=408470&nid=416843253&page=1', 'body': '', 'score': 168}, {'title': '오늘 다날뉴스는 단기 이슈기 때문에 리스크...', 'date': '2026.04.06 12:27', 'views': '44', 'likes': '5', 'dislikes': '0', 'link': '/item/board_read.naver?code=408470&nid=416838895&page=2', 'body': '', 'score': 194}, {'title': '아직 -63% ~', 'date': '2026.04.06 11:52', 'views': '19', 'likes': '5', 'dislikes': '0', 'link': '/item/board_read.naver?code=408470&nid=416835050&page=3', 'body': '', 'score': 169}]",9.2 (Strategy Advisor),408470
그린리소스,14720,+11.85%,-0.1,67,1.11%,KOSDAQ,13620,1.21%,"빅뉴스[4] / 그린리소스, 삼성 파운드리 GAA '핵심 파트너... / 침 흘리지말고 셧[3] / 운전참드럽게못하네..[1]",Positive (80%),"개잡주, 빅뉴스, 흘리지말고, 있길, 30000원까지는",1,"[{'title': '빅뉴스[4]', 'date': '2026.04.06 10:45', 'views': '173', 'likes': '7', 'dislikes': '3', 'link': '/item/board_read.naver?code=402490&nid=416825944&page=3', 'body': '', 'score': 383}, {'title': '침 흘리지말고 셧[3]', 'date': '2026.04.06 12:47', 'views': '52', 'likes': '4', 'dislikes': '2', 'link': '/item/board_read.naver?code=402490&nid=416841089&page=1', 'body': '', 'score': 172}, {'title': '꽉잡고 있길 30000원까지는 무난할듯', 'date': '2026.04.06 12:36', 'views': '20', 'likes': '4', 'dislikes': '1', 'link': '/item/board_read.naver?code=402490&nid=416839805&page=1', 'body': '', 'score': 140}, {'title': '운전참드럽게못하네..[1]', 'date': '2026.04.06 12:30', 'views': '47', 'likes': '4', 'dislikes': '0', 'link': '/item/board_read.naver?code=402490&nid=416839230&page=1', 'body': '', 'score': 167}, {'title': ""그린리소스, 삼성 파운드리 GAA '핵심 파트너..."", 'date': '2026.04.06 11:33', 'views': '108', 'likes': '3', 'dislikes': '0', 'link': '/item/board_read.naver?code=402490&nid=416832781&page=3', 'body': '', 'score': 198}, {'title': '개잡주[1]', 'date': '2026.04.06 10:03', 'views': '46', 'likes': '3', 'dislikes': '2', 'link': '/item/board_read.naver?code=402490&nid=416819118&page=3', 'body': '', 'score': 136}, {'title': '개잡주', 'date': '2026.04.06 09:24', 'views': '18', 'likes': '3', 'dislikes': '0', 'link': '/item/board_read.naver?code=402490&nid=416811513&page=3', 'body': '', 'score': 108}, {'title': '상한가 가든말든[1]', 'date': '2026.04.06 08:52', 'views': '62', 'likes': '3', 'dislikes': '2', 'link': '/item/board_read.naver?code=402490&nid=416805905&page=4', 'body': '', 'score': 152}, {'title': '삼성전자와 파운드리에서 밀접한 관계가 있는 기업...', 'date': '2026.04.06 13:36', 'views': '10', 'likes': '2', 'dislikes': '0', 'link': '/item/board_read.naver?code=402490&nid=416846849&page=1', 'body': '', 'score': 70}, {'title': '결국은 종가에 또 파랑불', 'date': '2026.04.06 12:40', 'views': '19', 'likes': '2', 'dislikes': '1', 'link': '/item/board_read.naver?code=402490&nid=416840238&page=1', 'body': '', 'score': 79}]",9.2 (Strategy Advisor),402490
알루코,2725,+11.68%,0.2,96,1.62%,KOSPI,2385,1.42%,오늘에야 본 종목이라 아쉽[1] / 얜 진짜 웃기네 / AL 재가동 1년 걸린다네.[1] / 알미늄주 중에 얘가 꼴등[1],Positive (62%),"오늘에야, 종목이라, 아쉽, 못뚫지, 알미늄주",1,"[{'title': '얜 진짜 웃기네', 'date': '2026.04.06 11:29', 'views': '43', 'likes': '6', 'dislikes': '0', 'link': '/item/board_read.naver?code=001780&nid=416832208&page=2', 'body': '', 'score': 223}, {'title': '오늘에야 본 종목이라 아쉽[1]', 'date': '2026.04.06 10:23', 'views': '208', 'likes': '5', 'dislikes': '1', 'link': '/item/board_read.naver?code=001780&nid=416822573&page=3', 'body': '', 'score': 358}, {'title': '못뚫지 ㅋ', 'date': '2026.04.06 09:47', 'views': '25', 'likes': '5', 'dislikes': '2', 'link': '/item/board_read.naver?code=001780&nid=416816219&page=5', 'body': '', 'score': 175}, {'title': '알미늄주 중에 얘가 꼴등[1]', 'date': '2026.04.06 12:39', 'views': '72', 'likes': '4', 'dislikes': '0', 'link': '/item/board_read.naver?code=001780&nid=416840155&page=1', 'body': '', 'score': 192}, {'title': '지금이라도 남선으로 가야긋네', 'date': '2026.04.06 11:39', 'views': '31', 'likes': '4', 'dislikes': '0', 'link': '/item/board_read.naver?code=001780&nid=416833492&page=2', 'body': '', 'score': 151}, {'title': '꼬라지가', 'date': '2026.04.06 11:10', 'views': '19', 'likes': '4', 'dislikes': '0', 'link': '/item/board_read.naver?code=001780&nid=416829655&page=2', 'body': '', 'score': 139}, {'title': '대장 뺏기고 꼴찌 찍은 종목', 'date': '2026.04.06 11:09', 'views': '18', 'likes': '4', 'dislikes': '0', 'link': '/item/board_read.naver?code=001780&nid=416829548&page=2', 'body': '', 'score': 138}, {'title': '삼아한테도 따라잡혔네', 'date': '2026.04.06 11:06', 'views': '24', 'likes': '4', 'dislikes': '0', 'link': '/item/board_read.naver?code=001780&nid=416829042&page=2', 'body': '', 'score': 144}, {'title': '+2,000,000원!!!', 'date': '2026.04.06 09:40', 'views': '27', 'likes': '4', 'dislikes': '2', 'link': '/item/board_read.naver?code=001780&nid=416814895&page=5', 'body': '', 'score': 147}, {'title': 'AL 재가동 1년 걸린다네.[1]', 'date': '2026.04.06 08:31', 'views': '74', 'likes': '4', 'dislikes': '4', 'link': '/item/board_read.naver?code=001780&nid=416803954&page=5', 'body': '', 'score': 194}]",9.2 (Strategy Advisor),001780
삼성E&A,45050,+11.10%,0.43,339,46.16%,KOSPI,35100,45.73%,"매집하고 있다.[4] / 미 월가 뉴스 중동재건  엔지니어링 두회... / 프리마켓 7% 오르고,[1] / 이라크 전쟁후 미 재건주 36배 올랐다고...",Positive (55%),"매집하고, 700원, 달려달려, 에너지, 진출",1,"[{'title': '매집하고 있다.[4]', 'date': '2026.04.06 12:24', 'views': '337', 'likes': '10', 'dislikes': '4', 'link': '/item/board_read.naver?code=028050&nid=416838565&page=3', 'body': '', 'score': 637}, {'title': '오늘 52,700원 으로 ~~~달려달려', 'date': '2026.04.06 08:49', 'views': '26', 'likes': '9', 'dislikes': '0', 'link': '/item/board_read.naver?code=028050&nid=416805603&page=15', 'body': '', 'score': 296}, {'title': '삼성이  에너지 분야 진출', 'date': '2026.04.06 09:42', 'views': '55', 'likes': '8', 'dislikes': '0', 'link': '/item/board_read.naver?code=028050&nid=416815240&page=11', 'body': '', 'score': 295}, {'title': '프리마켓 7% 오르고,[1]', 'date': '2026.04.06 08:32', 'views': '107', 'likes': '8', 'dislikes': '7', 'link': '/item/board_read.naver?code=028050&nid=416803992&page=16', 'body': '', 'score': 347}, {'title': '미 월가 뉴스 중동재건  엔지니어링 두회...', 'date': '2026.04.06 08:16', 'views': '195', 'likes': '8', 'dislikes': '3', 'link': '/item/board_read.naver?code=028050&nid=416802504&page=16', 'body': '', 'score': 435}, {'title': '모건. 신한', 'date': '2026.04.06 11:54', 'views': '64', 'likes': '7', 'dislikes': '0', 'link': '/item/board_read.naver?code=028050&nid=416835217&page=4', 'body': '', 'score': 274}, {'title': '오후에 다시 갑시다', 'date': '2026.04.06 11:52', 'views': '64', 'likes': '7', 'dislikes': '0', 'link': '/item/board_read.naver?code=028050&nid=416835006&page=4', 'body': '', 'score': 274}, {'title': '이라크 전쟁후 미 재건주 36배 올랐다고...', 'date': '2026.04.06 09:42', 'views': '92', 'likes': '7', 'dislikes': '0', 'link': '/item/board_read.naver?code=028050&nid=416815144&page=11', 'body': '', 'score': 302}, {'title': '오늘상예상', 'date': '2026.04.06 09:36', 'views': '17', 'likes': '7', 'dislikes': '0', 'link': '/item/board_read.naver?code=028050&nid=416813916&page=11', 'body': '', 'score': 227}, {'title': '재매수 스타트!', 'date': '2026.04.06 13:30', 'views': '56', 'likes': '6', 'dislikes': '0', 'link': '/item/board_read.naver?code=028050&nid=416846103&page=1', 'body': '', 'score': 236}]",9.2 (Strategy Advisor),028050
후성,9790,+9.75%,0.05,259,8.06%,KOSPI,6940,8.01%,드디어~~[1] / #후성#  기관 순매수 현제상황[1] / 추가매수 완료 대박 가봅시다 부족 사태~~ / 거래량 봐서는 대충 끝낼거는 아닌디[1],Negative (52%),"거래량, 상한가입니다, 추가매수, 완료, 가봅시다",1,"[{'title': '추가매수 완료 대박 가봅시다 부족 사태~~', 'date': '2026.04.06 10:49', 'views': '143', 'likes': '14', 'dislikes': '2', 'link': '/item/board_read.naver?code=093370&nid=416826585&page=5', 'body': '', 'score': 563}, {'title': '드디어~~[1]', 'date': '2026.04.06 11:14', 'views': '260', 'likes': '13', 'dislikes': '3', 'link': '/item/board_read.naver?code=093370&nid=416830154&page=5', 'body': '', 'score': 650}, {'title': '거래량 봐서는 대충 끝낼거는 아닌디[1]', 'date': '2026.04.06 11:53', 'views': '169', 'likes': '12', 'dislikes': '2', 'link': '/item/board_read.naver?code=093370&nid=416835129&page=5', 'body': '', 'score': 529}, {'title': '거래량 실화냐', 'date': '2026.04.06 08:58', 'views': '91', 'likes': '11', 'dislikes': '0', 'link': '/item/board_read.naver?code=093370&nid=416806507&page=8', 'body': '', 'score': 421}, {'title': '#후성#  기관 순매수 현제상황[1]', 'date': '2026.04.06 10:12', 'views': '323', 'likes': '10', 'dislikes': '0', 'link': '/item/board_read.naver?code=093370&nid=416820619&page=6', 'body': '', 'score': 623}, {'title': '겁먹지마세용', 'date': '2026.04.06 09:46', 'views': '58', 'likes': '10', 'dislikes': '0', 'link': '/item/board_read.naver?code=093370&nid=416815949&page=7', 'body': '', 'score': 358}, {'title': '오후에 상한가입니다[1]', 'date': '2026.04.06 12:02', 'views': '81', 'likes': '9', 'dislikes': '2', 'link': '/item/board_read.naver?code=093370&nid=416836135&page=4', 'body': '', 'score': 351}, {'title': '오늘 상한가입니다[1]', 'date': '2026.04.06 12:47', 'views': '123', 'likes': '8', 'dislikes': '2', 'link': '/item/board_read.naver?code=093370&nid=416841023&page=3', 'body': '', 'score': 363}, {'title': '얘들이 후성 무서운줄 모르네 ㅋㅋ[3]', 'date': '2026.04.06 11:12', 'views': '231', 'likes': '8', 'dislikes': '2', 'link': '/item/board_read.naver?code=093370&nid=416829948&page=5', 'body': '', 'score': 471}, {'title': '% 필독%후성  #육불화텅스텐(WF6)공...', 'date': '2026.04.06 10:03', 'views': '119', 'likes': '8', 'dislikes': '0', 'link': '/item/board_read.naver?code=093370&nid=416819029&page=6', 'body': '', 'score': 359}]",9.2 (Strategy Advisor),093370
에코플라스틱,4215,+8.77%,-0.38,64,0.51%,KOSDAQ,3975,0.89%,오후에 에코 장대양봉 나온다 쟁여둬라.[6] / 왜 하필 / 거래량은 니가 대장이라고.. / 플라스틱 이슈 끝난지가 언젠데 ㅋㅋㅋ,Positive (57%),"장대양봉, 쟁여둬라, 이슈, 끝난지가, 언젠데",1,"[{'title': '오후에 에코 장대양봉 나온다 쟁여둬라.[6]', 'date': '2026.04.06 10:02', 'views': '128', 'likes': '5', 'dislikes': '4', 'link': '/item/board_read.naver?code=038110&nid=416818979&page=4', 'body': '', 'score': 278}, {'title': '플라스틱 이슈 끝난지가 언젠데 ㅋㅋㅋ', 'date': '2026.04.06 13:23', 'views': '22', 'likes': '4', 'dislikes': '0', 'link': '/item/board_read.naver?code=038110&nid=416845245&page=1', 'body': '', 'score': 142}, {'title': '올리는척 털어먹고 있네', 'date': '2026.04.06 13:21', 'views': '17', 'likes': '4', 'dislikes': '0', 'link': '/item/board_read.naver?code=038110&nid=416844979&page=1', 'body': '', 'score': 137}, {'title': '오늘 상한가다', 'date': '2026.04.06 13:20', 'views': '12', 'likes': '4', 'dislikes': '2', 'link': '/item/board_read.naver?code=038110&nid=416844905&page=2', 'body': '', 'score': 132}, {'title': '거래량은 니가 대장이라고..', 'date': '2026.04.06 10:54', 'views': '37', 'likes': '4', 'dislikes': '3', 'link': '/item/board_read.naver?code=038110&nid=416827286&page=3', 'body': '', 'score': 157}, {'title': '왜 하필', 'date': '2026.04.06 09:24', 'views': '45', 'likes': '4', 'dislikes': '0', 'link': '/item/board_read.naver?code=038110&nid=416811417&page=4', 'body': '', 'score': 165}, {'title': 'ㅃ ㅐ고 담을 타이밍이 제일 중요하죠...', 'date': '2026.04.06 13:39', 'views': '12', 'likes': '3', 'dislikes': '0', 'link': '/item/board_read.naver?code=038110&nid=416847204&page=1', 'body': '', 'score': 102}, {'title': '역시', 'date': '2026.04.06 13:12', 'views': '17', 'likes': '3', 'dislikes': '0', 'link': '/item/board_read.naver?code=038110&nid=416844037&page=2', 'body': '', 'score': 107}, {'title': '나도던짐 수고 주포가 간이콩알이야', 'date': '2026.04.06 13:10', 'views': '8', 'likes': '3', 'dislikes': '0', 'link': '/item/board_read.naver?code=038110&nid=416843798&page=2', 'body': '', 'score': 98}, {'title': '오늘도 단타성공', 'date': '2026.04.06 11:18', 'views': '36', 'likes': '3', 'dislikes': '2', 'link': '/item/board_read.naver?code=038110&nid=416830685&page=3', 'body': '', 'score': 126}]",9.2 (Strategy Advisor),038110
풍산,104700,+8.16%,0.17,619,11.83%,KOSPI,92700,11.66%,"님들 풍산 평단 얼마에요??[12] / 한화에어로스페이스 ""풍산 탄약사업 인수, 세부... / 매수자들은... / 그냥 상식적으로만 생각해도[1]",Negative (54%),"매수자들은, 님들, 평단, 얼마에요, 그만털고",1,"[{'title': '매수자들은...', 'date': '2026.04.06 11:00', 'views': '106', 'likes': '14', 'dislikes': '2', 'link': '/item/board_read.naver?code=103140&nid=416828107&page=11', 'body': '', 'score': 526}, {'title': '님들 풍산 평단 얼마에요??[12]', 'date': '2026.04.06 12:12', 'views': '558', 'likes': '13', 'dislikes': '3', 'link': '/item/board_read.naver?code=103140&nid=416837301&page=5', 'body': '', 'score': 948}, {'title': '그만털고 가라[1]', 'date': '2026.04.06 10:13', 'views': '88', 'likes': '12', 'dislikes': '1', 'link': '/item/board_read.naver?code=103140&nid=416820707&page=15', 'body': '', 'score': 448}, {'title': '안녕하세요. 바닥 종목 발굴가입니다.', 'date': '2026.04.06 08:28', 'views': '88', 'likes': '12', 'dislikes': '2', 'link': '/item/board_read.naver?code=103140&nid=416803610&page=27', 'body': '', 'score': 448}, {'title': '시초가 매수 손 ✋️[2]', 'date': '2026.04.06 13:34', 'views': '145', 'likes': '11', 'dislikes': '1', 'link': '/item/board_read.naver?code=103140&nid=416846626&page=2', 'body': '', 'score': 475}, {'title': '한화 프리미엄 붙는데', 'date': '2026.04.06 08:25', 'views': '43', 'likes': '11', 'dislikes': '1', 'link': '/item/board_read.naver?code=103140&nid=416803357&page=27', 'body': '', 'score': 373}, {'title': '망한거같은데...[1]', 'date': '2026.04.06 13:30', 'views': '90', 'likes': '10', 'dislikes': '2', 'link': '/item/board_read.naver?code=103140&nid=416846077&page=2', 'body': '', 'score': 390}, {'title': '인적 분할 매각이다.[1]', 'date': '2026.04.06 12:33', 'views': '175', 'likes': '10', 'dislikes': '2', 'link': '/item/board_read.naver?code=103140&nid=416839527&page=5', 'body': '', 'score': 475}, {'title': '그냥 상식적으로만 생각해도[1]', 'date': '2026.04.06 11:43', 'views': '200', 'likes': '10', 'dislikes': '0', 'link': '/item/board_read.naver?code=103140&nid=416834020&page=7', 'body': '', 'score': 500}, {'title': '한화에어로스페이스 ""풍산 탄약사업 인수, 세부...', 'date': '2026.04.06 11:31', 'views': '274', 'likes': '10', 'dislikes': '0', 'link': '/item/board_read.naver?code=103140&nid=416832461&page=8', 'body': '', 'score': 574}]",9.2 (Strategy Advisor),103140
한일사료,4395,+7.06%,1.73,115,3.35%,KOSDAQ,3945,1.62%,에라. 잣 같은 종목 손절하고 간다. / 물가가 쑥 쑥 올라가겠지. / 이제시작이다 / 줄때 왜 안먹고 물리지[1],Negative (52%),"에라, 손절하고, 올라가겠지, 이제시작이다, 대장이면",1,"[{'title': '에라. 잣 같은 종목 손절하고 간다.', 'date': '2026.04.06 10:05', 'views': '37', 'likes': '9', 'dislikes': '0', 'link': '/item/board_read.naver?code=005860&nid=416819483&page=3', 'body': '', 'score': 307}, {'title': '물가가 쑥 쑥 올라가겠지.', 'date': '2026.04.06 10:46', 'views': '37', 'likes': '7', 'dislikes': '0', 'link': '/item/board_read.naver?code=005860&nid=416826143&page=3', 'body': '', 'score': 247}, {'title': '이제시작이다', 'date': '2026.04.06 09:57', 'views': '38', 'likes': '6', 'dislikes': '0', 'link': '/item/board_read.naver?code=005860&nid=416817953&page=3', 'body': '', 'score': 218}, {'title': '갈놈은 사료곡물주밖에없다', 'date': '2026.04.06 12:30', 'views': '33', 'likes': '5', 'dislikes': '0', 'link': '/item/board_read.naver?code=005860&nid=416839193&page=1', 'body': '', 'score': 183}, {'title': '상친다', 'date': '2026.04.06 09:31', 'views': '18', 'likes': '5', 'dislikes': '0', 'link': '/item/board_read.naver?code=005860&nid=416812916&page=4', 'body': '', 'score': 168}, {'title': '대장이면 대장답게 상한가 한 방 가자', 'date': '2026.04.06 11:46', 'views': '34', 'likes': '4', 'dislikes': '0', 'link': '/item/board_read.naver?code=005860&nid=416834347&page=2', 'body': '', 'score': 154}, {'title': '너무 분위기가 좋다 버티는 개미도 많고[1]', 'date': '2026.04.06 11:40', 'views': '72', 'likes': '4', 'dislikes': '1', 'link': '/item/board_read.naver?code=005860&nid=416833604&page=2', 'body': '', 'score': 192}, {'title': '물고기 발라먹은 차트네', 'date': '2026.04.06 11:34', 'views': '32', 'likes': '4', 'dislikes': '0', 'link': '/item/board_read.naver?code=005860&nid=416832895&page=2', 'body': '', 'score': 152}, {'title': '줄때 왜 안먹고 물리지[1]', 'date': '2026.04.06 11:11', 'views': '80', 'likes': '4', 'dislikes': '11', 'link': '/item/board_read.naver?code=005860&nid=416829770&page=2', 'body': '', 'score': 200}, {'title': '와 희우들', 'date': '2026.04.06 11:08', 'views': '36', 'likes': '4', 'dislikes': '9', 'link': '/item/board_read.naver?code=005860&nid=416829334&page=2', 'body': '', 'score': 156}]",9.2 (Strategy Advisor),005860
케이뱅크,6230,+5.95%,0.01,177,0.18%,KOSPI,5790,0.17%,8100원대 입니다.[10] / 6500원대 물린 호구 없제?[4] / 저는 스테이블코인 대장이 케이뱅크라고 생각... / 오늘 상이네 상[2],Positive (59%),"스테이블, 8100원대, 스테이블코인, 결재, 관련주",1,"[{'title': '8100원대 입니다.[10]', 'date': '2026.04.06 12:07', 'views': '458', 'likes': '12', 'dislikes': '0', 'link': '/item/board_read.naver?code=279570&nid=416836676&page=3', 'body': '', 'score': 818}, {'title': '저는 스테이블코인 대장이 케이뱅크라고 생각...', 'date': '2026.04.06 10:23', 'views': '112', 'likes': '10', 'dislikes': '2', 'link': '/item/board_read.naver?code=279570&nid=416822502&page=6', 'body': '', 'score': 412}, {'title': '오늘 결재 관련주 다 상승인데 뭔일???', 'date': '2026.04.06 12:14', 'views': '65', 'likes': '9', 'dislikes': '1', 'link': '/item/board_read.naver?code=279570&nid=416837493&page=2', 'body': '', 'score': 335}, {'title': '6500원대 물린 호구 없제?[4]', 'date': '2026.04.06 12:17', 'views': '316', 'likes': '8', 'dislikes': '4', 'link': '/item/board_read.naver?code=279570&nid=416837865&page=2', 'body': '', 'score': 556}, {'title': '거래량[1]', 'date': '2026.04.06 12:28', 'views': '127', 'likes': '7', 'dislikes': '1', 'link': '/item/board_read.naver?code=279570&nid=416839009&page=2', 'body': '', 'score': 337}, {'title': '오늘 상이네 상[2]', 'date': '2026.04.06 12:17', 'views': '196', 'likes': '7', 'dislikes': '5', 'link': '/item/board_read.naver?code=279570&nid=416837796&page=2', 'body': '', 'score': 406}, {'title': '평단 5800 -> 6300 매도완료[2]', 'date': '2026.04.06 10:34', 'views': '93', 'likes': '7', 'dislikes': '5', 'link': '/item/board_read.naver?code=279570&nid=416824282&page=6', 'body': '', 'score': 303}, {'title': '추세전환했네', 'date': '2026.04.06 10:32', 'views': '70', 'likes': '7', 'dislikes': '3', 'link': '/item/board_read.naver?code=279570&nid=416823934&page=6', 'body': '', 'score': 280}, {'title': '대놓고 스테이블[3]', 'date': '2026.04.06 10:21', 'views': '176', 'likes': '7', 'dislikes': '1', 'link': '/item/board_read.naver?code=279570&nid=416822259&page=6', 'body': '', 'score': 386}, {'title': '대놓고 스테이블[3]', 'date': '2026.04.06 10:21', 'views': '176', 'likes': '7', 'dislikes': '1', 'link': '/item/board_read.naver?code=279570&nid=416822259&page=7', 'body': '', 'score': 386}]",9.2 (Strategy Advisor),279570
삼아알미늄,38100,+5.83%,-0.03,82,34.99%,KOSPI,34150,35.02%,횡보하는거보니[3] / 오늘종가 46000[1] / 본장 날라가겠네 / 중동 알루미늄공장,Positive (81%),"횡보하는거보니, 본장, 날라가겠네, 중동, 오늘종가",1,"[{'title': '횡보하는거보니[3]', 'date': '2026.04.06 08:35', 'views': '124', 'likes': '7', 'dislikes': '2', 'link': '/item/board_read.naver?code=006110&nid=416804265&page=4', 'body': '', 'score': 334}, {'title': '본장 날라가겠네', 'date': '2026.04.06 08:22', 'views': '27', 'likes': '6', 'dislikes': '0', 'link': '/item/board_read.naver?code=006110&nid=416803112&page=4', 'body': '', 'score': 207}, {'title': '중동 알루미늄공장', 'date': '2026.04.06 08:17', 'views': '26', 'likes': '6', 'dislikes': '0', 'link': '/item/board_read.naver?code=006110&nid=416802577&page=4', 'body': '', 'score': 206}, {'title': '오늘종가 46000[1]', 'date': '2026.04.06 11:17', 'views': '62', 'likes': '5', 'dislikes': '1', 'link': '/item/board_read.naver?code=006110&nid=416830580&page=2', 'body': '', 'score': 212}, {'title': '오늘 금속주 전부 상한가입니다', 'date': '2026.04.06 08:57', 'views': '53', 'likes': '4', 'dislikes': '1', 'link': '/item/board_read.naver?code=006110&nid=416806414&page=4', 'body': '', 'score': 173}, {'title': '전 3퍼만 먹고가요 4백 ㅜㅜ', 'date': '2026.04.06 08:31', 'views': '28', 'likes': '4', 'dislikes': '1', 'link': '/item/board_read.naver?code=006110&nid=416803941&page=4', 'body': '', 'score': 148}, {'title': '내일부터는 알루미늄대장', 'date': '2026.04.06 12:05', 'views': '49', 'likes': '3', 'dislikes': '0', 'link': '/item/board_read.naver?code=006110&nid=416836485&page=2', 'body': '', 'score': 139}, {'title': '남선사길잘한듯ㅋ', 'date': '2026.04.06 11:09', 'views': '36', 'likes': '3', 'dislikes': '0', 'link': '/item/board_read.naver?code=006110&nid=416829434&page=2', 'body': '', 'score': 126}, {'title': '45000원 뚫면 3연상 짜리네요[1]', 'date': '2026.04.06 10:52', 'views': '94', 'likes': '3', 'dislikes': '0', 'link': '/item/board_read.naver?code=006110&nid=416826958&page=3', 'body': '', 'score': 184}, {'title': '저점잡고 반등이니 털리지마삼~^^', 'date': '2026.04.06 09:06', 'views': '48', 'likes': '3', 'dislikes': '2', 'link': '/item/board_read.naver?code=006110&nid=416807851&page=4', 'body': '', 'score': 138}]",9.2 (Strategy Advisor),006110
S-Oil,117200,+5.21%,0.12,147,76.64%,KOSPI,106500,76.52%,S'oiL[4] / 너무 부럽다.. / 산유국 기름 없으면 우짤껀데[1] / 15층에있어요[2],Negative (66%),"산유국, 기름, 우짤껀데, oiL, 정도일",1,"[{'title': '너무 부럽다..', 'date': '2026.04.06 11:35', 'views': '104', 'likes': '17', 'dislikes': '0', 'link': '/item/board_read.naver?code=010950&nid=416833034&page=2', 'body': '', 'score': 614}, {'title': '산유국 기름 없으면 우짤껀데[1]', 'date': '2026.04.06 12:15', 'views': '134', 'likes': '9', 'dislikes': '0', 'link': '/item/board_read.naver?code=010950&nid=416837638&page=2', 'body': '', 'score': 404}, {'title': ""S'oiL[4]"", 'date': '2026.04.06 11:30', 'views': '355', 'likes': '9', 'dislikes': '9', 'link': '/item/board_read.naver?code=010950&nid=416832315&page=2', 'body': '', 'score': 625}, {'title': '오늘의 고점은 이 정도일 듯', 'date': '2026.04.06 11:28', 'views': '105', 'likes': '8', 'dislikes': '5', 'link': '/item/board_read.naver?code=010950&nid=416832016&page=2', 'body': '', 'score': 345}, {'title': '17층 사람잇다', 'date': '2026.04.06 12:35', 'views': '46', 'likes': '7', 'dislikes': '1', 'link': '/item/board_read.naver?code=010950&nid=416839720&page=1', 'body': '', 'score': 256}, {'title': '부럽다…', 'date': '2026.04.06 11:29', 'views': '72', 'likes': '7', 'dislikes': '3', 'link': '/item/board_read.naver?code=010950&nid=416832251&page=2', 'body': '', 'score': 282}, {'title': '대체에너지고 나발이고', 'date': '2026.04.06 11:23', 'views': '68', 'likes': '7', 'dislikes': '1', 'link': '/item/board_read.naver?code=010950&nid=416831350&page=2', 'body': '', 'score': 278}, {'title': '15층에있어요[2]', 'date': '2026.04.06 10:53', 'views': '180', 'likes': '7', 'dislikes': '0', 'link': '/item/board_read.naver?code=010950&nid=416827028&page=3', 'body': '', 'score': 390}, {'title': '에스오일 화이팅요~', 'date': '2026.04.06 10:42', 'views': '64', 'likes': '7', 'dislikes': '1', 'link': '/item/board_read.naver?code=010950&nid=416825467&page=3', 'body': '', 'score': 274}, {'title': 'ㅋㅋㅋㅋㅋ 고점이라....[1]', 'date': '2026.04.06 10:37', 'views': '129', 'likes': '7', 'dislikes': '1', 'link': '/item/board_read.naver?code=010950&nid=416824824&page=3', 'body': '', 'score': 339}]",9.2 (Strategy Advisor),010950
카카오페이,50100,+4.59%,-0.01,120,28.00%,KOSPI,47150,28.01%,"속보)서클, 베이스, 솔라나, 구글, 아마...[2] / 에이전틱 ai 결제참여[1] / X402 멤버 확정 / 다날 괜히 보고왔네...",Negative (55%),"다날, 서클, 베이스, 솔라나, 구글",1,"[{'title': '속보)서클, 베이스, 솔라나, 구글, 아마...[2]', 'date': '2026.04.06 11:36', 'views': '158', 'likes': '10', 'dislikes': '4', 'link': '/item/board_read.naver?code=377300&nid=416833202&page=2', 'body': '', 'score': 458}, {'title': 'X402 멤버 확정', 'date': '2026.04.06 11:32', 'views': '36', 'likes': '7', 'dislikes': '2', 'link': '/item/board_read.naver?code=377300&nid=416832658&page=2', 'body': '', 'score': 246}, {'title': '[너무] 욕심 내지 마라.', 'date': '2026.04.06 12:39', 'views': '34', 'likes': '6', 'dislikes': '5', 'link': '/item/board_read.naver?code=377300&nid=416840105&page=1', 'body': '', 'score': 214}, {'title': '왜', 'date': '2026.04.06 12:30', 'views': '18', 'likes': '6', 'dislikes': '1', 'link': '/item/board_read.naver?code=377300&nid=416839243&page=1', 'body': '', 'score': 198}, {'title': '다날', 'date': '2026.04.06 12:28', 'views': '32', 'likes': '6', 'dislikes': '0', 'link': '/item/board_read.naver?code=377300&nid=416839038&page=1', 'body': '', 'score': 212}, {'title': '다날 괜히 보고왔네...', 'date': '2026.04.06 12:18', 'views': '52', 'likes': '6', 'dislikes': '1', 'link': '/item/board_read.naver?code=377300&nid=416837967&page=1', 'body': '', 'score': 232}, {'title': '에이전틱 ai 결제참여[1]', 'date': '2026.04.06 12:04', 'views': '108', 'likes': '6', 'dislikes': '2', 'link': '/item/board_read.naver?code=377300&nid=416836362&page=2', 'body': '', 'score': 288}, {'title': '카카오페이, 국내 유일 ‘x402 재단’ ...', 'date': '2026.04.06 13:11', 'views': '70', 'likes': '5', 'dislikes': '1', 'link': '/item/board_read.naver?code=377300&nid=416843905&page=1', 'body': '', 'score': 220}, {'title': '다날 나랐는데', 'date': '2026.04.06 10:30', 'views': '26', 'likes': '5', 'dislikes': '1', 'link': '/item/board_read.naver?code=377300&nid=416823709&page=3', 'body': '', 'score': 176}, {'title': '스테이블 뉴스로 도배되네[1]', 'date': '2026.04.06 08:25', 'views': '78', 'likes': '5', 'dislikes': '4', 'link': '/item/board_read.naver?code=377300&nid=416803408&page=6', 'body': '', 'score': 228}]",9.2 (Strategy Advisor),377300
대한광통신,13190,+3.53%,2.3,543,8.75%,KOSDAQ,10120,6.45%,존버 결과 공유[5] / 14000[2] / 장중조정은 / 오늘 드라이빙이 너무 좋다!!!  투경 피...[2],Positive (64%),"장중조정은, 삼성전자, 인수설, 결과, 공유",1,"[{'title': '장중조정은', 'date': '2026.04.06 11:23', 'views': '160', 'likes': '22', 'dislikes': '3', 'link': '/item/board_read.naver?code=010170&nid=416831418&page=16', 'body': '', 'score': 820}, {'title': '삼성전자 인수설..', 'date': '2026.04.06 12:07', 'views': '173', 'likes': '18', 'dislikes': '2', 'link': '/item/board_read.naver?code=010170&nid=416836667&page=14', 'body': '', 'score': 713}, {'title': '생각', 'date': '2026.04.06 11:29', 'views': '66', 'likes': '18', 'dislikes': '1', 'link': '/item/board_read.naver?code=010170&nid=416832203&page=16', 'body': '', 'score': 606}, {'title': '존버 결과 공유[5]', 'date': '2026.04.06 09:49', 'views': '378', 'likes': '18', 'dislikes': '2', 'link': '/item/board_read.naver?code=010170&nid=416816594&page=22', 'body': '', 'score': 918}, {'title': '오늘 드라이빙이 너무 좋다!!!  투경 피...[2]', 'date': '2026.04.06 12:35', 'views': '293', 'likes': '17', 'dislikes': '2', 'link': '/item/board_read.naver?code=010170&nid=416839678&page=12', 'body': '', 'score': 803}, {'title': '텐버거 형님이 그렇게 알려줬는데 아직도 못 믿냐...', 'date': '2026.04.06 09:15', 'views': '147', 'likes': '17', 'dislikes': '2', 'link': '/item/board_read.naver?code=010170&nid=416809509&page=25', 'body': '', 'score': 657}, {'title': '14000[2]', 'date': '2026.04.06 09:11', 'views': '382', 'likes': '17', 'dislikes': '2', 'link': '/item/board_read.naver?code=010170&nid=416808804&page=26', 'body': '', 'score': 892}, {'title': '주포형님들', 'date': '2026.04.06 12:20', 'views': '50', 'likes': '16', 'dislikes': '1', 'link': '/item/board_read.naver?code=010170&nid=416838140&page=12', 'body': '', 'score': 530}, {'title': '이제 안티 그만할란다[1]', 'date': '2026.04.06 10:14', 'views': '209', 'likes': '16', 'dislikes': '1', 'link': '/item/board_read.naver?code=010170&nid=416820974&page=20', 'body': '', 'score': 689}, {'title': '광통신', 'date': '2026.04.06 12:27', 'views': '90', 'likes': '15', 'dislikes': '1', 'link': '/item/board_read.naver?code=010170&nid=416838939&page=12', 'body': '', 'score': 540}]",9.2 (Strategy Advisor),010170
대우건설,17400,+3.51%,-0.12,220,9.60%,KOSPI,16440,9.72%,"■시작가를-17300정도[2] / ■17600-바닥잡고[4] / 금일 상한가ㅡ21,850 / ■꼴랑 2만 먹을라고-2년  매집한[4]",Positive (61%),"시작가를, 17300정도, 금일, 바닥잡고, 김밥",1,"[{'title': '■시작가를-17300정도[2]', 'date': '2026.04.06 08:17', 'views': '321', 'likes': '49', 'dislikes': '4', 'link': '/item/board_read.naver?code=047040&nid=416802615&page=11', 'body': '', 'score': 1791}, {'title': '금일 상한가ㅡ21,850', 'date': '2026.04.06 10:29', 'views': '188', 'likes': '43', 'dislikes': '17', 'link': '/item/board_read.naver?code=047040&nid=416823507&page=5', 'body': '', 'score': 1478}, {'title': '■17600-바닥잡고[4]', 'date': '2026.04.06 10:08', 'views': '328', 'likes': '40', 'dislikes': '6', 'link': '/item/board_read.naver?code=047040&nid=416819892&page=6', 'body': '', 'score': 1528}, {'title': '■김밥-주식을 좀 길게보세요[4]', 'date': '2026.04.06 09:21', 'views': '250', 'likes': '34', 'dislikes': '4', 'link': '/item/board_read.naver?code=047040&nid=416810859&page=9', 'body': '', 'score': 1270}, {'title': '공매도 죽었네..[1]', 'date': '2026.04.06 08:18', 'views': '185', 'likes': '32', 'dislikes': '1', 'link': '/item/board_read.naver?code=047040&nid=416802728&page=11', 'body': '', 'score': 1145}, {'title': '■실적시즌', 'date': '2026.04.06 09:58', 'views': '219', 'likes': '31', 'dislikes': '4', 'link': '/item/board_read.naver?code=047040&nid=416818265&page=7', 'body': '', 'score': 1149}, {'title': '■오늘은 일단-18000 넘겨노코[5]', 'date': '2026.04.06 09:52', 'views': '196', 'likes': '31', 'dislikes': '4', 'link': '/item/board_read.naver?code=047040&nid=416817147&page=8', 'body': '', 'score': 1126}, {'title': '■꼴랑 2만 먹을라고-2년  매집한[4]', 'date': '2026.04.06 09:24', 'views': '382', 'likes': '31', 'dislikes': '6', 'link': '/item/board_read.naver?code=047040&nid=416811489&page=9', 'body': '', 'score': 1312}, {'title': '■니가가라 하와이-눈치게임[2]', 'date': '2026.04.06 08:14', 'views': '215', 'likes': '31', 'dislikes': '4', 'link': '/item/board_read.naver?code=047040&nid=416802356&page=11', 'body': '', 'score': 1145}, {'title': '[알아서하겠지 냅둘라했는데~공매 쉽게 안죽...[2]', 'date': '2026.04.06 10:03', 'views': '143', 'likes': '28', 'dislikes': '0', 'link': '/item/board_read.naver?code=047040&nid=416819150&page=7', 'body': '', 'score': 983}]",9.2 (Strategy Advisor),047040
삼성전자,192200,+3.22%,0.01,800,48.41%,KOSPI,178400,48.40%,★ 미국) 선물 급등: 전쟁 종료: 삼성전...[1] / 삼전 50만원 까지 장기 보유 합시다.[2] / ★ 미국) 선물 급등: 전쟁 종료: 삼...[2] / ★ 미국) 선물 급등: 전쟁 종료: ...[1],Negative (51%),"미국, 선물, 전쟁, 종료, 45일",1,"[{'title': '삼전 50만원 까지 장기 보유 합시다.[2]', 'date': '2026.04.06 12:19', 'views': '134', 'likes': '17', 'dislikes': '1', 'link': '/item/board_read.naver?code=005930&nid=416838011&page=25', 'body': '', 'score': 644}, {'title': '★ 미국) 선물 급등: 전쟁 종료: 삼성전...[1]', 'date': '2026.04.06 12:19', 'views': '187', 'likes': '16', 'dislikes': '1', 'link': '/item/board_read.naver?code=005930&nid=416838121&page=25', 'body': '', 'score': 667}, {'title': '★ 미국) 선물 급등: 전쟁 종료: ...[2]', 'date': '2026.04.06 12:40', 'views': '160', 'likes': '13', 'dislikes': '1', 'link': '/item/board_read.naver?code=005930&nid=416840226&page=20', 'body': '', 'score': 550}, {'title': '★ 미국) 선물 급등: 전쟁 종료: 삼...[2]', 'date': '2026.04.06 11:57', 'views': '235', 'likes': '13', 'dislikes': '3', 'link': '/item/board_read.naver?code=005930&nid=416835640&page=29', 'body': '', 'score': 625}, {'title': '2030년까지 반도체 품귀란다', 'date': '2026.04.06 12:40', 'views': '48', 'likes': '12', 'dislikes': '0', 'link': '/item/board_read.naver?code=005930&nid=416840215&page=20', 'body': '', 'score': 408}, {'title': '20만원은간다 가보자^^', 'date': '2026.04.06 12:20', 'views': '35', 'likes': '12', 'dislikes': '0', 'link': '/item/board_read.naver?code=005930&nid=416838203&page=24', 'body': '', 'score': 395}, {'title': '★ 미국) 선물 급등: 45일 휴전: ...[1]', 'date': '2026.04.06 13:09', 'views': '138', 'likes': '11', 'dislikes': '2', 'link': '/item/board_read.naver?code=005930&nid=416843612&page=9', 'body': '', 'score': 468}, {'title': '★ 미국) 선물 급등: 45일 휴전: 삼성전자 1...[1]', 'date': '2026.04.06 13:01', 'views': '151', 'likes': '11', 'dislikes': '0', 'link': '/item/board_read.naver?code=005930&nid=416842750&page=12', 'body': '', 'score': 481}, {'title': '내일 더 크게갈텐데. 지금 파는애들 ...', 'date': '2026.04.06 11:52', 'views': '87', 'likes': '11', 'dislikes': '5', 'link': '/item/board_read.naver?code=005930&nid=416834951&page=30', 'body': '', 'score': 417}, {'title': '★ 미국) 선물 급등: 전쟁 종료: ...[1]', 'date': '2026.04.06 11:50', 'views': '290', 'likes': '11', 'dislikes': '2', 'link': '/item/board_read.naver?code=005930&nid=416834780&page=30', 'body': '', 'score': 620}]",9.2 (Strategy Advisor),005930
신성이엔지,3495,+1.45%,6.12,190,13.84%,KOSPI,2750,7.72%,"李대통령, 재생에너지 강국 대전환 추경신속 처...[1] / 무너진다~~[1] / 18만물량 다 걷어갔네... / 가즈아[1]",Negative (52%),"대통령, 재생에너지, 강국, 대전환, 추경신속",1,"[{'title': '李대통령, 재생에너지 강국 대전환 추경신속 처...[1]', 'date': '2026.04.06 12:20', 'views': '231', 'likes': '13', 'dislikes': '3', 'link': '/item/board_read.naver?code=011930&nid=416838161&page=3', 'body': '', 'score': 621}, {'title': '나도챰 대단하다 ㅠ', 'date': '2026.04.06 10:51', 'views': '62', 'likes': '11', 'dislikes': '0', 'link': '/item/board_read.naver?code=011930&nid=416826893&page=6', 'body': '', 'score': 392}, {'title': '에잉 끝났네', 'date': '2026.04.06 12:22', 'views': '75', 'likes': '10', 'dislikes': '0', 'link': '/item/board_read.naver?code=011930&nid=416838414&page=3', 'body': '', 'score': 375}, {'title': '가즈아[1]', 'date': '2026.04.06 10:39', 'views': '106', 'likes': '10', 'dislikes': '2', 'link': '/item/board_read.naver?code=011930&nid=416825091&page=6', 'body': '', 'score': 406}, {'title': '18만물량 다 걷어갔네...', 'date': '2026.04.06 08:44', 'views': '122', 'likes': '10', 'dislikes': '6', 'link': '/item/board_read.naver?code=011930&nid=416805054&page=9', 'body': '', 'score': 422}, {'title': '무너진다~~[1]', 'date': '2026.04.06 12:56', 'views': '168', 'likes': '9', 'dislikes': '1', 'link': '/item/board_read.naver?code=011930&nid=416842247&page=2', 'body': '', 'score': 438}, {'title': '축하드립니다', 'date': '2026.04.06 09:22', 'views': '79', 'likes': '9', 'dislikes': '5', 'link': '/item/board_read.naver?code=011930&nid=416811091&page=8', 'body': '', 'score': 349}, {'title': '나락가네', 'date': '2026.04.06 12:53', 'views': '44', 'likes': '8', 'dislikes': '0', 'link': '/item/board_read.naver?code=011930&nid=416841782&page=2', 'body': '', 'score': 284}, {'title': '튀어라 죄다 던진다', 'date': '2026.04.06 10:47', 'views': '67', 'likes': '7', 'dislikes': '3', 'link': '/item/board_read.naver?code=011930&nid=416826296&page=6', 'body': '', 'score': 277}, {'title': '3745 절반 매도[1]', 'date': '2026.04.06 10:41', 'views': '193', 'likes': '7', 'dislikes': '2', 'link': '/item/board_read.naver?code=011930&nid=416825395&page=6', 'body': '', 'score': 403}]",9.2 (Strategy Advisor),011930
SK하이닉스,878000,+0.23%,0.05,632,52.62%,KOSPI,830000,52.57%,"(속보)미국-이란, 45일 휴전 합의 추진 중... / 목표가 140만 150만 속지마세요[2] / 오늘 떡상 나옵니다 / 이재명 탄핵이 답이다.[8]",Mixed,"140만, 150만, 속지마세요, 미국, 이란",1,"[{'title': '목표가 140만 150만 속지마세요[2]', 'date': '2026.04.06 09:16', 'views': '171', 'likes': '14', 'dislikes': '1', 'link': '/item/board_read.naver?code=000660&nid=416809749&page=22', 'body': '', 'score': 591}, {'title': '(속보)미국-이란, 45일 휴전 합의 추진 중...', 'date': '2026.04.06 11:39', 'views': '278', 'likes': '11', 'dislikes': '2', 'link': '/item/board_read.naver?code=000660&nid=416833543&page=13', 'body': '', 'score': 608}, {'title': '오늘 떡상 나옵니다', 'date': '2026.04.06 09:11', 'views': '134', 'likes': '11', 'dislikes': '0', 'link': '/item/board_read.naver?code=000660&nid=416808851&page=23', 'body': '', 'score': 464}, {'title': '이재명 탄핵이 답이다.[8]', 'date': '2026.04.06 13:30', 'views': '138', 'likes': '10', 'dislikes': '20', 'link': '/item/board_read.naver?code=000660&nid=416846071&page=2', 'body': '', 'score': 438}, {'title': '90만윈', 'date': '2026.04.06 11:57', 'views': '68', 'likes': '10', 'dislikes': '0', 'link': '/item/board_read.naver?code=000660&nid=416835592&page=13', 'body': '', 'score': 368}, {'title': '나스닥 폭등', 'date': '2026.04.06 10:10', 'views': '99', 'likes': '10', 'dislikes': '2', 'link': '/item/board_read.naver?code=000660&nid=416820291&page=19', 'body': '', 'score': 399}, {'title': '오늘 팔면 바보된다', 'date': '2026.04.06 08:11', 'views': '29', 'likes': '10', 'dislikes': '3', 'link': '/item/board_read.naver?code=000660&nid=416802062&page=30', 'body': '', 'score': 329}, {'title': '미선물도 양전인데 이게 맞냐?', 'date': '2026.04.06 13:12', 'views': '99', 'likes': '9', 'dislikes': '0', 'link': '/item/board_read.naver?code=000660&nid=416843966&page=6', 'body': '', 'score': 369}, {'title': 'Wti급락중!!@@', 'date': '2026.04.06 11:23', 'views': '155', 'likes': '9', 'dislikes': '1', 'link': '/item/board_read.naver?code=000660&nid=416831382&page=15', 'body': '', 'score': 425}, {'title': '와 평단 98인데 목뿌러질듯', 'date': '2026.04.06 10:18', 'views': '65', 'likes': '9', 'dislikes': '5', 'link': '/item/board_read.naver?code=000660&nid=416821622&page=19', 'body': '', 'score': 335}]",9.2 (Strategy Advisor),000660
넥스틸,14860,-0.40%,0.11,229,1.44%,KOSPI,12290,1.33%,올린놈들이 다 파는거 같애[1] / 외인 폭풍매수중이네요[1] / 18 뭐하는 종목이냐[1] / 13600원깨는거아니면 들고있어라,Positive (56%),"올린놈들이, 파는거, 같애, 13600원깨는거아니면, 들고있어라",1,"[{'title': '올린놈들이 다 파는거 같애[1]', 'date': '2026.04.06 11:19', 'views': '116', 'likes': '9', 'dislikes': '0', 'link': '/item/board_read.naver?code=092790&nid=416830905&page=5', 'body': '', 'score': 386}, {'title': '13600원깨는거아니면 들고있어라', 'date': '2026.04.06 08:44', 'views': '24', 'likes': '8', 'dislikes': '5', 'link': '/item/board_read.naver?code=092790&nid=416805081&page=11', 'body': '', 'score': 264}, {'title': '목표가는', 'date': '2026.04.06 12:20', 'views': '29', 'likes': '7', 'dislikes': '0', 'link': '/item/board_read.naver?code=092790&nid=416838196&page=2', 'body': '', 'score': 239}, {'title': '18 뭐하는 종목이냐[1]', 'date': '2026.04.06 11:14', 'views': '65', 'likes': '7', 'dislikes': '2', 'link': '/item/board_read.naver?code=092790&nid=416830145&page=5', 'body': '', 'score': 275}, {'title': '외인 폭풍매수중이네요[1]', 'date': '2026.04.06 09:42', 'views': '102', 'likes': '7', 'dislikes': '1', 'link': '/item/board_read.naver?code=092790&nid=416815193&page=9', 'body': '', 'score': 312}, {'title': '하... 또 손절이네', 'date': '2026.04.06 08:43', 'views': '18', 'likes': '7', 'dislikes': '1', 'link': '/item/board_read.naver?code=092790&nid=416805032&page=11', 'body': '', 'score': 228}, {'title': '말드릅게안듣는아', 'date': '2026.04.06 08:33', 'views': '39', 'likes': '7', 'dislikes': '7', 'link': '/item/board_read.naver?code=092790&nid=416804095&page=11', 'body': '', 'score': 249}, {'title': '본장열리면 하방vi찍으러가겠네 ~', 'date': '2026.04.06 08:28', 'views': '39', 'likes': '7', 'dislikes': '2', 'link': '/item/board_read.naver?code=092790&nid=416803661&page=11', 'body': '', 'score': 249}, {'title': '종전이 되던지 장기화 되든지간에', 'date': '2026.04.06 13:20', 'views': '48', 'likes': '6', 'dislikes': '1', 'link': '/item/board_read.naver?code=092790&nid=416844828&page=1', 'body': '', 'score': 228}, {'title': '꼬붕', 'date': '2026.04.06 12:40', 'views': '18', 'likes': '6', 'dislikes': '0', 'link': '/item/board_read.naver?code=092790&nid=416840278&page=1', 'body': '', 'score': 198}]",9.2 (Strategy Advisor),092790
흥아해운,4045,-1.10%,-0.45,480,1.40%,KOSPI,4470,1.85%,"솔직히 형들아[3] / 이제 슬슬 투경 가지고 난리 치네요..[2] / 국제유가 최고치 경신[1] / 유가가 계속 오른다, 오늘 오후에 120불 갈...",Negative (52%),"계속, 형들아, 국제유가, 최고치, 경신",1,"[{'title': '솔직히 형들아[3]', 'date': '2026.04.06 08:45', 'views': '209', 'likes': '16', 'dislikes': '5', 'link': '/item/board_read.naver?code=003280&nid=416805195&page=21', 'body': '', 'score': 689}, {'title': '국제유가 최고치 경신[1]', 'date': '2026.04.06 08:17', 'views': '50', 'likes': '16', 'dislikes': '3', 'link': '/item/board_read.naver?code=003280&nid=416802633&page=24', 'body': '', 'score': 530}, {'title': '오늘 상타 찍자... 찍어야 계속 연상 간...', 'date': '2026.04.06 08:56', 'views': '35', 'likes': '14', 'dislikes': '1', 'link': '/item/board_read.naver?code=003280&nid=416806228&page=20', 'body': '', 'score': 455}, {'title': '유가가 계속 오른다, 오늘 오후에 120불 갈...', 'date': '2026.04.06 08:41', 'views': '76', 'likes': '14', 'dislikes': '1', 'link': '/item/board_read.naver?code=003280&nid=416804861&page=21', 'body': '', 'score': 496}, {'title': '기름값 오르는 만큼...', 'date': '2026.04.06 08:56', 'views': '40', 'likes': '13', 'dislikes': '0', 'link': '/item/board_read.naver?code=003280&nid=416806303&page=20', 'body': '', 'score': 430}, {'title': '이제 슬슬 투경 가지고 난리 치네요..[2]', 'date': '2026.04.06 12:48', 'views': '206', 'likes': '11', 'dislikes': '3', 'link': '/item/board_read.naver?code=003280&nid=416841129&page=4', 'body': '', 'score': 536}, {'title': '삼전 개폭등[1]', 'date': '2026.04.06 08:10', 'views': '40', 'likes': '11', 'dislikes': '6', 'link': '/item/board_read.naver?code=003280&nid=416801916&page=24', 'body': '', 'score': 370}, {'title': '오늘[1]', 'date': '2026.04.06 12:52', 'views': '107', 'likes': '10', 'dislikes': '1', 'link': '/item/board_read.naver?code=003280&nid=416841656&page=3', 'body': '', 'score': 407}, {'title': '외인들  3일째 숏인데', 'date': '2026.04.06 10:49', 'views': '75', 'likes': '10', 'dislikes': '2', 'link': '/item/board_read.naver?code=003280&nid=416826522&page=10', 'body': '', 'score': 375}, {'title': '진짜 이해 불가...[6]', 'date': '2026.04.06 10:45', 'views': '190', 'likes': '10', 'dislikes': '3', 'link': '/item/board_read.naver?code=003280&nid=416826010&page=10', 'body': '', 'score': 490}]",9.2 (Strategy Advisor),003280
피노,10010,-2.25%,-2.5,151,46.88%,KOSDAQ,9350,49.38%,● 삼성 피노를 지금 판다고~?? ㅋㅋ[2] / 오후부터는 / 더러워서 나간다[3] / 과거 매물대 물량소화과정이며 일부분은 하나증권...,Mixed,"삼성, 오후부터는, 사둬라, 다신, 보지",1,"[{'title': '● 삼성 피노를 지금 판다고~?? ㅋㅋ[2]', 'date': '2026.04.06 11:43', 'views': '228', 'likes': '17', 'dislikes': '7', 'link': '/item/board_read.naver?code=033790&nid=416834049&page=3', 'body': '', 'score': 738}, {'title': '오후부터는', 'date': '2026.04.06 11:40', 'views': '83', 'likes': '16', 'dislikes': '4', 'link': '/item/board_read.naver?code=033790&nid=416833619&page=3', 'body': '', 'score': 563}, {'title': '지금 사둬라 ㅎㅎ', 'date': '2026.04.06 12:26', 'views': '56', 'likes': '11', 'dislikes': '6', 'link': '/item/board_read.naver?code=033790&nid=416838808&page=2', 'body': '', 'score': 386}, {'title': '보합에 팔았다 다신 보지 말자', 'date': '2026.04.06 12:59', 'views': '52', 'likes': '9', 'dislikes': '2', 'link': '/item/board_read.naver?code=033790&nid=416842616&page=1', 'body': '', 'score': 322}, {'title': '■ 1만원에서 흔들다가~~', 'date': '2026.04.06 12:58', 'views': '59', 'likes': '8', 'dislikes': '5', 'link': '/item/board_read.naver?code=033790&nid=416842500&page=1', 'body': '', 'score': 299}, {'title': '더러워서 나간다[3]', 'date': '2026.04.06 10:22', 'views': '178', 'likes': '8', 'dislikes': '4', 'link': '/item/board_read.naver?code=033790&nid=416822411&page=6', 'body': '', 'score': 418}, {'title': '과거 매물대 물량소화과정이며 일부분은 하나증권...', 'date': '2026.04.06 09:58', 'views': '147', 'likes': '8', 'dislikes': '2', 'link': '/item/board_read.naver?code=033790&nid=416818179&page=6', 'body': '', 'score': 387}, {'title': '텐베거 종목', 'date': '2026.04.06 09:37', 'views': '97', 'likes': '8', 'dislikes': '0', 'link': '/item/board_read.naver?code=033790&nid=416814170&page=7', 'body': '', 'score': 337}, {'title': '누누이 말했지만 10800위로 지지면 텐버거 맞습...', 'date': '2026.04.06 09:06', 'views': '99', 'likes': '8', 'dislikes': '2', 'link': '/item/board_read.naver?code=033790&nid=416807876&page=8', 'body': '', 'score': 339}, {'title': '[속보]  삼성 계좌입금 완료 뜨면', 'date': '2026.04.06 09:01', 'views': '128', 'likes': '8', 'dislikes': '1', 'link': '/item/board_read.naver?code=033790&nid=416806830&page=8', 'body': '', 'score': 368}]",9.2 (Strategy Advisor),033790
한화솔루션,38150,-2.30%,0.97,367,14.26%,KOSPI,35600,13.29%,액트보다 국민신문고가 더 급해[4] / 엑트2.86% 0.14% 남았습니다 / 금감원 사전교감 사실[2] / 한화 동네 양아치들한테 개돼지 취급받지 말고 절...[2],Negative (53%),"금감원, 사전교감, 액트보다, 국민신문고가, 급해",1,"[{'title': '액트보다 국민신문고가 더 급해[4]', 'date': '2026.04.06 12:45', 'views': '148', 'likes': '42', 'dislikes': '2', 'link': '/item/board_read.naver?code=009830&nid=416840896&page=2', 'body': '', 'score': 1408}, {'title': '엑트2.86% 0.14% 남았습니다', 'date': '2026.04.06 12:44', 'views': '85', 'likes': '29', 'dislikes': '2', 'link': '/item/board_read.naver?code=009830&nid=416840740&page=2', 'body': '', 'score': 955}, {'title': '한화 동네 양아치들한테 개돼지 취급받지 말고 절...[2]', 'date': '2026.04.06 10:24', 'views': '115', 'likes': '27', 'dislikes': '1', 'link': '/item/board_read.naver?code=009830&nid=416822672&page=9', 'body': '', 'score': 925}, {'title': '현재엑트2.83% 0.17%남았어요!![1]', 'date': '2026.04.06 11:06', 'views': '64', 'likes': '25', 'dislikes': '0', 'link': '/item/board_read.naver?code=009830&nid=416828985&page=7', 'body': '', 'score': 814}, {'title': '금감원 사전교감 사실[2]', 'date': '2026.04.06 13:13', 'views': '246', 'likes': '23', 'dislikes': '0', 'link': '/item/board_read.naver?code=009830&nid=416844048&page=2', 'body': '', 'score': 936}, {'title': '국민신문고 5분도 안걸린다[1]', 'date': '2026.04.06 12:41', 'views': '79', 'likes': '22', 'dislikes': '2', 'link': '/item/board_read.naver?code=009830&nid=416840392&page=3', 'body': '', 'score': 739}, {'title': '대규모 유증이 개빡치는 이유', 'date': '2026.04.06 10:47', 'views': '145', 'likes': '22', 'dislikes': '0', 'link': '/item/board_read.naver?code=009830&nid=416826185&page=8', 'body': '', 'score': 805}, {'title': ""[단독] 한화솔루션 유증, 금감원 '사전교감'...[1]"", 'date': '2026.04.06 13:18', 'views': '158', 'likes': '21', 'dislikes': '1', 'link': '/item/board_read.naver?code=009830&nid=416844680&page=2', 'body': '', 'score': 788}, {'title': '2.85% !!!! 0.15%남았으요[2]', 'date': '2026.04.06 12:16', 'views': '90', 'likes': '19', 'dislikes': '2', 'link': '/item/board_read.naver?code=009830&nid=416837768&page=4', 'body': '', 'score': 660}, {'title': '저들의 행태를 봐라', 'date': '2026.04.06 10:59', 'views': '36', 'likes': '19', 'dislikes': '2', 'link': '/item/board_read.naver?code=009830&nid=416828048&page=7', 'body': '', 'score': 606}]",9.2 (Strategy Advisor),009830
우리기술,20650,-4.40%,0.05,167,9.34%,KOSDAQ,20650,9.29%,쩐되면 담아둬라[4] / 26층 이에요[8] / 애들아 오른다는 사기글 믿지마라 다 알바다[1] / 미국 이란전쟁,Negative (63%),"죽을줄, 26층, 담아둬라, 애들아, 오른다는",1,"[{'title': '죽을줄  모르고', 'date': '2026.04.06 11:04', 'views': '80', 'likes': '13', 'dislikes': '0', 'link': '/item/board_read.naver?code=032820&nid=416828740&page=3', 'body': '', 'score': 470}, {'title': '26층 이에요[8]', 'date': '2026.04.06 10:19', 'views': '375', 'likes': '12', 'dislikes': '0', 'link': '/item/board_read.naver?code=032820&nid=416821906&page=5', 'body': '', 'score': 735}, {'title': '쩐되면 담아둬라[4]', 'date': '2026.04.06 11:16', 'views': '443', 'likes': '10', 'dislikes': '7', 'link': '/item/board_read.naver?code=032820&nid=416830513&page=3', 'body': '', 'score': 743}, {'title': '애들아 오른다는 사기글 믿지마라 다 알바다[1]', 'date': '2026.04.06 11:32', 'views': '222', 'likes': '9', 'dislikes': '2', 'link': '/item/board_read.naver?code=032820&nid=416832612&page=3', 'body': '', 'score': 492}, {'title': '우리기술은 손절해야지', 'date': '2026.04.06 11:08', 'views': '141', 'likes': '9', 'dislikes': '0', 'link': '/item/board_read.naver?code=032820&nid=416829407&page=3', 'body': '', 'score': 411}, {'title': '오늘 전망..[2]', 'date': '2026.04.06 08:21', 'views': '125', 'likes': '9', 'dislikes': '11', 'link': '/item/board_read.naver?code=032820&nid=416803019&page=9', 'body': '', 'score': 395}, {'title': '21000~21200이 바닥 처럼 보이게 하려고[1]', 'date': '2026.04.06 10:17', 'views': '111', 'likes': '8', 'dislikes': '0', 'link': '/item/board_read.naver?code=032820&nid=416821562&page=5', 'body': '', 'score': 351}, {'title': '미국 이란전쟁', 'date': '2026.04.06 12:21', 'views': '282', 'likes': '7', 'dislikes': '1', 'link': '/item/board_read.naver?code=032820&nid=416838278&page=2', 'body': '', 'score': 492}, {'title': '엥[1]', 'date': '2026.04.06 09:33', 'views': '60', 'likes': '7', 'dislikes': '0', 'link': '/item/board_read.naver?code=032820&nid=416813382&page=7', 'body': '', 'score': 270}, {'title': '우와 개잡주 ㅋ', 'date': '2026.04.06 09:22', 'views': '31', 'likes': '7', 'dislikes': '0', 'link': '/item/board_read.naver?code=032820&nid=416811115&page=7', 'body': '', 'score': 241}]",9.2 (Strategy Advisor),032820
한국ANKOR유전,279,-5.42%,-0.83,85,2.46%,KOSPI,304,3.29%,"코스닥 하방 진입[3] / 오늘 상한가 가도 383원,  400원도 ... / 특정하지않았는데 웃기는소리 / 그러니까[2]",Negative (80%),"하방, 진입, 383원, 400원도, 특정하지않았는데",1,"[{'title': '코스닥 하방 진입[3]', 'date': '2026.04.06 10:18', 'views': '76', 'likes': '7', 'dislikes': '2', 'link': '/item/board_read.naver?code=152550&nid=416821614&page=3', 'body': '', 'score': 286}, {'title': '오늘 상한가 가도 383원,  400원도 ...', 'date': '2026.04.06 09:35', 'views': '36', 'likes': '6', 'dislikes': '3', 'link': '/item/board_read.naver?code=152550&nid=416813911&page=3', 'body': '', 'score': 216}, {'title': '특정하지않았는데 웃기는소리', 'date': '2026.04.06 10:10', 'views': '16', 'likes': '4', 'dislikes': '1', 'link': '/item/board_read.naver?code=152550&nid=416820344&page=3', 'body': '', 'score': 136}, {'title': '고만', 'date': '2026.04.06 10:58', 'views': '16', 'likes': '3', 'dislikes': '0', 'link': '/item/board_read.naver?code=152550&nid=416827862&page=2', 'body': '', 'score': 106}, {'title': 'GS 거진5% , 하다 못해 극동유화도 5...', 'date': '2026.04.06 10:36', 'views': '22', 'likes': '3', 'dislikes': '1', 'link': '/item/board_read.naver?code=152550&nid=416824531&page=3', 'body': '', 'score': 112}, {'title': '애국 우파 만세~~~ㅎㅎㅎ 뻘갱이 쓸어버리...[6]', 'date': '2026.04.06 10:13', 'views': '27', 'likes': '3', 'dislikes': '6', 'link': '/item/board_read.naver?code=152550&nid=416820705&page=3', 'body': '', 'score': 117}, {'title': '그러니까[2]', 'date': '2026.04.06 10:01', 'views': '35', 'likes': '3', 'dislikes': '3', 'link': '/item/board_read.naver?code=152550&nid=416818673&page=3', 'body': '', 'score': 125}, {'title': '형님들 금욜에 팔아서', 'date': '2026.04.06 09:31', 'views': '29', 'likes': '3', 'dislikes': '1', 'link': '/item/board_read.naver?code=152550&nid=416813069&page=3', 'body': '', 'score': 119}, {'title': '형들[1]', 'date': '2026.04.06 09:30', 'views': '30', 'likes': '3', 'dislikes': '0', 'link': '/item/board_read.naver?code=152550&nid=416812842&page=3', 'body': '', 'score': 120}, {'title': '이란, 홍해 막아버리면 석유값  150달러 간다...', 'date': '2026.04.06 08:03', 'views': '25', 'likes': '3', 'dislikes': '0', 'link': '/item/board_read.naver?code=152550&nid=416801338&page=5', 'body': '', 'score': 115}]",9.2 (Strategy Advisor),152550
SK증권,1864,-5.72%,0.72,75,4.19%,KOSPI,1912,3.47%,잘가라[1] / 계속 더 모으고있습니다 어차피  결국 크...[1] / 3주간 돈묶인데서 무서워서 먼저나갑니다[1] / 3000원[1],Negative (72%),"잘가라, 병합, 3000원, 계속, 모으고있습니다",1,"[{'title': '잘가라[1]', 'date': '2026.04.06 12:14', 'views': '228', 'likes': '13', 'dislikes': '1', 'link': '/item/board_read.naver?code=001510&nid=416837461&page=1', 'body': '', 'score': 618}, {'title': '병합', 'date': '2026.04.06 12:21', 'views': '91', 'likes': '11', 'dislikes': '0', 'link': '/item/board_read.naver?code=001510&nid=416838232&page=1', 'body': '', 'score': 421}, {'title': '3000원[1]', 'date': '2026.04.06 11:02', 'views': '153', 'likes': '11', 'dislikes': '3', 'link': '/item/board_read.naver?code=001510&nid=416828489&page=2', 'body': '', 'score': 483}, {'title': '계속 더 모으고있습니다 어차피  결국 크...[1]', 'date': '2026.04.06 11:08', 'views': '264', 'likes': '10', 'dislikes': '4', 'link': '/item/board_read.naver?code=001510&nid=416829287&page=2', 'body': '', 'score': 564}, {'title': '떨어질 것 같으면 팔고 나가면 됨', 'date': '2026.04.06 10:15', 'views': '80', 'likes': '10', 'dislikes': '2', 'link': '/item/board_read.naver?code=001510&nid=416821259&page=3', 'body': '', 'score': 380}, {'title': '3주간 돈묶인데서 무서워서 먼저나갑니다[1]', 'date': '2026.04.06 09:49', 'views': '227', 'likes': '9', 'dislikes': '0', 'link': '/item/board_read.naver?code=001510&nid=416816493&page=3', 'body': '', 'score': 497}, {'title': '니들이나', 'date': '2026.04.06 10:58', 'views': '64', 'likes': '8', 'dislikes': '2', 'link': '/item/board_read.naver?code=001510&nid=416827934&page=2', 'body': '', 'score': 304}, {'title': '액병 재상장 27일 !!!', 'date': '2026.04.06 08:31', 'views': '128', 'likes': '8', 'dislikes': '1', 'link': '/item/board_read.naver?code=001510&nid=416803917&page=4', 'body': '', 'score': 368}, {'title': '주식은 인내심 싸움이다.', 'date': '2026.04.06 11:04', 'views': '203', 'likes': '6', 'dislikes': '2', 'link': '/item/board_read.naver?code=001510&nid=416828752&page=2', 'body': '', 'score': 383}, {'title': '상에서 병합하자[2]', 'date': '2026.04.06 09:03', 'views': '238', 'likes': '6', 'dislikes': '11', 'link': '/item/board_read.naver?code=001510&nid=416807167&page=4', 'body': '', 'score': 418}]",9.2 (Strategy Advisor),001510
쏠리드,15330,-5.95%,1.16,96,15.33%,KOSDAQ,15070,14.17%,하느님 감사 합니다[1] / 들어오자마자 장투됬네 ㅋ[6] / 수급 어쩌고 백날 얘기해봐야 오르질 못하면 그... / 에효[1],Negative (66%),"하느님, 감사, 수급, 백날, 얘기해봐야",1,"[{'title': '하느님 감사 합니다[1]', 'date': '2026.04.06 12:48', 'views': '130', 'likes': '12', 'dislikes': '1', 'link': '/item/board_read.naver?code=050890&nid=416841119&page=1', 'body': '', 'score': 490}, {'title': '수급 어쩌고 백날 얘기해봐야 오르질 못하면 그...', 'date': '2026.04.06 09:42', 'views': '60', 'likes': '10', 'dislikes': '1', 'link': '/item/board_read.naver?code=050890&nid=416815156&page=4', 'body': '', 'score': 360}, {'title': '에효[1]', 'date': '2026.04.06 11:46', 'views': '67', 'likes': '9', 'dislikes': '0', 'link': '/item/board_read.naver?code=050890&nid=416834385&page=2', 'body': '', 'score': 337}, {'title': '들어오자마자 장투됬네 ㅋ[6]', 'date': '2026.04.06 10:55', 'views': '216', 'likes': '8', 'dislikes': '1', 'link': '/item/board_read.naver?code=050890&nid=416827311&page=3', 'body': '', 'score': 456}, {'title': '너무 많이빠지긴하네', 'date': '2026.04.06 12:57', 'views': '51', 'likes': '6', 'dislikes': '1', 'link': '/item/board_read.naver?code=050890&nid=416842331&page=1', 'body': '', 'score': 231}, {'title': '단타쟁이들 손절하고 나가세요', 'date': '2026.04.06 12:14', 'views': '67', 'likes': '6', 'dislikes': '2', 'link': '/item/board_read.naver?code=050890&nid=416837453&page=2', 'body': '', 'score': 247}, {'title': '개인들.... 미안하지만....', 'date': '2026.04.06 11:53', 'views': '86', 'likes': '6', 'dislikes': '2', 'link': '/item/board_read.naver?code=050890&nid=416835080&page=2', 'body': '', 'score': 266}, {'title': '대광이 팔고왓는데..[2]', 'date': '2026.04.06 10:44', 'views': '103', 'likes': '6', 'dislikes': '0', 'link': '/item/board_read.naver?code=050890&nid=416825801&page=3', 'body': '', 'score': 283}, {'title': '1.6만에 들어와서는 5만원 노래부르는 호로개...[1]', 'date': '2026.04.06 09:33', 'views': '65', 'likes': '6', 'dislikes': '1', 'link': '/item/board_read.naver?code=050890&nid=416813434&page=4', 'body': '', 'score': 245}, {'title': '이게다 MDS테크 때문이다', 'date': '2026.04.06 11:13', 'views': '73', 'likes': '5', 'dislikes': '0', 'link': '/item/board_read.naver?code=050890&nid=416830011&page=2', 'body': '', 'score': 223}]",9.2 (Strategy Advisor),050890
유니슨,1570,-6.66%,1.69,60,5.18%,KOSDAQ,1490,3.49%,골든크로스 기술적 반등[2] / 꼭 오른다고 떠드는 애들 있고 나면 공매도..[1] / 🏁유니슨 상반기 조단위 해상풍력 유니슨만 유... / 1600원대에 사서 1500원대에 던지는 모건 ...,Negative (57%),"오른다고, 애들, 1600원대에, 1500원대에, 모건",1,"[{'title': '꼭 오른다고 떠드는 애들 있고 나면 공매도..[1]', 'date': '2026.04.06 10:54', 'views': '134', 'likes': '10', 'dislikes': '3', 'link': '/item/board_read.naver?code=018000&nid=416827280&page=2', 'body': '', 'score': 434}, {'title': '1600원대에 사서 1500원대에 던지는 모건 ...', 'date': '2026.04.06 10:48', 'views': '74', 'likes': '9', 'dislikes': '1', 'link': '/item/board_read.naver?code=018000&nid=416826336&page=2', 'body': '', 'score': 344}, {'title': '끈발신~~~~ 장난이 심하네[1]', 'date': '2026.04.06 10:47', 'views': '72', 'likes': '9', 'dislikes': '1', 'link': '/item/board_read.naver?code=018000&nid=416826175&page=2', 'body': '', 'score': 342}, {'title': '내 그럴줄 알았다~', 'date': '2026.04.06 09:22', 'views': '73', 'likes': '9', 'dislikes': '1', 'link': '/item/board_read.naver?code=018000&nid=416811030&page=3', 'body': '', 'score': 343}, {'title': '골든크로스 기술적 반등[2]', 'date': '2026.04.06 08:36', 'views': '264', 'likes': '9', 'dislikes': '1', 'link': '/item/board_read.naver?code=018000&nid=416804426&page=3', 'body': '', 'score': 534}, {'title': '매도가 앞서내', 'date': '2026.04.06 12:18', 'views': '60', 'likes': '8', 'dislikes': '0', 'link': '/item/board_read.naver?code=018000&nid=416837994&page=1', 'body': '', 'score': 300}, {'title': '이건 갈주식이 아니예요', 'date': '2026.04.06 10:28', 'views': '78', 'likes': '8', 'dislikes': '2', 'link': '/item/board_read.naver?code=018000&nid=416823298&page=2', 'body': '', 'score': 318}, {'title': '여기서', 'date': '2026.04.06 09:08', 'views': '81', 'likes': '8', 'dislikes': '6', 'link': '/item/board_read.naver?code=018000&nid=416808197&page=3', 'body': '', 'score': 321}, {'title': '李대통령 ""경제산업·에너지 대전환에 속도를 내...', 'date': '2026.04.06 13:20', 'views': '66', 'likes': '7', 'dislikes': '0', 'link': '/item/board_read.naver?code=018000&nid=416844890&page=1', 'body': '', 'score': 276}, {'title': '🏁유니슨 상반기 조단위 해상풍력 유니슨만 유...', 'date': '2026.04.06 12:53', 'views': '176', 'likes': '7', 'dislikes': '3', 'link': '/item/board_read.naver?code=018000&nid=416841798&page=1', 'body': '', 'score': 386}]",9.2 (Strategy Advisor),018000
휴스틸,5680,-6.73%,-0.34,64,3.47%,KOSPI,5690,3.81%,와~ 이건 주가누르기신고[1] / 지저분하네 여기 / 휴지털ㅋㅋ 6200원에 / 예약된 빅호재1,Negative (62%),"지저분하네, 휴지털, 6200원에, 이건, 주가누르기신고",1,"[{'title': '지저분하네 여기', 'date': '2026.04.06 09:42', 'views': '29', 'likes': '5', 'dislikes': '0', 'link': '/item/board_read.naver?code=005010&nid=416815173&page=3', 'body': '', 'score': 179}, {'title': '휴지털ㅋㅋ 6200원에', 'date': '2026.04.06 12:04', 'views': '42', 'likes': '4', 'dislikes': '1', 'link': '/item/board_read.naver?code=005010&nid=416836406&page=1', 'body': '', 'score': 162}, {'title': '와~ 이건 주가누르기신고[1]', 'date': '2026.04.06 11:03', 'views': '67', 'likes': '4', 'dislikes': '2', 'link': '/item/board_read.naver?code=005010&nid=416828641&page=2', 'body': '', 'score': 187}, {'title': '휴스틸  ㅡ 외국인 . 연기금프로그램  계속매수...', 'date': '2026.04.06 10:01', 'views': '37', 'likes': '4', 'dislikes': '0', 'link': '/item/board_read.naver?code=005010&nid=416818795&page=2', 'body': '', 'score': 157}, {'title': '예약된 빅호재1', 'date': '2026.04.06 12:16', 'views': '72', 'likes': '3', 'dislikes': '0', 'link': '/item/board_read.naver?code=005010&nid=416837759&page=1', 'body': '', 'score': 162}, {'title': '푸하하[1]', 'date': '2026.04.06 10:56', 'views': '42', 'likes': '3', 'dislikes': '3', 'link': '/item/board_read.naver?code=005010&nid=416827498&page=2', 'body': '', 'score': 132}, {'title': '아니 왜 넥스틸 시다바리를 하고있냐', 'date': '2026.04.06 10:25', 'views': '24', 'likes': '3', 'dislikes': '0', 'link': '/item/board_read.naver?code=005010&nid=416822948&page=2', 'body': '', 'score': 114}, {'title': '넥스틸은', 'date': '2026.04.06 09:50', 'views': '19', 'likes': '3', 'dislikes': '0', 'link': '/item/board_read.naver?code=005010&nid=416816851&page=3', 'body': '', 'score': 109}, {'title': '오  하락이군요', 'date': '2026.04.06 09:36', 'views': '26', 'likes': '3', 'dislikes': '4', 'link': '/item/board_read.naver?code=005010&nid=416813935&page=3', 'body': '', 'score': 116}, {'title': '휴스틸', 'date': '2026.04.06 09:14', 'views': '42', 'likes': '3', 'dislikes': '0', 'link': '/item/board_read.naver?code=005010&nid=416809340&page=3', 'body': '', 'score': 132}]",9.2 (Strategy Advisor),005010
우리로,7110,-7.66%,-1.17,159,2.71%,KOSDAQ,7400,3.88%,우리로가[1] / 빠질만큼 빠져서[3] / 호재가 너무 많아졌다... / 지금[5],Positive (61%),"언능, 많아졌다, 쩜상속보구글양컴, 비트코인해킹넥스장양자컴급등, 빠질만큼",1,"[{'title': '언능', 'date': '2026.04.06 11:15', 'views': '43', 'likes': '14', 'dislikes': '1', 'link': '/item/board_read.naver?code=046970&nid=416830359&page=4', 'body': '', 'score': 463}, {'title': '호재가 너무 많아졌다...', 'date': '2026.04.06 08:23', 'views': '151', 'likes': '13', 'dislikes': '4', 'link': '/item/board_read.naver?code=046970&nid=416803188&page=8', 'body': '', 'score': 541}, {'title': '쩜상속보구글양컴 비트코인해킹넥스장양자컴급등', 'date': '2026.04.06 08:22', 'views': '98', 'likes': '12', 'dislikes': '2', 'link': '/item/board_read.naver?code=046970&nid=416803048&page=8', 'body': '', 'score': 458}, {'title': '우리로가[1]', 'date': '2026.04.06 11:02', 'views': '300', 'likes': '9', 'dislikes': '4', 'link': '/item/board_read.naver?code=046970&nid=416828452&page=5', 'body': '', 'score': 570}, {'title': '빠질만큼 빠져서[3]', 'date': '2026.04.06 09:52', 'views': '294', 'likes': '9', 'dislikes': '5', 'link': '/item/board_read.naver?code=046970&nid=416817136&page=6', 'body': '', 'score': 564}, {'title': '입성[2]', 'date': '2026.04.06 11:43', 'views': '236', 'likes': '8', 'dislikes': '5', 'link': '/item/board_read.naver?code=046970&nid=416833962&page=4', 'body': '', 'score': 476}, {'title': '저가 매수고 뭐고  짜증나서 다 털었다', 'date': '2026.04.06 12:43', 'views': '44', 'likes': '7', 'dislikes': '0', 'link': '/item/board_read.naver?code=046970&nid=416840552&page=3', 'body': '', 'score': 254}, {'title': '8100에물렸네[2]', 'date': '2026.04.06 11:19', 'views': '219', 'likes': '7', 'dislikes': '3', 'link': '/item/board_read.naver?code=046970&nid=416830895&page=4', 'body': '', 'score': 429}, {'title': '지금[5]', 'date': '2026.04.06 10:41', 'views': '289', 'likes': '7', 'dislikes': '5', 'link': '/item/board_read.naver?code=046970&nid=416825284&page=5', 'body': '', 'score': 499}, {'title': '쩜상속보 구글양자컴 비트코인해킹성공양자컴폭등...', 'date': '2026.04.06 08:45', 'views': '93', 'likes': '7', 'dislikes': '0', 'link': '/item/board_read.naver?code=046970&nid=416805159&page=8', 'body': '', 'score': 303}]",9.2 (Strategy Advisor),046970
애경케미칼,12660,-9.83%,-0.1,131,0.00%,KOSPI,15200,0.10%,마치 계획이라도 한 것 마냥 투자 경고 만들고[1] / 겁나냐?[2] / 이거는 왠지 ㅅ... 다시 9000원 갈 삘이...[4] / ㅎㅎㅎ 웃긴다.,Negative (69%),"겁나냐, 마치, 계획이라도, 마냥, 왠지",1,"[{'title': '겁나냐?[2]', 'date': '2026.04.06 09:39', 'views': '203', 'likes': '18', 'dislikes': '3', 'link': '/item/board_read.naver?code=161000&nid=416814597&page=4', 'body': '', 'score': 743}, {'title': '마치 계획이라도 한 것 마냥 투자 경고 만들고[1]', 'date': '2026.04.06 10:32', 'views': '376', 'likes': '15', 'dislikes': '1', 'link': '/item/board_read.naver?code=161000&nid=416823966&page=3', 'body': '', 'score': 826}, {'title': 'ㅎㅎㅎ 웃긴다.', 'date': '2026.04.06 09:50', 'views': '202', 'likes': '13', 'dislikes': '1', 'link': '/item/board_read.naver?code=161000&nid=416816883&page=4', 'body': '', 'score': 592}, {'title': '이거는 왠지 ㅅ... 다시 9000원 갈 삘이...[4]', 'date': '2026.04.06 11:06', 'views': '249', 'likes': '12', 'dislikes': '3', 'link': '/item/board_read.naver?code=161000&nid=416829092&page=3', 'body': '', 'score': 609}, {'title': '가격은 뺏기더라도 수량은 뺏기지 마세요', 'date': '2026.04.06 09:39', 'views': '63', 'likes': '11', 'dislikes': '2', 'link': '/item/board_read.naver?code=161000&nid=416814552&page=5', 'body': '', 'score': 393}, {'title': '자 개미들 다 떨궜다.', 'date': '2026.04.06 09:56', 'views': '55', 'likes': '9', 'dislikes': '3', 'link': '/item/board_read.naver?code=161000&nid=416817783&page=4', 'body': '', 'score': 325}, {'title': '이거 내가봤을땐 주포도 물렸다 ㅋㅋㅋ', 'date': '2026.04.06 11:47', 'views': '86', 'likes': '8', 'dislikes': '2', 'link': '/item/board_read.naver?code=161000&nid=416834401&page=2', 'body': '', 'score': 326}, {'title': '애경 몇년을 봐왔는데 뒷심부족!', 'date': '2026.04.06 11:31', 'views': '90', 'likes': '7', 'dislikes': '1', 'link': '/item/board_read.naver?code=161000&nid=416832511&page=2', 'body': '', 'score': 300}, {'title': '내가 주포해도 이것보다는 잘함 ㅋㅋㅋ', 'date': '2026.04.06 10:27', 'views': '46', 'likes': '7', 'dislikes': '1', 'link': '/item/board_read.naver?code=161000&nid=416823175&page=3', 'body': '', 'score': 256}, {'title': '적당히 빼먹어야지 하루에 10퍼씩 내리냐?[1]', 'date': '2026.04.06 10:24', 'views': '134', 'likes': '7', 'dislikes': '3', 'link': '/item/board_read.naver?code=161000&nid=416822705&page=3', 'body': '', 'score': 344}]",9.2 (Strategy Advisor),161000
SK이터닉스,61250,-10.19%,5.11,546,6.16%,KOSPI,55000,1.05%,박스권 만드는걸 보니 오후에 한 번 ... / 이번주 8만 돌파 예상... / 미국의 KKR이 SK이터닉스를 어떻게 키우나 ... / 이란이 쉽게 물러날것 같냐.  전쟁은 상당히 ...,Negative (54%),"돌파, 쉽게, 물러날것, 같냐, 상당히",1,"[{'title': '이번주 8만 돌파 예상...', 'date': '2026.04.06 12:54', 'views': '58', 'likes': '13', 'dislikes': '0', 'link': '/item/board_read.naver?code=475150&nid=416841887&page=4', 'body': '', 'score': 448}, {'title': '이란이 쉽게 물러날것 같냐.  전쟁은 상당히 ...', 'date': '2026.04.06 08:15', 'views': '35', 'likes': '12', 'dislikes': '1', 'link': '/item/board_read.naver?code=475150&nid=416802448&page=26', 'body': '', 'score': 395}, {'title': '박스권 만드는걸 보니 오후에 한 번 ...', 'date': '2026.04.06 11:49', 'views': '159', 'likes': '11', 'dislikes': '3', 'link': '/item/board_read.naver?code=475150&nid=416834715&page=7', 'body': '', 'score': 489}, {'title': '미국의 KKR이 SK이터닉스를 어떻게 키우나 ...', 'date': '2026.04.06 08:18', 'views': '108', 'likes': '11', 'dislikes': '0', 'link': '/item/board_read.naver?code=475150&nid=416802675&page=26', 'body': '', 'score': 438}, {'title': '李 “중동발 위기를 재생에너지 강국 향하는 기...', 'date': '2026.04.06 12:48', 'views': '81', 'likes': '10', 'dislikes': '0', 'link': '/item/board_read.naver?code=475150&nid=416841216&page=4', 'body': '', 'score': 381}, {'title': '전쟁 빨리 끝날수 있겠냐.그리고 한국은 태양광사...', 'date': '2026.04.06 08:40', 'views': '39', 'likes': '10', 'dislikes': '2', 'link': '/item/board_read.naver?code=475150&nid=416804697&page=25', 'body': '', 'score': 339}, {'title': '이정도면[1]', 'date': '2026.04.06 08:20', 'views': '88', 'likes': '10', 'dislikes': '2', 'link': '/item/board_read.naver?code=475150&nid=416802859&page=26', 'body': '', 'score': 388}, {'title': '본장에서 봅시다.', 'date': '2026.04.06 08:15', 'views': '32', 'likes': '10', 'dislikes': '4', 'link': '/item/board_read.naver?code=475150&nid=416802380&page=26', 'body': '', 'score': 332}, {'title': '일단확실한건 6만원대 지지해주고있고[1]', 'date': '2026.04.06 13:15', 'views': '84', 'likes': '9', 'dislikes': '5', 'link': '/item/board_read.naver?code=475150&nid=416844368&page=2', 'body': '', 'score': 354}, {'title': '내비둬유~~~~~💨💨💨💨', 'date': '2026.04.06 11:48', 'views': '59', 'likes': '9', 'dislikes': '1', 'link': '/item/board_read.naver?code=475150&nid=416834592&page=7', 'body': '', 'score': 329}]",9.2 (Strategy Advisor),475150
퍼스텍,7910,-13.36%,4.79,75,10.75%,KOSPI,7310,5.96%,오후엔 어차피8200에 마무리하니까[1] / 퍼스텍 지금은 말도 안되는 시총이야 / 장기투자자는 찬티안티신경안쓴다[2] / 팔사람은,Negative (69%),"후성, 오후엔, 어차피8200에, 마무리하니까, 시총이야",1,"[{'title': '오후엔 어차피8200에 마무리하니까[1]', 'date': '2026.04.06 11:56', 'views': '123', 'likes': '7', 'dislikes': '3', 'link': '/item/board_read.naver?code=010820&nid=416835472&page=1', 'body': '', 'score': 333}, {'title': '퍼스텍 지금은 말도 안되는 시총이야', 'date': '2026.04.06 09:34', 'views': '92', 'likes': '7', 'dislikes': '2', 'link': '/item/board_read.naver?code=010820&nid=416813685&page=3', 'body': '', 'score': 302}, {'title': '팔사람은', 'date': '2026.04.06 09:23', 'views': '59', 'likes': '5', 'dislikes': '0', 'link': '/item/board_read.naver?code=010820&nid=416811372&page=3', 'body': '', 'score': 209}, {'title': '장기투자자는 찬티안티신경안쓴다[2]', 'date': '2026.04.06 08:34', 'views': '90', 'likes': '5', 'dislikes': '1', 'link': '/item/board_read.naver?code=010820&nid=416804218&page=4', 'body': '', 'score': 240}, {'title': '재료 소멸?', 'date': '2026.04.06 11:27', 'views': '40', 'likes': '4', 'dislikes': '0', 'link': '/item/board_read.naver?code=010820&nid=416831964&page=2', 'body': '', 'score': 160}, {'title': 'ㅋㅋ미수물량 턴다고', 'date': '2026.04.06 11:02', 'views': '45', 'likes': '4', 'dislikes': '0', 'link': '/item/board_read.naver?code=010820&nid=416828527&page=2', 'body': '', 'score': 165}, {'title': '일부러 단일계좌 카드 쓴 느낌 ~!', 'date': '2026.04.06 10:35', 'views': '46', 'likes': '4', 'dislikes': '1', 'link': '/item/board_read.naver?code=010820&nid=416824430&page=2', 'body': '', 'score': 166}, {'title': '오늘 후성 그룹주 후성 급상승 한다.', 'date': '2026.04.06 08:27', 'views': '66', 'likes': '4', 'dislikes': '12', 'link': '/item/board_read.naver?code=010820&nid=416803508&page=4', 'body': '', 'score': 186}, {'title': '제피모건...', 'date': '2026.04.06 13:19', 'views': '42', 'likes': '3', 'dislikes': '0', 'link': '/item/board_read.naver?code=010820&nid=416844791&page=1', 'body': '', 'score': 132}, {'title': '5500백원까지 계단식 하락 주의[1]', 'date': '2026.04.06 12:57', 'views': '82', 'likes': '3', 'dislikes': '4', 'link': '/item/board_read.naver?code=010820&nid=416842279&page=1', 'body': '', 'score': 172}]",9.2 (Strategy Advisor),010820
