"Name","LastWriteTime","Length"
"trending_integrated_20260209_225705.csv","2026-03-16 ?? 2:45:57","73974"
"trending_integrated_20260115_112151.xlsx","2026-03-16 ?? 2:45:57","29740"
"trending_integrated_20260115_062119.xlsx","2026-03-16 ?? 2:45:57","28367"
"trending_integrated_20260115_061500.xlsx","2026-03-16 ?? 2:45:57","28328"
"trending_integrated_20260115_055538.xlsx","2026-03-16 ?? 2:45:57","27290"
"trending_integrated_20260115_054754.xlsx","2026-03-16 ?? 2:45:57","27295"
"trending_integrated_20260115_054332.xlsx","2026-03-16 ?? 2:45:57","27411"
"trending_integrated_20260115_053815.xlsx","2026-03-16 ?? 2:45:57","27416"
"trending_integrated_20260115_053527.xlsx","2026-03-16 ?? 2:45:57","26874"
"trending_integrated_20260115_050807.xlsx","2026-03-16 ?? 2:45:57","31082"
"trending_integrated_20260115_050334.xlsx","2026-03-16 ?? 2:45:57","30560"
"trending_integrated_20260115_050139.xlsx","2026-03-16 ?? 2:45:57","30534"
"trending_integrated_20260115_050020.xlsx","2026-03-16 ?? 2:45:57","30526"
"trending_integrated_20260115_043445.xlsx","2026-03-16 ?? 2:45:57","27300"
"trending_integrated_20260115_023438.xlsx","2026-03-16 ?? 2:45:57","29315"
"trending_integrated_20260114_105809.xlsx","2026-03-16 ?? 2:45:57","23179"
"trending_integrated_20260114_021214.xlsx","2026-03-16 ?? 2:45:57","25227"
"trending_integrated_20260113_171653.xlsx","2026-03-16 ?? 2:45:57","23944"
"trending_integrated_20260113_084055.xlsx","2026-03-16 ?? 2:45:57","26167"
"trending_integrated_20260113_081912.xlsx","2026-03-16 ?? 2:45:57","22977"
"trending_integrated_20260113_080333.xlsx","2026-03-16 ?? 2:45:57","22961"
"trending_integrated_20260113_080104.xlsx","2026-03-16 ?? 2:45:57","22917"
"trending_integrated_20260113_074901.xlsx","2026-03-16 ?? 2:45:57","22831"
"trending_integrated_20260113_073445.xlsx","2026-03-16 ?? 2:45:57","22733"
"trending_integrated_20260113_073318.xlsx","2026-03-16 ?? 2:45:57","22688"
"trending_integrated_20260113_071451.xlsx","2026-03-16 ?? 2:45:57","21844"
"trending_integrated_20260113_070345.xlsx","2026-03-16 ?? 2:45:57","21783"
"trending_integrated_20260113_052202.xlsx","2026-03-16 ?? 2:45:57","20477"
"trending_integrated_20260113_052145.xlsx","2026-03-16 ?? 2:45:57","20395"
"trending_integrated_20260113_052047.xlsx","2026-03-16 ?? 2:45:57","20382"
"trending_integrated_20260113_051956.xlsx","2026-03-16 ?? 2:45:57","20398"
"trending_integrated_20260113_050606.xlsx","2026-03-16 ?? 2:45:57","25163"
"trending_integrated_20260113_043819.xlsx","2026-03-16 ?? 2:45:57","24866"
"trending_integrated_20260113_025700.xlsx","2026-03-16 ?? 2:45:57","24660"
"trending_integrated_20260113_025243.xlsx","2026-03-16 ?? 2:45:57","24107"
"trending_integrated_20260113_024908.xlsx","2026-03-16 ?? 2:45:57","23570"
"trending_integrated_20260113_015100.xlsx","2026-03-16 ?? 2:45:57","18120"
"trending_integrated_20260112_151735.xlsx","2026-03-16 ?? 2:45:56","23554"
"trending_integrated_20260112_061401.xlsx","2026-03-16 ?? 2:45:56","22843"
"trending_integrated_20260112_060743.xlsx","2026-03-16 ?? 2:45:56","22891"
"trending_integrated_20260109_033700.xlsx","2026-03-16 ?? 2:45:56","25007"
"trending_integrated_20260108_033907.xlsx","2026-03-16 ?? 2:45:56","23670"
"trending_integrated_20260107_034015.xlsx","2026-03-16 ?? 2:45:56","22338"
"trending_integrated_20260107_002123.xlsx","2026-03-16 ?? 2:45:56","15475"
"trending_integrated_20260106_101658.xlsx","2026-03-16 ?? 2:45:56","22343"
"trending_integrated_20260106_100421.xlsx","2026-03-16 ?? 2:45:56","22321"
"trending_integrated_20260106_095938.xlsx","2026-03-16 ?? 2:45:56","22286"
"trending_integrated_20260106_094915.xlsx","2026-03-16 ?? 2:45:56","22265"
"trending_integrated_20260106_081922.xlsx","2026-03-16 ?? 2:45:56","22181"
"trending_integrated_20260106_080037.xlsx","2026-03-16 ?? 2:45:56","22106"
"trending_integrated_20260106_075827.xlsx","2026-03-16 ?? 2:45:56","22073"
"trending_integrated_20260106_062208.xlsx","2026-03-16 ?? 2:45:56","20622"
"trending_integrated_20260106_061310.xlsx","2026-03-16 ?? 2:45:56","20695"
"trending_integrated_20260106_060441.xlsx","2026-03-16 ?? 2:45:56","20589"
"trending_integrated_20260106_055350.xlsx","2026-03-16 ?? 2:45:56","20589"
"trending_integrated_20260106_055232.xlsx","2026-03-16 ?? 2:45:56","20642"
"trending_integrated_20260106_054601.xlsx","2026-03-16 ?? 2:45:56","19959"
"trending_integrated_20260106_051159.xlsx","2026-03-16 ?? 2:45:56","20485"
"trending_integrated_20260106_031327.xlsx","2026-03-16 ?? 2:45:56","23039"
"trending_integrated_20260106_011006.xlsx","2026-03-16 ?? 2:45:56","19114"
"trending_integrated_20260106_002612.xlsx","2026-03-16 ?? 2:45:56","13398"
"trending_integrated_20260105_051130.xlsx","2026-03-16 ?? 2:45:56","20789"
"trending_integrated_20260105_031043.xlsx","2026-03-16 ?? 2:45:56","20958"
"trending_integrated_20260105_011019.xlsx","2026-03-16 ?? 2:45:56","18404"
"trending_integrated_20260102_051439.xlsx","2026-03-16 ?? 2:45:56","21101"
"trending_integrated_20260102_031128.xlsx","2026-03-16 ?? 2:45:56","20426"
"trending_integrated_20260102_010541.xlsx","2026-03-16 ?? 2:45:56","13568"
"token.json","2026-03-16 ?? 2:45:56","425"
"test_write.txt","2026-03-16 ?? 2:45:56","14"
"stocks_1500.json","2026-03-16 ?? 2:45:56","109738"
"stocks_1400.json","2026-03-16 ?? 2:45:56","2"
"stocks_1300.json","2026-03-16 ?? 2:45:56","205"
"stocks_1000.json","2026-03-16 ?? 2:45:56","68804"
"status.json","2026-03-16 ?? 2:45:56","104"
"scraper_debug.log","2026-03-16 ?? 2:45:56","5762"
"reservations.json","2026-03-16 ?? 2:45:56","2"
"reports.json","2026-03-16 ?? 2:45:56","575"
"order_history.json","2026-03-16 ?? 2:45:56","1798"
"monthly_report_2026-02.xlsx","2026-03-16 ?? 2:45:56","43584"
"latest_stocks.json","2026-03-16 ?? 2:45:56","135478"
"latest_research.json","2026-03-16 ?? 2:45:56","33743"
"gemini_portfolio.json","2026-03-16 ?? 2:45:56","105"
"analysis_5days.json","2026-03-16 ?? 2:45:56","12730"
"analysis_3days.json","2026-03-16 ?? 2:45:56","12475"
"all_stocks.json","2026-03-16 ?? 2:45:56","135478"
"history","2025-12-12 ?? 12:13:11",
